{"subclass_list": ["ClosedByInterruptException", "ClosedByInterruptException"], "interface_list": [""], "Vars": null, "class_inherit_list": ["ClosedChannelException"], "package_name": "java.nio.channels", "class_key": null, "Methods": [{"method_description": "Constructs an instance of this class.\n\n", "method_name": "init", "is_static": false, "params": [], "class_name": "AsynchronousCloseException", "return_value": {"return_description": [], "return_name": "", "return_type": []}}], "class_description": "Checked exception received by a thread when another thread closes the\n channel or the part of the channel upon which it is blocked in an I/O\n operation. ", "class_name": "AsynchronousCloseException"}