{"subclass_list": ["DatagramChannel", "FileChannel", "SeekableByteChannel", "SocketChannel", "DatagramChannel", "FileChannel", "SeekableByteChannel", "SocketChannel"], "interface_list": ["ReadableByteChannel", "WritableByteChannel"], "Vars": null, "class_inherit_list": [], "package_name": "java.nio.channels", "class_key": null, "Methods": [], "class_description": "A channel that can read and write bytes.  This interface simply unifies\n ReadableByteChannel and WritableByteChannel; it does not\n specify any new operations. ", "class_name": "ByteChannel"}