{"subclass_list": ["AbstractInterruptibleChannel", "AbstractSelectableChannel", "AsynchronousByteChannel", "AsynchronousChannel", "AsynchronousFileChannel", "AsynchronousServerSocketChannel", "AsynchronousSocketChannel", "ByteChannel", "Channel", "DatagramChannel", "FileChannel", "GatheringByteChannel", "InterruptibleChannel", "MulticastChannel", "NetworkChannel", "AbstractInterruptibleChannel", "AbstractSelectableChannel", "AsynchronousByteChannel", "AsynchronousChannel", "AsynchronousFileChannel", "AsynchronousServerSocketChannel", "AsynchronousSocketChannel", "ByteChannel", "Channel", "DatagramChannel", "FileChannel", "GatheringByteChannel", "InterruptibleChannel", "MulticastChannel", "NetworkChannel", "Pipe.SinkChannel", "Pipe", "Pipe.SourceChannel", "Pipe", "ReadableByteChannel", "ScatteringByteChannel", "SeekableByteChannel", "SelectableChannel", "Selector", "SensorDirectChannel", "ServerSocketChannel", "SocketChannel", "WritableByteChannel"], "interface_list": ["Closeable"], "Vars": null, "class_inherit_list": [], "package_name": "java.nio.channels", "class_key": null, "Methods": [], "class_description": "A nexus for I/O operations. A channel represents an open connection to an entity such as a hardware\n device, a file, a network socket, or a program component that is capable of\n performing one or more distinct I/O operations, for example reading or\n writing. A channel is either open or closed.  A channel is open upon creation,\n and once closed it remains closed.  Once a channel is closed, any attempt to\n invoke an I/O operation upon it will cause a ClosedChannelException\n to be thrown.  Whether or not a channel is open may be tested by invoking\n its isOpen method. Channels are, in general, intended to be safe for multithreaded access\n as described in the specifications of the interfaces and classes that extend\n and implement this interface. ", "class_name": "Channel"}