{"subclass_list": ["AsynchronousCloseException", "AsynchronousCloseException"], "interface_list": [""], "Vars": null, "class_inherit_list": ["IOException"], "package_name": "java.nio.channels", "class_key": null, "Methods": [{"method_description": "Constructs an instance of this class.\n\n", "method_name": "init", "is_static": false, "params": [], "class_name": "ClosedChannelException", "return_value": {"return_description": [], "return_name": "", "return_type": []}}], "class_description": "Checked exception thrown when an attempt is made to invoke or complete an\n I/O operation upon channel that is closed, or at least closed to that\n operation.  That this exception is thrown does not necessarily imply that\n the channel is completely closed.  A socket channel whose write half has\n been shut down, for example, may still be open for reading. ", "class_name": "ClosedChannelException"}