{"subclass_list": [], "interface_list": [""], "Vars": null, "class_inherit_list": ["AsynchronousCloseException"], "package_name": "java.nio.channels", "class_key": null, "Methods": [{"method_description": "Constructs an instance of this class.\n\n", "method_name": "init", "is_static": false, "params": [], "class_name": "ClosedByInterruptException", "return_value": {"return_description": [], "return_name": "", "return_type": []}}], "class_description": "Checked exception received by a thread when another thread interrupts it\n while it is blocked in an I/O operation upon a channel.  Before this\n exception is thrown the channel will have been closed and the interrupt\n status of the previously-blocked thread will have been set. ", "class_name": "ClosedByInterruptException"}