{"subclass_list": [], "interface_list": [""], "Vars": null, "class_inherit_list": [], "package_name": "java.nio.channels", "class_key": null, "Methods": [], "class_description": "A handler for consuming the result of an asynchronous I/O operation. The asynchronous channels defined in this package allow a completion\n handler to be specified to consume the result of an asynchronous operation.\n The completed method is invoked when the I/O operation\n completes successfully. The failed method is invoked if the\n I/O operations fails. The implementations of these methods should complete\n in a timely manner so as to avoid keeping the invoking thread from dispatching\n to other completion handlers. ", "class_name": "CompletionHandler"}