{"subclass_list": [], "interface_list": [""], "Vars": null, "class_inherit_list": ["IOException"], "package_name": "java.nio.channels", "class_key": null, "Methods": [{"method_description": "Constructs an instance of this class.\n\n", "method_name": "init", "is_static": false, "params": [], "class_name": "FileLockInterruptionException", "return_value": {"return_description": [], "return_name": "", "return_type": []}}], "class_description": "Checked exception received by a thread when another thread interrupts it\n while it is waiting to acquire a file lock.  Before this exception is thrown\n the interrupt status of the previously-blocked thread will have been set. ", "class_name": "FileLockInterruptionException"}