{"subclass_list": ["DatagramChannel", "FileChannel", "Pipe.SinkChannel", "SocketChannel", "DatagramChannel", "FileChannel", "Pipe.SinkChannel", "Pipe", "SocketChannel"], "interface_list": ["WritableByteChannel"], "Vars": null, "class_inherit_list": [], "package_name": "java.nio.channels", "class_key": null, "Methods": [], "class_description": "A channel that can write bytes from a sequence of buffers. A gathering write operation writes, in a single invocation, a\n sequence of bytes from one or more of a given sequence of buffers.\n Gathering writes are often useful when implementing network protocols or\n file formats that, for example, group data into segments consisting of one\n or more fixed-length headers followed by a variable-length body.  Similar\n scattering read operations are defined in the ScatteringByteChannel interface. ", "class_name": "GatheringByteChannel"}