{"subclass_list": [], "interface_list": [""], "Vars": null, "class_inherit_list": ["IOException"], "package_name": "java.nio.channels", "class_key": null, "Methods": [{"method_description": "Constructs an instance of this class.\n\n", "method_name": "init", "is_static": false, "params": [], "class_name": "InterruptedByTimeoutException", "return_value": {"return_description": [], "return_name": "", "return_type": []}}], "class_description": "Checked exception received by a thread when a timeout elapses before an\n asynchronous operation completes. ", "class_name": "InterruptedByTimeoutException"}