{"subclass_list": ["DatagramChannel", "DatagramChannel"], "interface_list": ["NetworkChannel"], "Vars": null, "class_inherit_list": [], "package_name": "java.nio.channels", "class_key": null, "Methods": [], "class_description": "A network channel that supports Internet Protocol (IP) multicasting. IP multicasting is the transmission of IP datagrams to members of\n a group that is zero or more hosts identified by a single destination\n address. In the case of a channel to an IPv4 socket,\n the underlying operating system supports \nRFC\u00a02236: Internet Group Management Protocol, Version 2 (IGMPv2).\n It may optionally support source filtering as specified by  RFC\u00a03376: Internet Group\n Management Protocol, Version 3 (IGMPv3).\n For channels to an IPv6 socket, the equivalent\n standards are  RFC\u00a02710:\n Multicast Listener Discovery (MLD) for IPv6 and  RFC\u00a03810: Multicast Listener\n Discovery Version 2 (MLDv2) for IPv6. The join(InetAddress, NetworkInterface) method is used to\n join a group and receive all multicast datagrams sent to the group. A channel\n may join several multicast groups and may join the same group on several\n interfaces. Membership is dropped by invoking the drop method on the returned MembershipKey. If the\n underlying platform supports source filtering then the block and unblock methods can be used to block or\n unblock multicast datagrams from particular source addresses. The join(InetAddress, NetworkInterface, InetAddress) method\n is used to begin receiving datagrams sent to a group whose source address matches\n a given source address. This method throws UnsupportedOperationException\n if the underlying platform does not support source filtering.  Membership is\n cumulative and this method may be invoked again with the same group\n and interface to allow receiving datagrams from other source addresses. The\n method returns a MembershipKey that represents membership to receive\n datagrams from the given source address. Invoking the key's drop method drops membership so that datagrams from the\n source address can no longer be received. ", "class_name": "MulticastChannel"}