{"subclass_list": ["AsynchronousServerSocketChannel", "AsynchronousSocketChannel", "DatagramChannel", "MulticastChannel", "ServerSocketChannel", "SocketChannel", "AsynchronousServerSocketChannel", "AsynchronousSocketChannel", "DatagramChannel", "MulticastChannel", "ServerSocketChannel", "SocketChannel"], "interface_list": ["Channel"], "Vars": null, "class_inherit_list": [], "package_name": "java.nio.channels", "class_key": null, "Methods": [], "class_description": "A channel to a network socket. A channel that implements this interface is a channel to a network\n socket. The bind method is used to bind the\n socket to a local address, the getLocalAddress method returns the address that the socket is bound to, and\n the setOption and getOption methods are used to set and query socket\n options.  An implementation of this interface should specify the socket options\n that it supports. The bind and setOption methods that do\n not otherwise have a value to return are specified to return the network\n channel upon which they are invoked. This allows method invocations to be\n chained. Implementations of this interface should specialize the return type\n so that method invocations on the implementation class can be chained. ", "class_name": "NetworkChannel"}