{"subclass_list": [], "interface_list": [""], "Vars": null, "class_inherit_list": ["IllegalStateException"], "package_name": "java.nio.channels", "class_key": null, "Methods": [{"method_description": "Constructs an instance of this class.\n\n", "method_name": "init", "is_static": false, "params": [], "class_name": "NoConnectionPendingException", "return_value": {"return_description": [], "return_name": "", "return_type": []}}], "class_description": "Unchecked exception thrown when the finishConnect method of a SocketChannel is invoked without first\n successfully invoking its connect method. ", "class_name": "NoConnectionPendingException"}