{"subclass_list": [], "interface_list": [""], "Vars": null, "class_inherit_list": ["IllegalStateException"], "package_name": "java.nio.channels", "class_key": null, "Methods": [{"method_description": "Constructs an instance of this class.\n\n", "method_name": "init", "is_static": false, "params": [], "class_name": "OverlappingFileLockException", "return_value": {"return_description": [], "return_name": "", "return_type": []}}], "class_description": "Unchecked exception thrown when an attempt is made to acquire a lock on a\n region of a file that overlaps a region already locked by the same Java\n virtual machine, or when another thread is already waiting to lock an\n overlapping region of the same file. ", "class_name": "OverlappingFileLockException"}