{"subclass_list": ["ByteChannel", "DatagramChannel", "FileChannel", "Pipe.SourceChannel", "ScatteringByteChannel", "SeekableByteChannel", "SocketChannel", "ByteChannel", "DatagramChannel", "FileChannel", "Pipe.SourceChannel", "Pipe", "ScatteringByteChannel", "SeekableByteChannel", "SocketChannel"], "interface_list": ["Channel"], "Vars": null, "class_inherit_list": [], "package_name": "java.nio.channels", "class_key": null, "Methods": [], "class_description": "A channel that can read bytes. Only one read operation upon a readable channel may be in progress at\n any given time.  If one thread initiates a read operation upon a channel\n then any other thread that attempts to initiate another read operation will\n block until the first operation is complete.  Whether or not other kinds of\n I/O operations may proceed concurrently with a read operation depends upon\n the type of the channel. ", "class_name": "ReadableByteChannel"}