{"subclass_list": ["DatagramChannel", "FileChannel", "Pipe.SourceChannel", "SocketChannel", "DatagramChannel", "FileChannel", "Pipe.SourceChannel", "Pipe", "SocketChannel"], "interface_list": ["ReadableByteChannel"], "Vars": null, "class_inherit_list": [], "package_name": "java.nio.channels", "class_key": null, "Methods": [], "class_description": "A channel that can read bytes into a sequence of buffers. A scattering read operation reads, in a single invocation, a\n sequence of bytes into one or more of a given sequence of buffers.\n Scattering reads are often useful when implementing network protocols or\n file formats that, for example, group data into segments consisting of one\n or more fixed-length headers followed by a variable-length body.  Similar\n gathering write operations are defined in the GatheringByteChannel interface. ", "class_name": "ScatteringByteChannel"}