{"subclass_list": [], "interface_list": ["NetworkChannel"], "Vars": null, "class_inherit_list": ["AbstractSelectableChannel"], "package_name": "java.nio.channels", "class_key": null, "Methods": [], "class_description": "A selectable channel for stream-oriented listening sockets. A server-socket channel is created by invoking the open\n method of this class.  It is not possible to create a channel for an arbitrary,\n pre-existing ServerSocket. A newly-created server-socket channel is\n open but not yet bound.  An attempt to invoke the accept\n method of an unbound server-socket channel will cause a NotYetBoundException\n to be thrown. A server-socket channel can be bound by invoking one of the\n bind methods defined by this class. Socket options are configured using the setOption method. Server-socket channels support the following options: Server-socket channels are safe for use by multiple concurrent threads. ", "class_name": "ServerSocketChannel"}