{"subclass_list": [], "interface_list": [""], "Vars": null, "class_inherit_list": ["IllegalStateException"], "package_name": "java.nio.channels", "class_key": null, "Methods": [{"method_description": "Constructs an instance of this class.\n\n", "method_name": "init", "is_static": false, "params": [], "class_name": "ShutdownChannelGroupException", "return_value": {"return_description": [], "return_name": "", "return_type": []}}], "class_description": "Unchecked exception thrown when an attempt is made to construct a channel in \n a group that is shutdown or the completion handler for an I/O operation \n cannot be invoked because the channel group has terminated. ", "class_name": "ShutdownChannelGroupException"}