{"subclass_list": [], "interface_list": [""], "Vars": null, "class_inherit_list": ["IllegalArgumentException"], "package_name": "java.nio.channels", "class_key": null, "Methods": [{"method_description": "Constructs an instance of this class.\n\n", "method_name": "init", "is_static": false, "params": [], "class_name": "UnsupportedAddressTypeException", "return_value": {"return_description": [], "return_name": "", "return_type": []}}], "class_description": "Unchecked exception thrown when an attempt is made to bind or connect\n to a socket address of a type that is not supported. ", "class_name": "UnsupportedAddressTypeException"}