{"subclass_list": ["ByteChannel", "DatagramChannel", "FileChannel", "GatheringByteChannel", "Pipe.SinkChannel", "SeekableByteChannel", "SocketChannel", "ByteChannel", "DatagramChannel", "FileChannel", "GatheringByteChannel", "Pipe.SinkChannel", "Pipe", "SeekableByteChannel", "SocketChannel"], "interface_list": ["Channel"], "Vars": null, "class_inherit_list": [], "package_name": "java.nio.channels", "class_key": null, "Methods": [], "class_description": "A channel that can write bytes. Only one write operation upon a writable channel may be in progress at\n any given time.  If one thread initiates a write operation upon a channel\n then any other thread that attempts to initiate another write operation will\n block until the first operation is complete.  Whether or not other kinds of\n I/O operations may proceed concurrently with a write operation depends upon\n the type of the channel. ", "class_name": "WritableByteChannel"}