{"subclass_list": [], "interface_list": [""], "Vars": null, "class_inherit_list": ["SecurityException"], "package_name": "java.security", "class_key": null, "Methods": [{"method_description": "Constructs an AccessControlException with the\n specified, detailed message.\n", "method_name": "init", "is_static": false, "params": [{"param_type": "String", "param_name": ["s"], "param_description": " the detail message.\n"}], "class_name": "AccessControlException", "return_value": {"return_description": [], "return_name": "", "return_type": []}}, {"method_description": "Constructs an AccessControlException with the\n specified, detailed message, and the requested permission that caused\n the exception.\n", "method_name": "init", "is_static": false, "params": [{"param_type": "String", "param_name": ["s"], "param_description": " the detail message."}, {"param_type": "Permission", "param_name": ["p"], "param_description": " the permission that caused the exception.\n"}], "class_name": "AccessControlException", "return_value": {"return_description": [], "return_name": "", "return_type": []}}, {"method_description": "Gets the Permission object associated with this exception, or\n null if there was no corresponding Permission object.\n", "method_name": "getPermission", "is_static": false, "params": [], "class_name": "AccessControlException", "return_value": {"return_description": ["the Permission object."], "return_name": [], "return_type": ["Permission"]}}], "class_description": " This exception is thrown by the AccessController to indicate\n that a requested access (to a critical system resource such as the\n file system or the network) is denied. The reason to deny access can vary.  For example, the requested\n permission might be of an incorrect type,  contain an invalid\n value, or request access that is not allowed according to the\n security policy.  Such information should be given whenever\n possible at the time the exception is thrown. ", "class_name": "AccessControlException"}