{"subclass_list": [], "interface_list": [""], "Vars": null, "class_inherit_list": ["Object"], "package_name": "java.security", "class_key": null, "Methods": [{"method_description": "\n", "method_name": "init", "is_static": false, "params": [{"param_type": "ProtectionDomain[]", "param_name": ["context"], "param_description": "\nProtectionDomain "}], "class_name": "AccessControlContext", "return_value": {"return_description": [], "return_name": "", "return_type": []}}, {"method_description": "\n", "method_name": "init", "is_static": false, "params": [{"param_type": "AccessControlContext", "param_name": ["acc"], "param_description": "\nAccessControlContext "}, {"param_type": "DomainCombiner", "param_name": ["combiner"], "param_description": "\nDomainCombiner "}], "class_name": "AccessControlContext", "return_value": {"return_description": [], "return_name": "", "return_type": []}}, {"method_description": "\n", "method_name": "checkPermission", "is_static": false, "params": [{"param_type": "Permission", "param_name": ["perm"], "param_description": "\nPermission "}], "class_name": "AccessControlContext", "return_value": {"return_description": [""], "return_name": [], "return_type": []}}, {"method_description": "\n", "method_name": "getDomainCombiner", "is_static": false, "params": [], "class_name": "AccessControlContext", "return_value": {"return_description": [""], "return_name": [], "return_type": ["DomainCombiner"]}}], "class_description": "Legacy security code; do not use. ", "class_name": "AccessControlContext"}