{"subclass_list": [], "interface_list": [""], "Vars": null, "class_inherit_list": ["Object"], "package_name": "java.security", "class_key": null, "Methods": [{"method_description": "\n", "method_name": "init", "is_static": false, "params": [], "class_name": "AlgorithmParametersSpi", "return_value": {"return_description": [], "return_name": "", "return_type": []}}], "class_description": "This class defines the Service Provider Interface (SPI)\n for the AlgorithmParameters class, which is used to manage\n algorithm parameters. All the abstract methods in this class must be implemented by each\n cryptographic service provider who wishes to supply parameter management\n for a particular algorithm. ", "class_name": "AlgorithmParametersSpi"}