{"subclass_list": [], "interface_list": [""], "Vars": null, "class_inherit_list": ["Object"], "package_name": "java.security", "class_key": null, "Methods": [], "class_description": "The AlgorithmParameterGenerator class is used to generate a\n set of\n parameters to be used with a certain algorithm. Parameter generators\n are constructed using the getInstance factory methods\n (static methods that return instances of a given class). The object that will generate the parameters can be initialized\n in two different ways: in an algorithm-independent manner, or in an\n algorithm-specific manner: In case the client does not explicitly initialize the\n AlgorithmParameterGenerator\n (via a call to an init method), each provider must supply (and\n document) a default initialization. For example, the Sun provider uses a\n default modulus prime size of 1024 bits for the generation of DSA\n parameters. Android provides the following AlgorithmParameterGenerator algorithms: ", "class_name": "AlgorithmParameterGenerator"}