{"subclass_list": [], "interface_list": [""], "Vars": null, "class_inherit_list": [], "package_name": "java.security", "class_key": null, "Methods": [], "class_description": "This interface specifies constraints for cryptographic algorithms,\n keys (key sizes), and other algorithm parameters. AlgorithmConstraints objects are immutable.  An implementation\n of this interface should not provide methods that can change the state\n of an instance once it has been created. Note that AlgorithmConstraints can be used to represent the\n restrictions described by the security properties\n jdk.certpath.disabledAlgorithms and\n jdk.tls.disabledAlgorithms, or could be used by a\n concrete PKIXCertPathChecker to check whether a specified\n certificate in the certification path contains the required algorithm\n constraints. ", "class_name": "AlgorithmConstraints"}