{"subclass_list": [], "interface_list": [""], "Vars": null, "class_inherit_list": ["Object"], "package_name": "java.security", "class_key": null, "Methods": [{"method_description": "\n", "method_name": "init", "is_static": false, "params": [], "class_name": "AlgorithmParameterGeneratorSpi", "return_value": {"return_description": [], "return_name": "", "return_type": []}}], "class_description": "This class defines the Service Provider Interface (SPI)\n for the AlgorithmParameterGenerator class, which\n is used to generate a set of parameters to be used with a certain algorithm. All the abstract methods in this class must be implemented by each\n cryptographic service provider who wishes to supply the implementation\n of a parameter generator for a particular algorithm. In case the client does not explicitly initialize the\n AlgorithmParameterGenerator (via a call to an engineInit\n method), each provider must supply (and document) a default initialization.\n For example, the Sun provider uses a default modulus prime size of 1024\n bits for the generation of DSA parameters. ", "class_name": "AlgorithmParameterGeneratorSpi"}