{"subclass_list": [], "interface_list": [""], "Vars": null, "class_inherit_list": ["Object"], "package_name": "java.security", "class_key": null, "Methods": [], "class_description": "This class is used as an opaque representation of cryptographic parameters. An AlgorithmParameters object for managing the parameters\n for a particular algorithm can be obtained by\n calling one of the getInstance factory methods\n (static methods that return instances of a given class). Once an AlgorithmParameters object is obtained, it must be\n initialized via a call to init, using an appropriate parameter\n specification or parameter encoding. A transparent parameter specification is obtained from an\n AlgorithmParameters object via a call to\n getParameterSpec, and a byte encoding of the parameters is\n obtained via a call to getEncoded. Android provides the following AlgorithmParameters algorithms: ", "class_name": "AlgorithmParameters"}