{"subclass_list": [], "interface_list": [""], "Vars": null, "class_inherit_list": ["PropertyChangeEvent"], "package_name": "java.beans", "class_key": null, "Methods": [{"method_description": "Constructs a new IndexedPropertyChangeEvent object.\n", "method_name": "init", "is_static": false, "params": [{"param_type": "Object", "param_name": ["source"], "param_description": " The bean that fired the event."}, {"param_type": "String", "param_name": ["propertyName"], "param_description": " The programmatic name of the property that\n             was changed."}, {"param_type": "Object", "param_name": ["oldValue"], "param_description": " The old value of the property."}, {"param_type": "Object", "param_name": ["newValue"], "param_description": " The new value of the property."}, {"param_type": "int", "param_name": ["index"], "param_description": " index of the property element that was changed.\n"}], "class_name": "IndexedPropertyChangeEvent", "return_value": {"return_description": [], "return_name": "", "return_type": []}}, {"method_description": "Gets the index of the property that was changed.\n", "method_name": "getIndex", "is_static": false, "params": [], "class_name": "IndexedPropertyChangeEvent", "return_value": {"return_description": ["The index specifying the property element that was\n         changed."], "return_name": [], "return_type": ["int"]}}], "class_description": "An \"IndexedPropertyChange\" event gets delivered whenever a component that\n conforms to the JavaBeans\u2122 specification (a \"bean\") changes a bound\n indexed property. This class is an extension of PropertyChangeEvent\n but contains the index of the property that has changed. Null values may be provided for the old and the new values if their\n true values are not known. An event source may send a null object as the name to indicate that an\n arbitrary set of if its properties have changed.  In this case the\n old and new values should also be null. ", "class_name": "IndexedPropertyChangeEvent"}