{"subclass_list": ["IndexedPropertyChangeEvent", "IndexedPropertyChangeEvent"], "interface_list": [""], "Vars": null, "class_inherit_list": ["EventObject"], "package_name": "java.beans", "class_key": null, "Methods": [{"method_description": "Constructs a new PropertyChangeEvent.\n", "method_name": "init", "is_static": false, "params": [{"param_type": "Object", "param_name": ["source"], "param_description": " the bean that fired the event"}, {"param_type": "String", "param_name": ["propertyName"], "param_description": " the programmatic name of the property that was changed"}, {"param_type": "Object", "param_name": ["oldValue"], "param_description": " the old value of the property"}, {"param_type": "Object", "param_name": ["newValue"], "param_description": " the new value of the property"}], "class_name": "PropertyChangeEvent", "return_value": {"return_description": [], "return_name": "", "return_type": []}}, {"method_description": "Gets the new value for the property, expressed as an Object.\n", "method_name": "getNewValue", "is_static": false, "params": [], "class_name": "PropertyChangeEvent", "return_value": {"return_description": ["The new value for the property, expressed as an Object.\n          May be null if multiple properties have changed."], "return_name": [], "return_type": ["Object"]}}, {"method_description": "Gets the old value for the property, expressed as an Object.\n", "method_name": "getOldValue", "is_static": false, "params": [], "class_name": "PropertyChangeEvent", "return_value": {"return_description": ["The old value for the property, expressed as an Object.\n          May be null if multiple properties have changed."], "return_name": [], "return_type": ["Object"]}}, {"method_description": "The \"propagationId\" field is reserved for future use.  In Beans 1.0\n the sole requirement is that if a listener catches a PropertyChangeEvent\n and then fires a PropertyChangeEvent of its own, then it should\n make sure that it propagates the propagationId field from its\n incoming event to its outgoing event.\n", "method_name": "getPropagationId", "is_static": false, "params": [], "class_name": "PropertyChangeEvent", "return_value": {"return_description": ["the propagationId object associated with a bound/constrained\n          property update."], "return_name": [], "return_type": ["Object"]}}, {"method_description": "Gets the programmatic name of the property that was changed.\n", "method_name": "getPropertyName", "is_static": false, "params": [], "class_name": "PropertyChangeEvent", "return_value": {"return_description": ["The programmatic name of the property that was changed.\n          May be null if multiple properties have changed."], "return_name": [], "return_type": ["String"]}}, {"method_description": "Sets the propagationId object for the event.\n", "method_name": "setPropagationId", "is_static": false, "params": [{"param_type": "Object", "param_name": ["propagationId"], "param_description": " The propagationId object for the event.\n"}], "class_name": "PropertyChangeEvent", "return_value": {"return_description": [""], "return_name": [], "return_type": []}}, {"method_description": "Returns a string representation of the object.\n", "method_name": "toString", "is_static": false, "params": [], "class_name": "PropertyChangeEvent", "return_value": {"return_description": ["a string representation of the object"], "return_name": [], "return_type": ["String"]}}], "class_description": "A \"PropertyChange\" event gets delivered whenever a bean changes a \"bound\"\n or \"constrained\" property.  A PropertyChangeEvent object is sent as an\n argument to the PropertyChangeListener and VetoableChangeListener methods. Normally PropertyChangeEvents are accompanied by the name and the old\n and new value of the changed property.  If the new value is a primitive\n type (such as int or boolean) it must be wrapped as the\n corresponding java.lang.* Object type (such as Integer or Boolean). Null values may be provided for the old and the new values if their\n true values are not known. An event source may send a null object as the name to indicate that an\n arbitrary set of if its properties have changed.  In this case the\n old and new values should also be null. ", "class_name": "PropertyChangeEvent"}