{"subclass_list": [], "interface_list": [""], "Vars": null, "class_inherit_list": ["FileSystemException"], "package_name": "java.nio.file", "class_key": null, "Methods": [{"method_description": "Constructs an instance of this class.\n", "method_name": "init", "is_static": false, "params": [{"param_type": "String", "param_name": ["source"], "param_description": " a string identifying the source file or null if not known"}, {"param_type": "String", "param_name": ["target"], "param_description": " a string identifying the target file or null if not known"}, {"param_type": "String", "param_name": ["reason"], "param_description": " a reason message with additional information\n"}], "class_name": "AtomicMoveNotSupportedException", "return_value": {"return_description": [], "return_name": "", "return_type": []}}], "class_description": "Checked exception thrown when a file cannot be moved as an atomic file system\n operation. ", "class_name": "AtomicMoveNotSupportedException"}