{"subclass_list": ["LinkOption", "StandardCopyOption", "LinkOption", "StandardCopyOption"], "interface_list": [""], "Vars": null, "class_inherit_list": [], "package_name": "java.nio.file", "class_key": null, "Methods": [], "class_description": "An object that configures how to copy or move a file. Objects of this type may be used with the Files.copy(Path,Path,CopyOption...),\n Files.copy(InputStream,Path,CopyOption...) and Files.move(Path,Path,CopyOption...) methods to configure how a file is\n copied or moved. The StandardCopyOption enumeration type defines the\n standard options. ", "class_name": "CopyOption"}