{"subclass_list": [], "interface_list": [""], "Vars": null, "class_inherit_list": ["ConcurrentModificationException"], "package_name": "java.nio.file", "class_key": null, "Methods": [{"method_description": "Constructs an instance of this class.\n", "method_name": "init", "is_static": false, "params": [{"param_type": "IOException", "param_name": ["cause"], "param_description": " the IOException that caused the directory iteration\n          to fail"}], "class_name": "DirectoryIteratorException", "return_value": {"return_description": [], "return_name": "", "return_type": []}}, {"method_description": "Returns the cause of this exception.\n", "method_name": "getCause", "is_static": false, "params": [], "class_name": "DirectoryIteratorException", "return_value": {"return_description": ["the cause"], "return_name": [], "return_type": ["IOException"]}}], "class_description": "Runtime exception thrown if an I/O error is encountered when iterating over\n the entries in a directory. The I/O error is retrieved as an IOException using the getCause() method. ", "class_name": "DirectoryIteratorException"}