{"subclass_list": [], "interface_list": [""], "Vars": null, "class_inherit_list": [], "package_name": "java.nio.file", "class_key": null, "Methods": [], "class_description": "An interface that is implemented by objects that decide if a directory\n entry should be accepted or filtered. A Filter is passed as the\n parameter to the Files.newDirectoryStream(Path, DirectoryStream.Filter)\n method when opening a directory to iterate over the entries in the\n directory. ", "class_name": "DirectoryStream.Filter"}