{"subclass_list": [], "interface_list": [""], "Vars": null, "class_inherit_list": ["Object"], "package_name": "java.nio.file", "class_key": null, "Methods": [], "class_description": "Storage for files. A FileStore represents a storage pool, device,\n partition, volume, concrete file system or other implementation specific means\n of file storage. The FileStore for where a file is stored is obtained\n by invoking the getFileStore method, or all file\n stores can be enumerated by invoking the getFileStores method. In addition to the methods defined by this class, a file store may support\n one or more FileStoreAttributeView classes\n that provide a read-only or updatable view of a set of file store attributes. ", "class_name": "FileStore"}