{"subclass_list": ["AccessDeniedException", "AtomicMoveNotSupportedException", "DirectoryNotEmptyException", "FileAlreadyExistsException", "FileSystemLoopException", "NoSuchFileException", "NotDirectoryException", "NotLinkException", "AccessDeniedException", "AtomicMoveNotSupportedException", "DirectoryNotEmptyException", "FileAlreadyExistsException", "FileSystemLoopException", "NoSuchFileException", "NotDirectoryException", "NotLinkException"], "interface_list": [""], "Vars": null, "class_inherit_list": ["IOException"], "package_name": "java.nio.file", "class_key": null, "Methods": [{"method_description": "Constructs an instance of this class. This constructor should be used\n when an operation involving one file fails and there isn't any additional\n information to explain the reason.\n", "method_name": "init", "is_static": false, "params": [{"param_type": "String", "param_name": ["file"], "param_description": " a string identifying the file or null if not known.\n"}], "class_name": "FileSystemException", "return_value": {"return_description": [], "return_name": "", "return_type": []}}, {"method_description": "Constructs an instance of this class. This constructor should be used\n when an operation involving two files fails, or there is additional\n information to explain the reason.\n", "method_name": "init", "is_static": false, "params": [{"param_type": "String", "param_name": ["file"], "param_description": " a string identifying the file or null if not known."}, {"param_type": "String", "param_name": ["other"], "param_description": " a string identifying the other file or null if there\n          isn't another file or if not known"}, {"param_type": "String", "param_name": ["reason"], "param_description": " a reason message with additional information or null\n"}], "class_name": "FileSystemException", "return_value": {"return_description": [], "return_name": "", "return_type": []}}, {"method_description": "Returns the file used to create this exception.\n", "method_name": "getFile", "is_static": false, "params": [], "class_name": "FileSystemException", "return_value": {"return_description": ["the file (can be null)"], "return_name": [], "return_type": ["String"]}}, {"method_description": "Returns the detail message string.\n\n", "method_name": "getMessage", "is_static": false, "params": [], "class_name": "FileSystemException", "return_value": {"return_description": ["the detail message string of this Throwable instance\n          (which may be null)."], "return_name": [], "return_type": ["String"]}}, {"method_description": "Returns the other file used to create this exception.\n", "method_name": "getOtherFile", "is_static": false, "params": [], "class_name": "FileSystemException", "return_value": {"return_description": ["the other file (can be null)"], "return_name": [], "return_type": ["String"]}}, {"method_description": "Returns the string explaining why the file system operation failed.\n", "method_name": "getReason", "is_static": false, "params": [], "class_name": "FileSystemException", "return_value": {"return_description": ["the string explaining why the file system operation failed"], "return_name": [], "return_type": ["String"]}}], "class_description": "Thrown when a file system operation fails on one or two files. This class is\n the general class for file system exceptions. ", "class_name": "FileSystemException"}