{"subclass_list": [], "interface_list": [""], "Vars": null, "class_inherit_list": ["RuntimeException"], "package_name": "java.nio.file", "class_key": null, "Methods": [{"method_description": "Constructs an instance of this class.\n\n", "method_name": "init", "is_static": false, "params": [], "class_name": "FileSystemAlreadyExistsException", "return_value": {"return_description": [], "return_name": "", "return_type": []}}, {"method_description": "Constructs an instance of this class.\n", "method_name": "init", "is_static": false, "params": [{"param_type": "String", "param_name": ["msg"], "param_description": " the detail message\n"}], "class_name": "FileSystemAlreadyExistsException", "return_value": {"return_description": [], "return_name": "", "return_type": []}}], "class_description": "Runtime exception thrown when an attempt is made to create a file system that\n already exists. ", "class_name": "FileSystemAlreadyExistsException"}