{"subclass_list": [], "interface_list": [""], "Vars": null, "class_inherit_list": ["IllegalArgumentException"], "package_name": "java.nio.file", "class_key": null, "Methods": [{"method_description": "Constructs an instance from the given input string, reason, and error\n index.\n", "method_name": "init", "is_static": false, "params": [{"param_type": "String", "param_name": ["input"], "param_description": " the input string"}, {"param_type": "String", "param_name": ["reason"], "param_description": " a string explaining why the input was rejected"}, {"param_type": "int", "param_name": ["index"], "param_description": " the index at which the error occurred,\n                 or -1 if the index is not known"}], "class_name": "InvalidPathException", "return_value": {"return_description": [], "return_name": "", "return_type": []}}, {"method_description": "Constructs an instance from the given input string and reason.  The\n resulting object will have an error index of -1.\n", "method_name": "init", "is_static": false, "params": [{"param_type": "String", "param_name": ["input"], "param_description": " the input string"}, {"param_type": "String", "param_name": ["reason"], "param_description": " a string explaining why the input was rejected"}], "class_name": "InvalidPathException", "return_value": {"return_description": [], "return_name": "", "return_type": []}}, {"method_description": "Returns an index into the input string of the position at which the\n error occurred, or -1 if this position is not known.\n", "method_name": "getIndex", "is_static": false, "params": [], "class_name": "InvalidPathException", "return_value": {"return_description": ["the error index"], "return_name": [], "return_type": ["int"]}}, {"method_description": "Returns the input string.\n", "method_name": "getInput", "is_static": false, "params": [], "class_name": "InvalidPathException", "return_value": {"return_description": ["the input string"], "return_name": [], "return_type": ["String"]}}, {"method_description": "Returns a string describing the error.  The resulting string\n consists of the reason string followed by a colon character\n (':'), a space, and the input string.  If the error index is\n defined then the string \" at index \" followed by the index, in\n decimal, is inserted after the reason string and before the colon\n character.\n", "method_name": "getMessage", "is_static": false, "params": [], "class_name": "InvalidPathException", "return_value": {"return_description": ["a string describing the error"], "return_name": [], "return_type": ["String"]}}, {"method_description": "Returns a string explaining why the input string was rejected.\n", "method_name": "getReason", "is_static": false, "params": [], "class_name": "InvalidPathException", "return_value": {"return_description": ["the reason string"], "return_name": [], "return_type": ["String"]}}], "class_description": "Unchecked exception thrown when path string cannot be converted into a\n Path because the path string contains invalid characters, or\n the path string is invalid for other file system specific reasons. ", "class_name": "InvalidPathException"}