{"subclass_list": [], "interface_list": [""], "Vars": null, "class_inherit_list": ["BasicPermission"], "package_name": "java.nio.file", "class_key": null, "Methods": [{"method_description": "Constructs a LinkPermission with the specified name.\n", "method_name": "init", "is_static": false, "params": [{"param_type": "String", "param_name": ["name"], "param_description": " the name of the permission. It must be \"hard\" or \"symbolic\"."}], "class_name": "LinkPermission", "return_value": {"return_description": [], "return_name": "", "return_type": []}}, {"method_description": "Constructs a LinkPermission with the specified name.\n", "method_name": "init", "is_static": false, "params": [{"param_type": "String", "param_name": ["name"], "param_description": " the name of the permission; must be \"hard\" or \"symbolic\"."}, {"param_type": "String", "param_name": ["actions"], "param_description": " the actions for the permission; must be the empty string or\n          null"}], "class_name": "LinkPermission", "return_value": {"return_description": [], "return_name": "", "return_type": []}}], "class_description": "The Permission class for link creation operations. The following table provides a summary description of what the permission\n allows, and discusses the risks of granting code the permission. ", "class_name": "LinkPermission"}