{"subclass_list": [], "interface_list": [""], "Vars": null, "class_inherit_list": ["FileSystemException"], "package_name": "java.nio.file", "class_key": null, "Methods": [{"method_description": "Constructs an instance of this class.\n", "method_name": "init", "is_static": false, "params": [{"param_type": "String", "param_name": ["file"], "param_description": " a string identifying the file or null if not known\n"}], "class_name": "NotDirectoryException", "return_value": {"return_description": [], "return_name": "", "return_type": []}}], "class_description": "Checked exception thrown when a file system operation, intended for a\n directory, fails because the file is not a directory. ", "class_name": "NotDirectoryException"}