{"subclass_list": [], "interface_list": [""], "Vars": null, "class_inherit_list": ["FileSystemException"], "package_name": "java.nio.file", "class_key": null, "Methods": [{"method_description": "Constructs an instance of this class.\n", "method_name": "init", "is_static": false, "params": [{"param_type": "String", "param_name": ["file"], "param_description": " a string identifying the file or null if not known\n"}], "class_name": "NotLinkException", "return_value": {"return_description": [], "return_name": "", "return_type": []}}, {"method_description": "Constructs an instance of this class.\n", "method_name": "init", "is_static": false, "params": [{"param_type": "String", "param_name": ["file"], "param_description": " a string identifying the file or null if not known"}, {"param_type": "String", "param_name": ["other"], "param_description": " a string identifying the other file or null if not known"}, {"param_type": "String", "param_name": ["reason"], "param_description": " a reason message with additional information or null\n"}], "class_name": "NotLinkException", "return_value": {"return_description": [], "return_name": "", "return_type": []}}], "class_description": "Checked exception thrown when a file system operation fails because a file\n is not a symbolic link. ", "class_name": "NotLinkException"}