{"subclass_list": ["LinkOption", "StandardOpenOption", "LinkOption", "StandardOpenOption"], "interface_list": [""], "Vars": null, "class_inherit_list": [], "package_name": "java.nio.file", "class_key": null, "Methods": [], "class_description": "An object that configures how to open or create a file. Objects of this type are used by methods such as newOutputStream, newByteChannel, FileChannel.open, and AsynchronousFileChannel.open\n when opening or creating a file. The StandardOpenOption enumeration type defines the\n standard options. ", "class_name": "OpenOption"}