{"subclass_list": [], "interface_list": ["Comparable<Path>", "Iterable<Path>", "Watchable"], "Vars": null, "class_inherit_list": [], "package_name": "java.nio.file", "class_key": null, "Methods": [], "class_description": "An object that may be used to locate a file in a file system. It will\n typically represent a system dependent file path. A Path represents a path that is hierarchical and composed of a\n sequence of directory and file name elements separated by a special separator\n or delimiter. A root component, that identifies a file system\n hierarchy, may also be present. The name element that is farthest\n from the root of the directory hierarchy is the name of a file or directory.\n The other name elements are directory names. A Path can represent a\n root, a root and a sequence of names, or simply one or more name elements.\n A Path is considered to be an empty path if it consists\n solely of one name element that is empty. Accessing a file using an\n empty path is equivalent to accessing the default directory of the\n file system. Path defines the getFileName,\n getParent, getRoot, and subpath methods to access the path components or a subsequence of its name\n elements. In addition to accessing the components of a path, a Path also\n defines the resolve and resolveSibling methods to combine paths. The relativize\n method that can be used to construct a relative path between two paths.\n Paths can be compared, and tested against each other using\n the startsWith and endsWith methods. This interface extends Watchable interface so that a directory\n located by a path can be registered with a WatchService and entries in the directory watched. WARNING: This interface is only intended to be implemented by\n those developing custom file system implementations. Methods may be added to\n this interface in future releases. ", "class_name": "Path"}