{"subclass_list": [], "interface_list": [""], "Vars": null, "class_inherit_list": ["IllegalArgumentException"], "package_name": "java.nio.file", "class_key": null, "Methods": [{"method_description": "Constructs an instance of this class.\n\n", "method_name": "init", "is_static": false, "params": [], "class_name": "ProviderMismatchException", "return_value": {"return_description": [], "return_name": "", "return_type": []}}, {"method_description": "Constructs an instance of this class.\n", "method_name": "init", "is_static": false, "params": [{"param_type": "String", "param_name": ["msg"], "param_description": " the detail message\n"}], "class_name": "ProviderMismatchException", "return_value": {"return_description": [], "return_name": "", "return_type": []}}], "class_description": "Unchecked exception thrown when an attempt is made to invoke a method on an\n object created by one file system provider with a parameter created by a\n different file system provider. ", "class_name": "ProviderMismatchException"}