{"subclass_list": [], "interface_list": [""], "Vars": null, "class_inherit_list": ["UnsupportedOperationException"], "package_name": "java.nio.file", "class_key": null, "Methods": [{"method_description": "Constructs an instance of this class.\n\n", "method_name": "init", "is_static": false, "params": [], "class_name": "ReadOnlyFileSystemException", "return_value": {"return_description": [], "return_name": "", "return_type": []}}], "class_description": "Unchecked exception thrown when an attempt is made to update an object\n associated with a read-only FileSystem. ", "class_name": "ReadOnlyFileSystemException"}