{"subclass_list": ["Path", "Path"], "interface_list": [""], "Vars": null, "class_inherit_list": [], "package_name": "java.nio.file", "class_key": null, "Methods": [], "class_description": "An object that may be registered with a watch service so that it can be\n watched for changes and events. This interface defines the register method to register\n the object with a WatchService returning a WatchKey to\n represent the registration. An object may be registered with more than one\n watch service. Registration with a watch service is cancelled by invoking the\n key's cancel method. ", "class_name": "Watchable"}