{"subclass_list": [], "interface_list": [""], "Vars": null, "class_inherit_list": ["Exception"], "package_name": "java.security.acl", "class_key": null, "Methods": [{"method_description": "Constructs an AclNotFoundException.\n\n", "method_name": "init", "is_static": false, "params": [], "class_name": "AclNotFoundException", "return_value": {"return_description": [], "return_name": "", "return_type": []}}], "class_description": "This is an exception that is thrown whenever a reference is made to a\n non-existent ACL (Access Control List). ", "class_name": "AclNotFoundException"}