{"subclass_list": [], "interface_list": ["Principal"], "Vars": null, "class_inherit_list": [], "package_name": "java.security.acl", "class_key": null, "Methods": [], "class_description": "This interface is used to represent a group of principals. (A principal\n represents an entity such as an individual user or a company). Note that Group extends Principal. Thus, either a Principal or a Group can\n be passed as an argument to methods containing a Principal parameter. For\n example, you can add either a Principal or a Group to a Group object by\n calling the object's addMember method, passing it the\n Principal or Group. ", "class_name": "Group"}