{"subclass_list": [], "interface_list": [""], "Vars": null, "class_inherit_list": ["Exception"], "package_name": "java.security.acl", "class_key": null, "Methods": [{"method_description": "Constructs a LastOwnerException.\n\n", "method_name": "init", "is_static": false, "params": [], "class_name": "LastOwnerException", "return_value": {"return_description": [], "return_name": "", "return_type": []}}], "class_description": "This is an exception that is thrown whenever an attempt is made to delete\n the last owner of an Access Control List. ", "class_name": "LastOwnerException"}