{"subclass_list": [], "interface_list": [""], "Vars": null, "class_inherit_list": ["Exception"], "package_name": "java.security.acl", "class_key": null, "Methods": [{"method_description": "Constructs a NotOwnerException.\n\n", "method_name": "init", "is_static": false, "params": [], "class_name": "NotOwnerException", "return_value": {"return_description": [], "return_name": "", "return_type": []}}], "class_description": "This is an exception that is thrown whenever the modification of an object\n (such as an Access Control List) is only allowed to be done by an owner of\n the object, but the Principal attempting the modification is not an owner. ", "class_name": "NotOwnerException"}