{"subclass_list": ["Acl", "Acl"], "interface_list": [""], "Vars": null, "class_inherit_list": [], "package_name": "java.security.acl", "class_key": null, "Methods": [], "class_description": "Interface for managing owners of Access Control Lists (ACLs) or ACL\n configurations. (Note that the Acl interface in the\n java.security.acl package extends this Owner\n interface.) The initial owner Principal should be specified as an\n argument to the constructor of the class implementing this interface. ", "class_name": "Owner"}