{"subclass_list": [], "interface_list": [""], "Vars": null, "class_inherit_list": ["Enum<NumericShaper.Range>"], "package_name": "java.awt.font", "class_key": null, "Methods": [], "class_description": "A NumericShaper.Range represents a Unicode range of a\n script having its own decimal digits. For example, the THAI range has the Thai digits, THAI DIGIT\n ZERO (U+0E50) to THAI DIGIT NINE (U+0E59). The Range enum replaces the traditional bit\n mask-based values (e.g., NumericShaper.ARABIC), and\n supports more Unicode ranges than the bit mask-based ones. For\n example, the following code using the bit mask: ", "class_name": "NumericShaper.Range"}