{"subclass_list": [], "interface_list": [""], "Vars": null, "class_inherit_list": ["AttributedCharacterIterator.Attribute"], "package_name": "java.awt.font", "class_key": null, "Methods": [], "class_description": "The TextAttribute class defines attribute keys and\n attribute values used for text rendering. TextAttribute instances are used as attribute keys to\n identify attributes in classes handling text attributes. Other\n constants defined in this class can be used as attribute values. For each text attribute, the documentation provides:  ", "class_name": "TextAttribute"}