{"subclass_list": [], "interface_list": [""], "Vars": null, "class_inherit_list": ["RuntimeException"], "package_name": "java.nio", "class_key": null, "Methods": [{"method_description": "Constructs an instance of this class.\n\n", "method_name": "init", "is_static": false, "params": [], "class_name": "BufferOverflowException", "return_value": {"return_description": [], "return_name": "", "return_type": []}}], "class_description": "Unchecked exception thrown when a relative put operation reaches\n the target buffer's limit. ", "class_name": "BufferOverflowException"}