{"subclass_list": ["ByteBuffer", "CharBuffer", "DoubleBuffer", "FloatBuffer", "IntBuffer", "LongBuffer", "ShortBuffer", "ByteBuffer", "CharBuffer", "DoubleBuffer", "FloatBuffer", "IntBuffer", "LongBuffer", "ShortBuffer"], "interface_list": [""], "Vars": null, "class_inherit_list": ["Object"], "package_name": "java.nio", "class_key": null, "Methods": [], "class_description": "A container for data of a specific primitive type. A buffer is a linear, finite sequence of elements of a specific\n primitive type.  Aside from its content, the essential properties of a\n buffer are its capacity, limit, and position: There is one subclass of this class for each non-boolean primitive type. ", "class_name": "Buffer"}