{"subclass_list": ["MappedByteBuffer", "MappedByteBuffer"], "interface_list": ["Comparable<ByteBuffer>"], "Vars": null, "class_inherit_list": ["Buffer"], "package_name": "java.nio", "class_key": null, "Methods": [], "class_description": "A byte buffer. This class defines six categories of operations upon\n byte buffers: Byte buffers can be created either by allocation, which allocates space for the buffer's\n\n\n content, or by wrapping an\n existing byte array  into a buffer. ", "class_name": "ByteBuffer"}