{"subclass_list": [], "interface_list": [""], "Vars": null, "class_inherit_list": ["IllegalStateException"], "package_name": "java.nio", "class_key": null, "Methods": [{"method_description": "Constructs an instance of this class.\n\n", "method_name": "init", "is_static": false, "params": [], "class_name": "InvalidMarkException", "return_value": {"return_description": [], "return_name": "", "return_type": []}}], "class_description": "Unchecked exception thrown when an attempt is made to reset a buffer\n when its mark is not defined. ", "class_name": "InvalidMarkException"}