{"subclass_list": [], "interface_list": [""], "Vars": null, "class_inherit_list": ["UnsupportedOperationException"], "package_name": "java.nio", "class_key": null, "Methods": [{"method_description": "Constructs an instance of this class.\n\n", "method_name": "init", "is_static": false, "params": [], "class_name": "ReadOnlyBufferException", "return_value": {"return_description": [], "return_name": "", "return_type": []}}], "class_description": "Unchecked exception thrown when a content-mutation method such as\n put or compact is invoked upon a read-only buffer. ", "class_name": "ReadOnlyBufferException"}