{"class_inherit_list": ["Equatable"], "interface_list": [], "Methods": [{"return_value": {"return_description": ["The given argument without any changes."], "return_name": [""], "return_type": ["Self"]}, "method_name": "+", "params": [{"param_name": ["x"], "param_type": "Self", "param_description": ""}], "method_description": "Returns the given number unchanged.", "class_name": "AdditiveArithmetic"}, {"return_value": {"return_description": [], "return_name": [""], "return_type": ["Self"]}, "method_name": "+", "params": [{"param_name": ["lhs"], "param_type": "Self", "param_description": "The first value to add."}, {"param_name": ["rhs"], "param_type": "Self", "param_description": "The second value to add."}], "method_description": "Adds two values and produces their sum.Required.", "class_name": "AdditiveArithmetic"}, {"return_value": {"return_description": [], "return_name": [], "return_type": []}, "method_name": "+=", "params": [{"param_name": ["lhs"], "param_type": "inout Self", "param_description": "The first value to add."}, {"param_name": ["rhs"], "param_type": "Self", "param_description": "The second value to add."}], "method_description": "Adds two values and stores the result in the left-hand-side variable.Required.", "class_name": "AdditiveArithmetic"}, {"return_value": {"return_description": [], "return_name": [""], "return_type": ["Self"]}, "method_name": "-", "params": [{"param_name": ["lhs"], "param_type": "Self", "param_description": "A numeric value."}, {"param_name": ["rhs"], "param_type": "Self", "param_description": "The value to subtract from lhs."}], "method_description": "Subtracts one value from another and produces their difference.Required.", "class_name": "AdditiveArithmetic"}, {"return_value": {"return_description": [], "return_name": [], "return_type": []}, "method_name": "-=", "params": [{"param_name": ["lhs"], "param_type": "inout Self", "param_description": "A numeric value."}, {"param_name": ["rhs"], "param_type": "Self", "param_description": "The value to subtract from lhs."}], "method_description": "Subtracts the second value from the first and stores the difference in the left-hand-side variable.Required.", "class_name": "AdditiveArithmetic"}], "Vars": [{"var_name": "zero", "var_type": "Self", "var_description": "The zero value.Required. Default implementation provided."}], "subclass_list": ["Numeric"], "class_description": "The AdditiveArithmetic protocol provides a suitable basis for additive arithmetic on scalar values, such as integers and floating-point numbers, or vectors. You can write generic methods that operate on any numeric type in the standard library by using the AdditiveArithmetic protocol as a generic constraint.\nThe following code declares a method that calculates the total of any sequence with Numeric elements.\nThe sum() method is now available on any sequence with values that conform to AdditiveArithmetic, whether it is an array of Double or a range of Int.\nTo add AdditiveArithmetic protocol conformance to your own custom type, implement the required operators, and provide a static zero property using a type that can represent the magnitude of any value of your custom type.\n", "package_name": "swift", "class_name": "AdditiveArithmetic"}