{"Methods": [{"params": [], "method_name": "init", "is_static": false, "class_name": "AffineTransform", "method_description": "Creates an affine transformation matrix with identity values.", "return_value": {"return_name": [], "return_description": [], "return_type": []}}, {"params": [{"param_description": "", "param_name": ["m11"], "param_type": "CGFloat"}, {"param_description": "", "param_name": ["m12"], "param_type": "CGFloat"}, {"param_description": "", "param_name": ["m21"], "param_type": "CGFloat"}, {"param_description": "", "param_name": ["m22"], "param_type": "CGFloat"}, {"param_description": "", "param_name": ["tX"], "param_type": "CGFloat"}, {"param_description": "", "param_name": ["tY"], "param_type": "CGFloat"}], "method_name": "init", "is_static": false, "class_name": "AffineTransform", "method_description": "Creates an affine transformation.", "return_value": {"return_name": [], "return_description": [], "return_type": []}}, {"params": [{"param_description": "", "param_name": ["rotationByDegrees", "angle"], "param_type": "CGFloat"}], "method_name": "init", "is_static": false, "class_name": "AffineTransform", "method_description": "Creates an affine transformation matrix from a rotation value (angle in degrees). The matrix takes the following form:", "return_value": {"return_name": [], "return_description": [], "return_type": []}}, {"params": [{"param_description": "", "param_name": ["rotationByRadians", "angle"], "param_type": "CGFloat"}], "method_name": "init", "is_static": false, "class_name": "AffineTransform", "method_description": "Creates an affine transformation matrix from rotation value (angle in radians). The matrix takes the following form:", "return_value": {"return_name": [], "return_description": [], "return_type": []}}, {"params": [{"param_description": "", "param_name": ["scale", "factor"], "param_type": "CGFloat"}], "method_name": "init", "is_static": false, "class_name": "AffineTransform", "method_description": "Creates an affine transformation matrix from scaling a single value. The matrix takes the following form:", "return_value": {"return_name": [], "return_description": [], "return_type": []}}, {"params": [{"param_description": "", "param_name": ["scaleByX", "x"], "param_type": "CGFloat"}, {"param_description": "", "param_name": ["byY", "y"], "param_type": "CGFloat"}], "method_name": "init", "is_static": false, "class_name": "AffineTransform", "method_description": "Creates an affine transformation matrix from scaling values. The matrix takes the following form:", "return_value": {"return_name": [], "return_description": [], "return_type": []}}, {"params": [{"param_description": "", "param_name": ["translationByX", "x"], "param_type": "CGFloat"}, {"param_description": "", "param_name": ["byY", "y"], "param_type": "CGFloat"}], "method_name": "init", "is_static": false, "class_name": "AffineTransform", "method_description": "Creates an affine transformation matrix from translation values. The matrix takes the following form:", "return_value": {"return_name": [], "return_description": [], "return_type": []}}, {"params": [{"param_description": "", "param_name": ["byDegrees", "angle"], "param_type": "CGFloat"}], "method_name": "rotate", "is_static": false, "class_name": "AffineTransform", "method_description": "Mutates an affine transformation matrix from a rotation value (angle \u03b1 in degrees). ", "return_value": {"return_name": [], "return_description": [], "return_type": []}}, {"params": [{"param_description": "", "param_name": ["byRadians", "angle"], "param_type": "CGFloat"}], "method_name": "rotate", "is_static": false, "class_name": "AffineTransform", "method_description": "Mutates an affine transformation matrix from a rotation value (angle \u03b1 in radians). ", "return_value": {"return_name": [], "return_description": [], "return_type": []}}, {"params": [{"param_description": "", "param_name": ["scale"], "param_type": "CGFloat"}], "method_name": "scale", "is_static": false, "class_name": "AffineTransform", "method_description": "Mutates an affine transformation matrix to perform the given scaling in both x and y dimensions.", "return_value": {"return_name": [], "return_description": [], "return_type": []}}, {"params": [{"param_description": "", "param_name": ["x"], "param_type": "CGFloat"}, {"param_description": "", "param_name": ["y"], "param_type": "CGFloat"}], "method_name": "scale", "is_static": false, "class_name": "AffineTransform", "method_description": "Mutates an affine transformation matrix to perform a scaling in each of the x and y dimensions.", "return_value": {"return_name": [], "return_description": [], "return_type": []}}, {"params": [{"param_description": "", "param_name": ["x"], "param_type": "CGFloat"}, {"param_description": "", "param_name": ["y"], "param_type": "CGFloat"}], "method_name": "translate", "is_static": false, "class_name": "AffineTransform", "method_description": "Mutates an affine transformation matrix to perform the given translation.", "return_value": {"return_name": [], "return_description": [], "return_type": []}}, {"params": [{"param_description": "", "param_name": ["transform"], "param_type": "AffineTransform"}], "method_name": "append", "is_static": false, "class_name": "AffineTransform", "method_description": "Mutates an affine transformation by appending the specified matrix.", "return_value": {"return_name": [], "return_description": [], "return_type": []}}, {"params": [{"param_description": "", "param_name": ["transform"], "param_type": "AffineTransform"}], "method_name": "prepend", "is_static": false, "class_name": "AffineTransform", "method_description": "Mutates an affine transformation by prepending the specified matrix.", "return_value": {"return_name": [], "return_description": [], "return_type": []}}, {"params": [], "method_name": "invert", "is_static": false, "class_name": "AffineTransform", "method_description": "Inverts the transformation matrix if possible.", "return_value": {"return_name": [], "return_description": [], "return_type": []}}, {"params": [], "method_name": "inverted", "is_static": false, "class_name": "AffineTransform", "method_description": "Returns an inverted version of the matrix if possible, or nil if not.", "return_value": {"return_name": [""], "return_description": [], "return_type": ["AffineTransform"]}}, {"params": [{"param_description": "", "param_name": ["point"], "param_type": "NSPoint"}], "method_name": "transform", "is_static": false, "class_name": "AffineTransform", "method_description": "Applies the receiver\u2019s transform to the specified point and returns the result.", "return_value": {"return_name": [""], "return_description": [], "return_type": ["NSPoint"]}}, {"params": [{"param_description": "", "param_name": ["size"], "param_type": "NSSize"}], "method_name": "transform", "is_static": false, "class_name": "AffineTransform", "method_description": "Applies the receiver\u2019s transform to the specified size and returns the results.", "return_value": {"return_name": [""], "return_description": [], "return_type": ["NSSize"]}}, {"params": [{"param_description": "", "param_name": ["lhs"], "param_type": "AffineTransform"}, {"param_description": "", "param_name": ["rhs"], "param_type": "AffineTransform"}], "method_name": "==", "is_static": true, "class_name": "AffineTransform", "method_description": "Indicates whether two transforms are the same.", "return_value": {"return_name": [""], "return_description": [], "return_type": ["Bool"]}}, {"params": [{"param_description": "", "param_name": ["from", "decoder"], "param_type": "Decoder"}], "method_name": "init", "is_static": false, "class_name": "AffineTransform", "method_description": "", "return_value": {"return_name": [], "return_description": [], "return_type": []}}, {"params": [{"param_description": "", "param_name": ["to", "encoder"], "param_type": "Encoder"}], "method_name": "encode", "is_static": false, "class_name": "AffineTransform", "method_description": "", "return_value": {"return_name": [], "return_description": [], "return_type": []}}, {"params": [{"param_description": "A value to compare.", "param_name": ["lhs"], "param_type": "AffineTransform"}, {"param_description": "Another value to compare.", "param_name": ["rhs"], "param_type": "AffineTransform"}], "method_name": "!=", "is_static": true, "class_name": "AffineTransform", "method_description": "Returns a Boolean value indicating whether two values are not equal.", "return_value": {"return_name": [""], "return_description": [], "return_type": ["Bool"]}}], "Vars": [{"var_type": "AffineTransform", "var_description": "An identity affine transformation matrix", "var_name": "identity"}, {"var_type": "CGFloat", "var_description": "An element of the transform matrix that contributes scaling, rotation, and shear.", "var_name": "m11"}, {"var_type": "CGFloat", "var_description": "An element of the transform matrix that contributes scaling, rotation, and shear.", "var_name": "m12"}, {"var_type": "CGFloat", "var_description": "An element of the transform matrix that contributes scaling, rotation, and shear.", "var_name": "m21"}, {"var_type": "CGFloat", "var_description": "An element of the transform matrix that contributes scaling, rotation, and shear.", "var_name": "m22"}, {"var_type": "CGFloat", "var_description": "An element of the transform matrix that contributes translation.", "var_name": "tX"}, {"var_type": "CGFloat", "var_description": "An element of the transform matrix that contributes translation.", "var_name": "tY"}, {"var_type": "String", "var_description": "A textual description of the transform.", "var_name": "description"}, {"var_type": "String", "var_description": "A textual description of the transform suitable for debugging.", "var_name": "debugDescription"}, {"var_type": "Int", "var_description": "The computed hash value for the transform.", "var_name": "hashValue"}], "interface_list": ["CustomStringConvertible", "Hashable", "ReferenceConvertible"], "package_name": "foundation", "subclass_list": [], "class_name": "AffineTransform", "class_description": "", "class_inherit_list": []}