{"class_inherit_list": [], "interface_list": ["BidirectionalCollection"], "Methods": [{"return_value": {"return_description": [], "return_name": [], "return_type": []}, "method_name": "init", "params": [{"param_name": ["other"], "param_type": "AnyBidirectionalCollection<Element>", "param_description": ""}], "method_description": "Creates an AnyBidirectionalCollection having the same underlying collection as other.", "class_name": "AnyBidirectionalCollection"}, {"return_value": {"return_description": [], "return_name": [], "return_type": []}, "method_name": "init", "params": [{"param_name": ["other"], "param_type": "AnyRandomAccessCollection<Element>", "param_description": ""}], "method_description": "Creates an AnyBidirectionalCollection having the same underlying collection as other.", "class_name": "AnyBidirectionalCollection"}, {"return_value": {"return_description": [], "return_name": [], "return_type": []}, "method_name": "init", "params": [{"param_name": ["other"], "param_type": "AnyCollection<Element>", "param_description": ""}], "method_description": "Creates an AnyBidirectionalCollection having the same underlying collection as other.", "class_name": "AnyBidirectionalCollection"}, {"return_value": {"return_description": [], "return_name": [], "return_type": []}, "method_name": "init", "params": [{"param_name": ["base"], "param_type": "C", "param_description": "The collection to wrap."}], "method_description": "Creates a type-erased collection that wraps the given collection.", "class_name": "AnyBidirectionalCollection"}, {"return_value": {"return_description": [], "return_name": [], "return_type": []}, "method_name": "init", "params": [{"param_name": ["base"], "param_type": "C", "param_description": "The collection to wrap."}], "method_description": "Creates a type-erased collection that wraps the given collection.", "class_name": "AnyBidirectionalCollection"}, {"return_value": {"return_description": ["true if the sequence contains only elements that satisfy predicate; otherwise, false."], "return_name": [""], "return_type": ["Bool"]}, "method_name": "allSatisfy", "params": [{"param_name": ["predicate"], "param_type": "(Element) throws -> Bool", "param_description": "A closure that takes an element of the sequence as its argument and returns a Boolean value that indicates whether the passed element satisfies a condition."}], "method_description": "Returns a Boolean value indicating whether every element of a sequence satisfies a given predicate.", "class_name": "AnyBidirectionalCollection"}, {"return_value": {"return_description": ["An array of the non-nil results of calling transform with each element of the sequence."], "return_name": [""], "return_type": ["[ElementOfResult]"]}, "method_name": "compactMap", "params": [{"param_name": ["transform"], "param_type": "(Element) throws -> ElementOfResult", "param_description": "A closure that accepts an element of this sequence as its argument and returns an optional value."}], "method_description": "Returns an array containing the non-nil results of calling the given transformation with each element of this sequence.", "class_name": "AnyBidirectionalCollection"}, {"return_value": {"return_description": ["true if the element was found in the sequence; otherwise, false."], "return_name": [""], "return_type": ["Bool"]}, "method_name": "contains", "params": [{"param_name": ["element"], "param_type": "Element", "param_description": "The element to find in the sequence."}], "method_description": "Returns a Boolean value indicating whether the sequence contains the given element.", "class_name": "AnyBidirectionalCollection"}, {"return_value": {"return_description": ["true if the sequence contains an element that satisfies predicate; otherwise, false."], "return_name": [""], "return_type": [""]}, "method_name": "contains", "params": [{"param_name": ["where", "predicate"], "param_type": "(Element) throws -> Bool", "param_description": "A closure that takes an element of the sequence as its argument and returns a Boolean value that indicates whether the passed element represents a match."}], "method_description": "Returns a Boolean value indicating whether the sequence contains an element that satisfies the given predicate.", "class_name": "AnyBidirectionalCollection"}, {"return_value": {"return_description": [], "return_name": [""], "return_type": ["Int"]}, "method_name": "distance", "params": [{"param_name": ["from", "start"], "param_type": "AnyBidirectionalCollection<Element>.Index", "param_description": ""}, {"param_name": ["to", "end"], "param_type": "AnyBidirectionalCollection<Element>.Index", "param_description": ""}], "method_description": "", "class_name": "AnyBidirectionalCollection"}, {"return_value": {"return_description": [], "return_name": [""], "return_type": ["AnyBidirectionalCollection<Element>"]}, "method_name": "drop", "params": [{"param_name": ["while", "predicate"], "param_type": "(Element) throws -> Bool", "param_description": ""}], "method_description": "", "class_name": "AnyBidirectionalCollection"}, {"return_value": {"return_description": [], "return_name": [""], "return_type": ["AnyBidirectionalCollection<Element>"]}, "method_name": "dropFirst", "params": [{"param_name": ["n"], "param_type": "Int = 1", "param_description": ""}], "method_description": "", "class_name": "AnyBidirectionalCollection"}, {"return_value": {"return_description": [], "return_name": [""], "return_type": ["AnyBidirectionalCollection<Element>"]}, "method_name": "dropLast", "params": [{"param_name": ["n"], "param_type": "Int = 1", "param_description": ""}], "method_description": "", "class_name": "AnyBidirectionalCollection"}, {"return_value": {"return_description": ["true if this sequence and other contain the same elements in the same order."], "return_name": [""], "return_type": ["Bool"]}, "method_name": "elementsEqual", "params": [{"param_name": ["other"], "param_type": "OtherSequence", "param_description": "A sequence to compare to this sequence."}], "method_description": "Returns a Boolean value indicating whether this sequence and another sequence contain the same elements in the same order.", "class_name": "AnyBidirectionalCollection"}, {"return_value": {"return_description": ["true if this sequence and other contain equivalent items, using areEquivalent as the equivalence test; otherwise, false."], "return_name": [""], "return_type": ["Bool"]}, "method_name": "elementsEqual", "params": [{"param_name": ["other"], "param_type": "Sequence", "param_description": "A sequence to compare to this sequence."}, {"param_name": ["by", "areEquivalent"], "param_type": "(Element, OtherSequence.Element) throws -> Bool", "param_description": "A predicate that returns true if its two arguments are equivalent; otherwise, false."}], "method_description": "Returns a Boolean value indicating whether this sequence and another sequence contain equivalent elements in the same order, using the given predicate as the equivalence test.", "class_name": "AnyBidirectionalCollection"}, {"return_value": {"return_description": ["A sequence of pairs enumerating the sequence."], "return_name": [""], "return_type": ["EnumeratedSequence<AnyBidirectionalCollection<Element>>"]}, "method_name": "enumerated", "params": [], "method_description": "Returns a sequence of pairs (n, x), where n represents a consecutive integer starting at zero and x represents an element of the sequence.", "class_name": "AnyBidirectionalCollection"}, {"return_value": {"return_description": [], "return_name": [""], "return_type": ["[Element]"]}, "method_name": "filter", "params": [{"param_name": ["isIncluded"], "param_type": "(Element) throws -> Bool", "param_description": ""}], "method_description": "", "class_name": "AnyBidirectionalCollection"}, {"return_value": {"return_description": ["The first element of the sequence that satisfies predicate, or nil if there is no element that satisfies predicate."], "return_name": [""], "return_type": [""]}, "method_name": "first", "params": [{"param_name": ["where", "predicate"], "param_type": "(Element) throws -> Bool", "param_description": "A closure that takes an element of the sequence as its argument and returns a Boolean value indicating whether the element is a match."}], "method_description": "Returns the first element of the sequence that satisfies the given predicate.", "class_name": "AnyBidirectionalCollection"}, {"return_value": {"return_description": ["The first index where element is found. If element is not found in the collection, returns nil."], "return_name": [""], "return_type": ["AnyIndex"]}, "method_name": "firstIndex", "params": [{"param_name": ["of", "element"], "param_type": "Element", "param_description": "An element to search for in the collection."}], "method_description": "Returns the first index where the specified value appears in the collection.", "class_name": "AnyBidirectionalCollection"}, {"return_value": {"return_description": ["The index of the first element for which predicate returns true. If no elements in the collection satisfy the given predicate, returns nil."], "return_name": [""], "return_type": [""]}, "method_name": "firstIndex", "params": [{"param_name": ["where", "predicate"], "param_type": "(Element) throws -> Bool", "param_description": "A closure that takes an element as its argument and returns a Boolean value that indicates whether the passed element represents a match."}], "method_description": "Returns the first index in which an element of the collection satisfies the given predicate.", "class_name": "AnyBidirectionalCollection"}, {"return_value": {"return_description": [], "return_name": [""], "return_type": ["Void rethrows"]}, "method_name": "forEach", "params": [{"param_name": ["body"], "param_type": "(Element) throws -> Void", "param_description": ""}], "method_description": "", "class_name": "AnyBidirectionalCollection"}, {"return_value": {"return_description": [], "return_name": [], "return_type": []}, "method_name": "formIndex", "params": [{"param_name": ["i"], "param_type": "inout AnyBidirectionalCollection<Element>.Index", "param_description": ""}, {"param_name": ["offsetBy", "n"], "param_type": "Int", "param_description": ""}], "method_description": "", "class_name": "AnyBidirectionalCollection"}, {"return_value": {"return_description": [], "return_name": [""], "return_type": ["Bool"]}, "method_name": "formIndex", "params": [{"param_name": ["i"], "param_type": "inout AnyBidirectionalCollection<Element>.Index", "param_description": ""}, {"param_name": ["offsetBy", "n"], "param_type": "Int", "param_description": ""}, {"param_name": ["limitedBy", "limit"], "param_type": "AnyBidirectionalCollection<Element>.Index", "param_description": ""}], "method_description": "", "class_name": "AnyBidirectionalCollection"}, {"return_value": {"return_description": [], "return_name": [], "return_type": []}, "method_name": "formIndex", "params": [{"param_name": ["after", "i"], "param_type": "inout AnyBidirectionalCollection<Element>.Index", "param_description": ""}], "method_description": "", "class_name": "AnyBidirectionalCollection"}, {"return_value": {"return_description": [], "return_name": [], "return_type": []}, "method_name": "formIndex", "params": [{"param_name": ["before", "i"], "param_type": "inout AnyBidirectionalCollection<Element>.Index", "param_description": ""}], "method_description": "", "class_name": "AnyBidirectionalCollection"}, {"return_value": {"return_description": [], "return_name": [""], "return_type": ["AnyBidirectionalCollection<Element>.Index"]}, "method_name": "index", "params": [{"param_name": ["i"], "param_type": "AnyBidirectionalCollection<Element>.Index", "param_description": ""}, {"param_name": ["offsetBy", "n"], "param_type": "Int", "param_description": ""}], "method_description": "", "class_name": "AnyBidirectionalCollection"}, {"return_value": {"return_description": [], "return_name": [""], "return_type": ["AnyBidirectionalCollection<Element>.Index"]}, "method_name": "index", "params": [{"param_name": ["i"], "param_type": "AnyBidirectionalCollection<Element>.Index", "param_description": ""}, {"param_name": ["offsetBy", "n"], "param_type": "Int", "param_description": ""}, {"param_name": ["limitedBy", "limit"], "param_type": "AnyBidirectionalCollection<Element>.Index", "param_description": ""}], "method_description": "", "class_name": "AnyBidirectionalCollection"}, {"return_value": {"return_description": [], "return_name": [""], "return_type": ["AnyBidirectionalCollection<Element>.Index"]}, "method_name": "index", "params": [{"param_name": ["after", "i"], "param_type": "AnyBidirectionalCollection<Element>.Index", "param_description": ""}], "method_description": "", "class_name": "AnyBidirectionalCollection"}, {"return_value": {"return_description": [], "return_name": [""], "return_type": ["AnyBidirectionalCollection<Element>.Index"]}, "method_name": "index", "params": [{"param_name": ["before", "i"], "param_type": "AnyBidirectionalCollection<Element>.Index", "param_description": ""}], "method_description": "", "class_name": "AnyBidirectionalCollection"}, {"return_value": {"return_description": ["A flattened view of the elements of this sequence of sequences."], "return_name": [""], "return_type": ["FlattenSequence<AnyBidirectionalCollection<Element>>"]}, "method_name": "joined", "params": [], "method_description": "Returns the elements of this sequence of sequences, concatenated.", "class_name": "AnyBidirectionalCollection"}, {"return_value": {"return_description": ["The joined sequence of elements."], "return_name": [""], "return_type": ["JoinedSequence<AnyBidirectionalCollection<Element>>"]}, "method_name": "joined", "params": [{"param_name": ["separator"], "param_type": "Separator", "param_description": "A sequence to insert between each of this sequence\u2019s elements."}], "method_description": "Returns the concatenated elements of this sequence of sequences, inserting the given separator between each element.", "class_name": "AnyBidirectionalCollection"}, {"return_value": {"return_description": ["A single, concatenated string."], "return_name": [""], "return_type": ["String"]}, "method_name": "joined", "params": [{"param_name": ["separator"], "param_type": "String = \"\"", "param_description": "A string to insert between each of the elements in this sequence. The default separator is an empty string."}], "method_description": "Returns a new string by concatenating the elements of the sequence, adding the given separator between each element.", "class_name": "AnyBidirectionalCollection"}, {"return_value": {"return_description": ["A single, concatenated string."], "return_name": [""], "return_type": ["String"]}, "method_name": "joined", "params": [{"param_name": ["separator"], "param_type": "String = \"\"", "param_description": "A string to insert between each of the elements in this sequence. The default separator is an empty string."}], "method_description": "Returns a new string by concatenating the elements of the sequence, adding the given separator between each element.", "class_name": "AnyBidirectionalCollection"}, {"return_value": {"return_description": ["The last element of the sequence that satisfies predicate, or nil if there is no element that satisfies predicate."], "return_name": [""], "return_type": [""]}, "method_name": "last", "params": [{"param_name": ["where", "predicate"], "param_type": "(Element) throws -> Bool", "param_description": "A closure that takes an element of the sequence as its argument and returns a Boolean value indicating whether the element is a match."}], "method_description": "Returns the last element of the sequence that satisfies the given predicate.", "class_name": "AnyBidirectionalCollection"}, {"return_value": {"return_description": ["The last index where element is found. If element is not found in the collection, this method returns nil."], "return_name": [""], "return_type": ["AnyIndex"]}, "method_name": "lastIndex", "params": [{"param_name": ["of", "element"], "param_type": "Element", "param_description": "An element to search for in the collection."}], "method_description": "Returns the last index where the specified value appears in the collection.", "class_name": "AnyBidirectionalCollection"}, {"return_value": {"return_description": ["The index of the last element in the collection that matches predicate, or nil if no elements match."], "return_name": [""], "return_type": [""]}, "method_name": "lastIndex", "params": [{"param_name": ["where", "predicate"], "param_type": "(Element) throws -> Bool", "param_description": "A closure that takes an element as its argument and returns a Boolean value that indicates whether the passed element represents a match."}], "method_description": "Returns the index of the last element in the collection that matches the given predicate.", "class_name": "AnyBidirectionalCollection"}, {"return_value": {"return_description": ["true if this sequence precedes other in a dictionary ordering; otherwise, false."], "return_name": [""], "return_type": ["Bool"]}, "method_name": "lexicographicallyPrecedes", "params": [{"param_name": ["other"], "param_type": "OtherSequence", "param_description": "A sequence to compare to this sequence."}], "method_description": "Returns a Boolean value indicating whether the sequence precedes another sequence in a lexicographical (dictionary) ordering, using the less-than operator (<) to compare elements.", "class_name": "AnyBidirectionalCollection"}, {"return_value": {"return_description": ["true if this sequence precedes other in a dictionary ordering as ordered by areInIncreasingOrder; otherwise, false."], "return_name": [""], "return_type": ["Bool"]}, "method_name": "lexicographicallyPrecedes", "params": [{"param_name": ["other"], "param_type": "Sequence", "param_description": "A sequence to compare to this sequence."}, {"param_name": ["by", "areInIncreasingOrder"], "param_type": "(Element, Element) throws -> Bool", "param_description": "A predicate that returns true if its first argument should be ordered before its second argument; otherwise, false."}], "method_description": "Returns a Boolean value indicating whether the sequence precedes another sequence in a lexicographical (dictionary) ordering, using the given predicate to compare elements.", "class_name": "AnyBidirectionalCollection"}, {"return_value": {"return_description": [], "return_name": [""], "return_type": ["AnyBidirectionalCollection<Element>.Iterator"]}, "method_name": "makeIterator", "params": [], "method_description": "Returns an iterator over the elements of this collection.", "class_name": "AnyBidirectionalCollection"}, {"return_value": {"return_description": [], "return_name": [""], "return_type": ["[T]"]}, "method_name": "map", "params": [{"param_name": ["transform"], "param_type": "(Element) throws -> T", "param_description": ""}], "method_description": "", "class_name": "AnyBidirectionalCollection"}, {"return_value": {"return_description": [], "return_name": [""], "return_type": ["[T]"]}, "method_name": "map", "params": [{"param_name": ["transform"], "param_type": "(Element) throws -> T", "param_description": ""}], "method_description": "", "class_name": "AnyBidirectionalCollection"}, {"return_value": {"return_description": [], "return_name": [""], "return_type": ["[T]"]}, "method_name": "map", "params": [{"param_name": ["transform"], "param_type": "(Element) throws -> T", "param_description": ""}], "method_description": "", "class_name": "AnyBidirectionalCollection"}, {"return_value": {"return_description": ["The sequence\u2019s maximum element. If the sequence has no elements, returns nil."], "return_name": [""], "return_type": ["Element"]}, "method_name": "max", "params": [], "method_description": "Returns the maximum element in the sequence.", "class_name": "AnyBidirectionalCollection"}, {"return_value": {"return_description": ["The sequence\u2019s maximum element if the sequence is not empty; otherwise, nil."], "return_name": [""], "return_type": ["Element"]}, "method_name": "max", "params": [{"param_name": ["by", "areInIncreasingOrder"], "param_type": "(Element, Element) throws -> Bool", "param_description": "A predicate that returns true if its first argument should be ordered before its second argument; otherwise, false."}], "method_description": "Returns the maximum element in the sequence, using the given predicate as the comparison between elements.", "class_name": "AnyBidirectionalCollection"}, {"return_value": {"return_description": ["The sequence\u2019s minimum element. If the sequence has no elements, returns nil."], "return_name": [""], "return_type": ["Element"]}, "method_name": "min", "params": [], "method_description": "Returns the minimum element in the sequence.", "class_name": "AnyBidirectionalCollection"}, {"return_value": {"return_description": ["The sequence\u2019s minimum element, according to areInIncreasingOrder. If the sequence has no elements, returns nil."], "return_name": [""], "return_type": ["Element"]}, "method_name": "min", "params": [{"param_name": ["by", "areInIncreasingOrder"], "param_type": "(Element, Element) throws -> Bool", "param_description": "A predicate that returns true if its first argument should be ordered before its second argument; otherwise, false."}], "method_description": "Returns the minimum element in the sequence, using the given predicate as the comparison between elements.", "class_name": "AnyBidirectionalCollection"}, {"return_value": {"return_description": ["The first element of the collection if the collection is not empty; otherwise, nil."], "return_name": [""], "return_type": ["Element"]}, "method_name": "popFirst", "params": [], "method_description": "Removes and returns the first element of the collection.", "class_name": "AnyBidirectionalCollection"}, {"return_value": {"return_description": ["The last element of the collection if the collection has one or more elements; otherwise, nil."], "return_name": [""], "return_type": ["Element"]}, "method_name": "popLast", "params": [], "method_description": "Removes and returns the last element of the collection.", "class_name": "AnyBidirectionalCollection"}, {"return_value": {"return_description": [], "return_name": [""], "return_type": ["AnyBidirectionalCollection<Element>"]}, "method_name": "prefix", "params": [{"param_name": ["maxLength"], "param_type": "Int = 1", "param_description": ""}], "method_description": "", "class_name": "AnyBidirectionalCollection"}, {"return_value": {"return_description": ["A subsequence up to, and including, the end position."], "return_name": [""], "return_type": ["AnyBidirectionalCollection<Element>"]}, "method_name": "prefix", "params": [{"param_name": ["through", "position"], "param_type": "AnyIndex", "param_description": ""}], "method_description": "Returns a subsequence from the start of the collection through the specified position.", "class_name": "AnyBidirectionalCollection"}, {"return_value": {"return_description": ["A subsequence up to, but not including, the end position."], "return_name": [""], "return_type": ["AnyBidirectionalCollection<Element>"]}, "method_name": "prefix", "params": [{"param_name": ["upTo", "end"], "param_type": "AnyIndex", "param_description": "The \u201cpast the end\u201d index of the resulting subsequence. end must be a valid index of the collection."}], "method_description": "Returns a subsequence from the start of the collection up to, but not including, the specified position.", "class_name": "AnyBidirectionalCollection"}, {"return_value": {"return_description": [], "return_name": [""], "return_type": ["AnyBidirectionalCollection<Element>"]}, "method_name": "prefix", "params": [{"param_name": ["while", "predicate"], "param_type": "(Element) throws -> Bool", "param_description": ""}], "method_description": "", "class_name": "AnyBidirectionalCollection"}, {"return_value": {"return_description": ["A random element from the collection. If the collection is empty, the method returns nil."], "return_name": [""], "return_type": ["Element"]}, "method_name": "randomElement", "params": [], "method_description": "Returns a random element of the collection.", "class_name": "AnyBidirectionalCollection"}, {"return_value": {"return_description": ["A random element from the collection. If the collection is empty, the method returns nil."], "return_name": [""], "return_type": ["Element"]}, "method_name": "randomElement", "params": [{"param_name": ["using", "generator"], "param_type": "inout T", "param_description": "The random number generator to use when choosing a random element."}], "method_description": "Returns a random element of the collection, using the given generator as a source for randomness.", "class_name": "AnyBidirectionalCollection"}, {"return_value": {"return_description": ["The final accumulated value. If the sequence has no elements, the result is initialResult."], "return_name": [""], "return_type": ["Result"]}, "method_name": "reduce", "params": [{"param_name": ["initialResult"], "param_type": "Result", "param_description": "The value to use as the initial accumulating value. initialResult is passed to nextPartialResult the first time the closure is executed."}, {"param_name": ["nextPartialResult"], "param_type": "(Result, Element) throws -> Result", "param_description": "A closure that combines an accumulating value and an element of the sequence into a new accumulating value, to be used in the next call of the nextPartialResult closure or returned to the caller."}], "method_description": "Returns the result of combining the elements of the sequence using the given closure.", "class_name": "AnyBidirectionalCollection"}, {"return_value": {"return_description": ["The first element of the collection."], "return_name": [""], "return_type": ["Element"]}, "method_name": "removeFirst", "params": [], "method_description": "Removes and returns the first element of the collection.", "class_name": "AnyBidirectionalCollection"}, {"return_value": {"return_description": [], "return_name": [], "return_type": []}, "method_name": "removeFirst", "params": [{"param_name": ["k"], "param_type": "Int", "param_description": "The number of elements to remove. k must be greater than or equal to zero, and must be less than or equal to the number of elements in the collection."}], "method_description": "Removes the specified number of elements from the beginning of the collection.", "class_name": "AnyBidirectionalCollection"}, {"return_value": {"return_description": ["The last element of the collection."], "return_name": [""], "return_type": ["Element"]}, "method_name": "removeLast", "params": [], "method_description": "Removes and returns the last element of the collection.", "class_name": "AnyBidirectionalCollection"}, {"return_value": {"return_description": [], "return_name": [], "return_type": []}, "method_name": "removeLast", "params": [{"param_name": ["k"], "param_type": "Int", "param_description": "The number of elements to remove. k must be greater than or equal to zero, and must be less than or equal to the number of elements in the collection."}], "method_description": "Removes the given number of elements from the end of the collection.", "class_name": "AnyBidirectionalCollection"}, {"return_value": {"return_description": [], "return_name": [""], "return_type": ["ReversedCollection<AnyBidirectionalCollection<Element>>"]}, "method_name": "reversed", "params": [], "method_description": "Returns a view presenting the elements of the collection in reverse order.", "class_name": "AnyBidirectionalCollection"}, {"return_value": {"return_description": ["A shuffled array of this sequence\u2019s elements."], "return_name": [""], "return_type": ["[Element]"]}, "method_name": "shuffled", "params": [], "method_description": "Returns the elements of the sequence, shuffled.", "class_name": "AnyBidirectionalCollection"}, {"return_value": {"return_description": ["An array of this sequence\u2019s elements in a shuffled order."], "return_name": [""], "return_type": ["[Element]"]}, "method_name": "shuffled", "params": [{"param_name": ["using", "generator"], "param_type": "inout T", "param_description": "The random number generator to use when shuffling the sequence."}], "method_description": "Returns the elements of the sequence, shuffled using the given generator as a source for randomness.", "class_name": "AnyBidirectionalCollection"}, {"return_value": {"return_description": ["A sorted array of the sequence\u2019s elements."], "return_name": [""], "return_type": ["[Element]"]}, "method_name": "sorted", "params": [], "method_description": "Returns the elements of the sequence, sorted.", "class_name": "AnyBidirectionalCollection"}, {"return_value": {"return_description": ["A sorted array of the sequence\u2019s elements."], "return_name": [""], "return_type": ["[Element]"]}, "method_name": "sorted", "params": [{"param_name": ["by", "areInIncreasingOrder"], "param_type": "(Element, Element) throws -> Bool", "param_description": "A predicate that returns true if its first argument should be ordered before its second argument; otherwise, false."}], "method_description": "Returns the elements of the sequence, sorted using the given predicate as the comparison between elements.", "class_name": "AnyBidirectionalCollection"}, {"return_value": {"return_description": ["An array of subsequences, split from this collection\u2019s elements."], "return_name": [""], "return_type": ["[AnyBidirectionalCollection<Element>]"]}, "method_name": "split", "params": [{"param_name": ["separator"], "param_type": "Element", "param_description": "The element that should be split upon."}, {"param_name": ["maxSplits"], "param_type": "Int", "param_description": "The maximum number of times to split the collection, or one less than the number of subsequences to return. If maxSplits + 1 subsequences are returned, the last one is a suffix of the original collection containing the remaining elements. maxSplits must be greater than or equal to zero. The default value is Int.max."}, {"param_name": ["omittingEmptySubsequences"], "param_type": "Bool = true", "param_description": "If false, an empty subsequence is returned in the result for each consecutive pair of separator elements in the collection and for each instance of separator at the start or end of the collection. If true, only nonempty subsequences are returned. The default value is true."}], "method_description": "Returns the longest possible subsequences of the collection, in order, around elements equal to the given element.", "class_name": "AnyBidirectionalCollection"}, {"return_value": {"return_description": ["true if the initial elements of the sequence are the same as the elements of possiblePrefix; otherwise, false. If possiblePrefix has no elements, the return value is true."], "return_name": [""], "return_type": ["Bool"]}, "method_name": "starts", "params": [{"param_name": ["with", "possiblePrefix"], "param_type": "PossiblePrefix", "param_description": "A sequence to compare to this sequence."}], "method_description": "Returns a Boolean value indicating whether the initial elements of the sequence are the same as the elements in another sequence.", "class_name": "AnyBidirectionalCollection"}, {"return_value": {"return_description": ["true if the initial elements of the sequence are equivalent to the elements of possiblePrefix; otherwise, false. If possiblePrefix has no elements, the return value is true."], "return_name": [""], "return_type": ["Bool"]}, "method_name": "starts", "params": [{"param_name": ["with", "possiblePrefix"], "param_type": "Sequence", "param_description": "A sequence to compare to this sequence."}, {"param_name": ["by", "areEquivalent"], "param_type": "(Element, PossiblePrefix.Element) throws -> Bool", "param_description": "A predicate that returns true if its two arguments are equivalent; otherwise, false."}], "method_description": "Returns a Boolean value indicating whether the initial elements of the sequence are equivalent to the elements in another sequence, using the given predicate as the equivalence test.", "class_name": "AnyBidirectionalCollection"}, {"return_value": {"return_description": [], "return_name": [""], "return_type": ["AnyBidirectionalCollection<Element>"]}, "method_name": "suffix", "params": [{"param_name": ["maxLength"], "param_type": "Int", "param_description": ""}], "method_description": "", "class_name": "AnyBidirectionalCollection"}, {"return_value": {"return_description": ["A subsequence starting at the start position."], "return_name": [""], "return_type": ["AnyBidirectionalCollection<Element>"]}, "method_name": "suffix", "params": [{"param_name": ["from", "start"], "param_type": "AnyIndex", "param_description": "The index at which to start the resulting subsequence. start must be a valid index of the collection."}], "method_description": "Returns a subsequence from the specified position to the end of the collection.", "class_name": "AnyBidirectionalCollection"}], "Vars": [{"var_name": "count", "var_type": "Int", "var_description": "The number of elements."}, {"var_name": "count", "var_type": "Int", "var_description": "The number of elements."}, {"var_name": "endIndex", "var_type": "AnyBidirectionalCollection<Element>.Index", "var_description": "The collection\u2019s \u201cpast the end\u201d position\u2014that is, the position one greater than the last valid subscript argument."}, {"var_name": "first", "var_type": "Element", "var_description": "The first element of the collection."}, {"var_name": "indices", "var_type": "DefaultIndices<AnyBidirectionalCollection<Element>>", "var_description": "The indices that are valid for subscripting the collection, in ascending order."}, {"var_name": "isEmpty", "var_type": "Bool", "var_description": "A Boolean value indicating whether the collection is empty."}, {"var_name": "last", "var_type": "Element", "var_description": "The last element of the collection."}, {"var_name": "lazy", "var_type": "LazySequence<AnyBidirectionalCollection<Element>>", "var_description": "A sequence containing the same elements as this sequence, but on which some operations, such as map and filter, are implemented lazily."}, {"var_name": "startIndex", "var_type": "AnyBidirectionalCollection<Element>.Index", "var_description": "The position of the first element in a non-empty collection."}, {"var_name": "underestimatedCount", "var_type": "Int", "var_description": ""}, {"var_name": "underestimatedCount", "var_type": "Int", "var_description": ""}, {"var_name": "underestimatedCount", "var_type": "Int", "var_description": ""}], "subclass_list": [], "class_description": "An AnyBidirectionalCollection instance forwards its operations to a base collection having the same Element type, hiding the specifics of the underlying collection.\n", "package_name": "swift", "class_name": "AnyBidirectionalCollection"}