{"class_inherit_list": [], "interface_list": ["Comparable"], "Methods": [{"return_value": {"return_description": [], "return_name": [], "return_type": []}, "method_name": "init", "params": [{"param_name": ["base"], "param_type": "BaseIndex", "param_description": ""}], "method_description": "Creates a new index wrapping base.", "class_name": "AnyIndex"}, {"return_value": {"return_description": [], "return_name": [""], "return_type": ["Bool"]}, "method_name": "!=", "params": [{"param_name": ["lhs"], "param_type": "AnyIndex", "param_description": "A value to compare."}, {"param_name": ["rhs"], "param_type": "AnyIndex", "param_description": "Another value to compare."}], "method_description": "Returns a Boolean value indicating whether two values are not equal.", "class_name": "AnyIndex"}, {"return_value": {"return_description": [], "return_name": [""], "return_type": ["PartialRangeThrough<AnyIndex>"]}, "method_name": "...", "params": [{"param_name": ["maximum"], "param_type": "AnyIndex", "param_description": "The upper bound for the range."}], "method_description": "Returns a partial range up to, and including, its upper bound.", "class_name": "AnyIndex"}, {"return_value": {"return_description": [], "return_name": [""], "return_type": ["PartialRangeFrom<AnyIndex>"]}, "method_name": "...", "params": [{"param_name": ["minimum"], "param_type": "AnyIndex", "param_description": "The lower bound for the range."}], "method_description": "Returns a partial range extending upward from a lower bound.", "class_name": "AnyIndex"}, {"return_value": {"return_description": [], "return_name": [""], "return_type": ["ClosedRange<AnyIndex>"]}, "method_name": "...", "params": [{"param_name": ["minimum"], "param_type": "AnyIndex", "param_description": "The lower bound for the range."}, {"param_name": ["maximum"], "param_type": "AnyIndex", "param_description": "The upper bound for the range."}], "method_description": "Returns a closed range that contains both of its bounds.", "class_name": "AnyIndex"}, {"return_value": {"return_description": [], "return_name": [""], "return_type": ["PartialRangeUpTo<AnyIndex>"]}, "method_name": "..", "params": [{"param_name": ["maximum"], "param_type": "AnyIndex", "param_description": "The upper bound for the range."}], "method_description": "Returns a partial range up to, but not including, its upper bound.", "class_name": "AnyIndex"}, {"return_value": {"return_description": [], "return_name": [""], "return_type": ["Range<AnyIndex>"]}, "method_name": "..", "params": [{"param_name": ["minimum"], "param_type": "AnyIndex", "param_description": "The lower bound for the range."}, {"param_name": ["maximum"], "param_type": "AnyIndex", "param_description": "The upper bound for the range."}], "method_description": "Returns a half-open range that contains its lower bound but not its upper bound.", "class_name": "AnyIndex"}, {"return_value": {"return_description": [], "return_name": [""], "return_type": ["Bool"]}, "method_name": "func", "params": [{"param_name": ["lhs"], "param_type": "AnyIndex", "param_description": "An index to compare."}, {"param_name": ["rhs"], "param_type": "AnyIndex", "param_description": "Another index to compare."}], "method_description": "Returns a Boolean value indicating whether the first argument represents a position before the second argument.", "class_name": "AnyIndex"}, {"return_value": {"return_description": [], "return_name": [""], "return_type": ["Bool"]}, "method_name": "func", "params": [{"param_name": ["lhs"], "param_type": "AnyIndex", "param_description": "A value to compare."}, {"param_name": ["rhs"], "param_type": "AnyIndex", "param_description": "Another value to compare."}], "method_description": "Returns a Boolean value indicating whether the value of the first argument is less than or equal to that of the second argument.", "class_name": "AnyIndex"}, {"return_value": {"return_description": [], "return_name": [""], "return_type": ["Bool"]}, "method_name": "==", "params": [{"param_name": ["lhs"], "param_type": "AnyIndex", "param_description": "An index to compare."}, {"param_name": ["rhs"], "param_type": "AnyIndex", "param_description": "Another index to compare."}], "method_description": "Returns a Boolean value indicating whether two indices wrap equal underlying indices.", "class_name": "AnyIndex"}, {"return_value": {"return_description": [], "return_name": [""], "return_type": ["Bool"]}, "method_name": ">", "params": [{"param_name": ["lhs"], "param_type": "AnyIndex", "param_description": "A value to compare."}, {"param_name": ["rhs"], "param_type": "AnyIndex", "param_description": "Another value to compare."}], "method_description": "Returns a Boolean value indicating whether the value of the first argument is greater than that of the second argument.", "class_name": "AnyIndex"}, {"return_value": {"return_description": ["true if lhs is greater than or equal to rhs; otherwise, false."], "return_name": [""], "return_type": ["Bool"]}, "method_name": ">=", "params": [{"param_name": ["lhs"], "param_type": "AnyIndex", "param_description": "A value to compare."}, {"param_name": ["rhs"], "param_type": "AnyIndex", "param_description": "Another value to compare."}], "method_description": "Returns a Boolean value indicating whether the value of the first argument is greater than or equal to that of the second argument.", "class_name": "AnyIndex"}], "Vars": [], "subclass_list": [], "class_description": "", "package_name": "swift", "class_name": "AnyIndex"}