{"Methods": [{"params": [], "method_name": "init", "is_static": false, "class_name": "Array", "method_description": "Creates a new, empty array.", "return_value": {"return_name": [], "return_description": [], "return_type": []}}, {"params": [{"param_description": "The sequence of elements for the new collection.", "param_name": ["elements"], "param_type": "S"}], "method_name": "init", "is_static": false, "class_name": "Array", "method_description": "Creates a new instance of a collection containing the elements of a sequence.", "return_value": {"return_name": [], "return_description": [], "return_type": []}}, {"params": [{"param_description": "The sequence of elements to turn into an array.", "param_name": ["s"], "param_type": "S"}], "method_name": "init", "is_static": false, "class_name": "Array", "method_description": "Creates an array containing the elements of a sequence.", "return_value": {"return_name": [], "return_description": [], "return_type": []}}, {"params": [{"param_description": "The element to repeat.", "param_name": ["repeating", "repeatedValue"], "param_type": "Element"}, {"param_description": "The number of times to repeat the value passed in the repeating parameter. count must be zero or greater.", "param_name": ["count"], "param_type": "Int"}], "method_name": "init", "is_static": false, "class_name": "Array", "method_description": "Creates a new array containing the specified number of a single, repeated value.", "return_value": {"return_name": [], "return_description": [], "return_type": []}}, {"params": [], "method_name": "randomElement", "is_static": false, "class_name": "Array", "method_description": "Returns a random element of the collection.", "return_value": {"return_name": [""], "return_description": ["A random element from the collection. If the collection is empty, the method returns nil."], "return_type": ["Element"]}}, {"params": [{"param_description": "The random number generator to use when choosing a random element.", "param_name": ["using", "generator"], "param_type": "inout T"}], "method_name": "randomElement", "is_static": false, "class_name": "Array", "method_description": "Returns a random element of the collection, using the given generator as a source for randomness.", "return_value": {"return_name": [""], "return_description": ["A random element from the collection. If the collection is empty, the method returns nil."], "return_type": ["Element"]}}, {"params": [{"param_description": "The requested number of elements to store.", "param_name": ["minimumCapacity"], "param_type": "Int"}], "method_name": "reserveCapacity", "is_static": false, "class_name": "Array", "method_description": "Reserves enough space to store the specified number of elements.", "return_value": {"return_name": [], "return_description": [], "return_type": []}}, {"params": [{"param_description": "The requested number of elements to store.", "param_name": ["minimumCapacity"], "param_type": "Int"}], "method_name": "reserveCapacity", "is_static": false, "class_name": "Array", "method_description": "Reserves enough space to store the specified number of elements.", "return_value": {"return_name": [], "return_description": [], "return_type": []}}, {"params": [{"param_description": "A collection or finite sequence.", "param_name": ["lhs"], "param_type": "Sequence"}, {"param_description": "A range-replaceable collection.", "param_name": ["rhs"], "param_type": "Array<Element>"}], "method_name": "+", "is_static": true, "class_name": "Array", "method_description": "Creates a new collection by concatenating the elements of a sequence and a collection.", "return_value": {"return_name": [""], "return_description": [], "return_type": ["Array<Element>"]}}, {"params": [{"param_description": "A range-replaceable collection.", "param_name": ["lhs"], "param_type": "Array<Element>"}, {"param_description": "A collection or finite sequence.", "param_name": ["rhs"], "param_type": "Other"}], "method_name": "+", "is_static": true, "class_name": "Array", "method_description": "Creates a new collection by concatenating the elements of a collection and a sequence.", "return_value": {"return_name": [""], "return_description": [], "return_type": ["Array<Element>"]}}, {"params": [{"param_description": "A range-replaceable collection.", "param_name": ["lhs"], "param_type": "Array<Element>"}, {"param_description": "Another range-replaceable collection.", "param_name": ["rhs"], "param_type": "Other"}], "method_name": "+", "is_static": true, "class_name": "Array", "method_description": "Creates a new collection by concatenating the elements of two collections.", "return_value": {"return_name": [""], "return_description": [], "return_type": ["Array<Element>"]}}, {"params": [{"param_description": "The array to append to.", "param_name": ["lhs"], "param_type": "inout Array<Element>"}, {"param_description": "A collection or finite sequence.", "param_name": ["rhs"], "param_type": "Other"}], "method_name": "+=", "is_static": true, "class_name": "Array", "method_description": "Appends the elements of a sequence to a range-replaceable collection.", "return_value": {"return_name": [], "return_description": [], "return_type": []}}, {"params": [{"param_description": "The position of the element to remove. index must be a valid index of the array.", "param_name": ["at", "index"], "param_type": "Int"}], "method_name": "remove", "is_static": false, "class_name": "Array", "method_description": "Removes and returns the element at the specified position.", "return_value": {"return_name": [""], "return_description": ["The element at the specified index."], "return_type": ["Element"]}}, {"params": [{"param_description": "The position of the element to remove. index must be a valid index of the array.", "param_name": ["at", "index"], "param_type": "Int"}], "method_name": "remove", "is_static": false, "class_name": "Array", "method_description": "Removes and returns the element at the specified position.", "return_value": {"return_name": [""], "return_description": ["The element at the specified index."], "return_type": ["Element"]}}, {"params": [], "method_name": "removeFirst", "is_static": false, "class_name": "Array", "method_description": "Removes and returns the first element of the collection.", "return_value": {"return_name": [""], "return_description": ["The removed element."], "return_type": ["Element"]}}, {"params": [{"param_description": "The number of elements to remove from the collection. k must be greater than or equal to zero and must not exceed the number of elements in the collection.", "param_name": ["k"], "param_type": "Int"}], "method_name": "removeFirst", "is_static": false, "class_name": "Array", "method_description": "Removes the specified number of elements from the beginning of the collection.", "return_value": {"return_name": [], "return_description": [], "return_type": []}}, {"params": [], "method_name": "removeLast", "is_static": false, "class_name": "Array", "method_description": "Removes and returns the last element of the collection.", "return_value": {"return_name": [""], "return_description": ["The last element of the collection."], "return_type": ["Element"]}}, {"params": [{"param_description": "The number of elements to remove from the collection. k must be greater than or equal to zero and must not exceed the number of elements in the collection.", "param_name": ["k"], "param_type": "Int"}], "method_name": "removeLast", "is_static": false, "class_name": "Array", "method_description": "Removes the specified number of elements from the end of the collection.", "return_value": {"return_name": [], "return_description": [], "return_type": []}}, {"params": [{"param_description": "The range of the collection to be removed. The bounds of the range must be valid indices of the collection.", "param_name": ["bounds"], "param_type": "Range<Int>"}], "method_name": "removeSubrange", "is_static": false, "class_name": "Array", "method_description": "Removes the elements in the specified subrange from the collection.", "return_value": {"return_name": [], "return_description": [], "return_type": []}}, {"params": [{"param_description": "The range of the collection to be removed. The bounds of the range must be valid indices of the collection.", "param_name": ["bounds"], "param_type": "R"}], "method_name": "removeSubrange", "is_static": false, "class_name": "Array", "method_description": "Removes the elements in the specified subrange from the collection.", "return_value": {"return_name": [], "return_description": [], "return_type": []}}, {"params": [{"param_description": "A closure that takes an element of the sequence as its argument and returns a Boolean value indicating whether the element should be removed from the collection.", "param_name": ["where", "shouldBeRemoved"], "param_type": "(Element) throws -> Bool"}], "method_name": "removeAll", "is_static": false, "class_name": "Array", "method_description": "Removes all the elements that satisfy the given predicate.", "return_value": {"return_name": [""], "return_description": [], "return_type": [""]}}, {"params": [{"param_description": "A closure that takes an element of the sequence as its argument and returns a Boolean value indicating whether the element should be removed from the collection.", "param_name": ["where", "shouldBeRemoved"], "param_type": "(Element) throws -> Bool"}], "method_name": "removeAll", "is_static": false, "class_name": "Array", "method_description": "Removes all the elements that satisfy the given predicate.", "return_value": {"return_name": [""], "return_description": [], "return_type": [""]}}, {"params": [{"param_description": "Pass true to keep the existing capacity of the array after removing its elements. The default value is false.", "param_name": ["keepingCapacity", "keepCapacity"], "param_type": "Bool = false"}], "method_name": "removeAll", "is_static": false, "class_name": "Array", "method_description": "Removes all elements from the array.", "return_value": {"return_name": [], "return_description": [], "return_type": []}}, {"params": [{"param_description": "Pass true to keep the existing capacity of the array after removing its elements. The default value is false.", "param_name": ["keepingCapacity", "keepCapacity"], "param_type": "Bool = false"}], "method_name": "removeAll", "is_static": false, "class_name": "Array", "method_description": "Removes all elements from the array.", "return_value": {"return_name": [], "return_description": [], "return_type": []}}, {"params": [], "method_name": "popLast", "is_static": false, "class_name": "Array", "method_description": "Removes and returns the last element of the collection.", "return_value": {"return_name": [""], "return_description": ["The last element of the collection if the collection is not empty; otherwise, nil."], "return_type": ["Element"]}}, {"params": [{"param_description": "The element to find in the sequence.", "param_name": ["element"], "param_type": "Element"}], "method_name": "contains", "is_static": false, "class_name": "Array", "method_description": "Returns a Boolean value indicating whether the sequence contains the given element.", "return_value": {"return_name": [""], "return_description": ["true if the element was found in the sequence; otherwise, false."], "return_type": ["Bool"]}}, {"params": [{"param_description": "A closure that takes an element of the sequence as its argument and returns a Boolean value that indicates whether the passed element represents a match.", "param_name": ["where", "predicate"], "param_type": "(Element) throws -> Bool"}], "method_name": "contains", "is_static": false, "class_name": "Array", "method_description": "Returns a Boolean value indicating whether the sequence contains an element that satisfies the given predicate.", "return_value": {"return_name": [""], "return_description": ["true if the sequence contains an element that satisfies predicate; otherwise, false."], "return_type": [""]}}, {"params": [{"param_description": "A closure that takes an element of the sequence as its argument and returns a Boolean value that indicates whether the passed element satisfies a condition.", "param_name": ["predicate"], "param_type": "(Element) throws -> Bool"}], "method_name": "allSatisfy", "is_static": false, "class_name": "Array", "method_description": "Returns a Boolean value indicating whether every element of a sequence satisfies a given predicate.", "return_value": {"return_name": [""], "return_description": ["true if the sequence contains only elements that satisfy predicate; otherwise, false."], "return_type": ["Bool"]}}, {"params": [{"param_description": "A closure that takes an element of the sequence as its argument and returns a Boolean value indicating whether the element is a match.", "param_name": ["where", "predicate"], "param_type": "(Element) throws -> Bool"}], "method_name": "first", "is_static": false, "class_name": "Array", "method_description": "Returns the first element of the sequence that satisfies the given predicate.", "return_value": {"return_name": [""], "return_description": ["The first element of the sequence that satisfies predicate, or nil if there is no element that satisfies predicate."], "return_type": [""]}}, {"params": [{"param_description": "An element to search for in the collection.", "param_name": ["of", "element"], "param_type": "Element"}], "method_name": "firstIndex", "is_static": false, "class_name": "Array", "method_description": "Returns the first index where the specified value appears in the collection.", "return_value": {"return_name": [""], "return_description": ["The first index where element is found. If element is not found in the collection, returns nil."], "return_type": ["Int"]}}, {"params": [{"param_description": "A closure that takes an element as its argument and returns a Boolean value that indicates whether the passed element represents a match.", "param_name": ["where", "predicate"], "param_type": "(Element) throws -> Bool"}], "method_name": "firstIndex", "is_static": false, "class_name": "Array", "method_description": "Returns the first index in which an element of the collection satisfies the given predicate.", "return_value": {"return_name": [""], "return_description": ["The index of the first element for which predicate returns true. If no elements in the collection satisfy the given predicate, returns nil."], "return_type": [""]}}, {"params": [{"param_description": "A closure that takes an element of the sequence as its argument and returns a Boolean value indicating whether the element is a match.", "param_name": ["where", "predicate"], "param_type": "(Element) throws -> Bool"}], "method_name": "last", "is_static": false, "class_name": "Array", "method_description": "Returns the last element of the sequence that satisfies the given predicate.", "return_value": {"return_name": [""], "return_description": ["The last element of the sequence that satisfies predicate, or nil if there is no element that satisfies predicate."], "return_type": [""]}}, {"params": [{"param_description": "An element to search for in the collection.", "param_name": ["of", "element"], "param_type": "Element"}], "method_name": "lastIndex", "is_static": false, "class_name": "Array", "method_description": "Returns the last index where the specified value appears in the collection.", "return_value": {"return_name": [""], "return_description": ["The last index where element is found. If element is not found in the collection, this method returns nil."], "return_type": ["Int"]}}, {"params": [{"param_description": "A closure that takes an element as its argument and returns a Boolean value that indicates whether the passed element represents a match.", "param_name": ["where", "predicate"], "param_type": "(Element) throws -> Bool"}], "method_name": "lastIndex", "is_static": false, "class_name": "Array", "method_description": "Returns the index of the last element in the collection that matches the given predicate.", "return_value": {"return_name": [""], "return_description": ["The index of the last element in the collection that matches predicate, or nil if no elements match."], "return_type": [""]}}, {"params": [], "method_name": "min", "is_static": false, "class_name": "Array", "method_description": "Returns the minimum element in the sequence.", "return_value": {"return_name": [""], "return_description": ["The sequence\u2019s minimum element. If the sequence has no elements, returns nil."], "return_type": ["Element"]}}, {"params": [{"param_description": "A predicate that returns true if its first argument should be ordered before its second argument; otherwise, false.", "param_name": ["by", "areInIncreasingOrder"], "param_type": "(Element, Element) throws -> Bool"}], "method_name": "min", "is_static": false, "class_name": "Array", "method_description": "Returns the minimum element in the sequence, using the given predicate as the comparison between elements.", "return_value": {"return_name": [""], "return_description": ["The sequence\u2019s minimum element, according to areInIncreasingOrder. If the sequence has no elements, returns nil."], "return_type": ["Element"]}}, {"params": [], "method_name": "max", "is_static": false, "class_name": "Array", "method_description": "Returns the maximum element in the sequence.", "return_value": {"return_name": [""], "return_description": ["The sequence\u2019s maximum element. If the sequence has no elements, returns nil."], "return_type": ["Element"]}}, {"params": [{"param_description": "A predicate that returns true if its first argument should be ordered before its second argument; otherwise, false.", "param_name": ["by", "areInIncreasingOrder"], "param_type": "(Element, Element) throws -> Bool"}], "method_name": "max", "is_static": false, "class_name": "Array", "method_description": "Returns the maximum element in the sequence, using the given predicate as the comparison between elements.", "return_value": {"return_name": [""], "return_description": ["The sequence\u2019s maximum element if the sequence is not empty; otherwise, nil."], "return_type": ["Element"]}}, {"params": [{"param_description": "The maximum number of elements to return. maxLength must be greater than or equal to zero.", "param_name": ["maxLength"], "param_type": "Int"}], "method_name": "prefix", "is_static": false, "class_name": "Array", "method_description": "Returns a subsequence, up to the specified maximum length, containing the initial elements of the collection.", "return_value": {"return_name": [""], "return_description": ["A subsequence starting at the beginning of this collection with at most maxLength elements."], "return_type": ["ArraySlice<Element>"]}}, {"params": [{"param_description": "", "param_name": ["through", "position"], "param_type": "Int"}], "method_name": "prefix", "is_static": false, "class_name": "Array", "method_description": "Returns a subsequence from the start of the collection through the specified position.", "return_value": {"return_name": [""], "return_description": ["A subsequence up to, and including, the end position."], "return_type": ["ArraySlice<Element>"]}}, {"params": [{"param_description": "The \u201cpast the end\u201d index of the resulting subsequence. end must be a valid index of the collection.", "param_name": ["upTo", "end"], "param_type": "Int"}], "method_name": "prefix", "is_static": false, "class_name": "Array", "method_description": "Returns a subsequence from the start of the collection up to, but not including, the specified position.", "return_value": {"return_name": [""], "return_description": ["A subsequence up to, but not including, the end position."], "return_type": ["ArraySlice<Element>"]}}, {"params": [{"param_description": "A closure that takes an element of the sequence as its argument and returns true if the element should be included or false if it should be excluded. Once the predicate returns false it will not be called again.", "param_name": ["while", "predicate"], "param_type": "(Element) throws -> Bool"}], "method_name": "prefix", "is_static": false, "class_name": "Array", "method_description": "Returns a subsequence containing the initial elements until predicate returns false and skipping the remaining elements.", "return_value": {"return_name": [""], "return_description": [], "return_type": ["ArraySlice<Element>"]}}, {"params": [{"param_description": "The maximum number of elements to return. maxLength must be greater than or equal to zero.", "param_name": ["maxLength"], "param_type": "Int"}], "method_name": "suffix", "is_static": false, "class_name": "Array", "method_description": "Returns a subsequence, up to the given maximum length, containing the final elements of the collection.", "return_value": {"return_name": [""], "return_description": ["A subsequence terminating at the end of the collection with at most maxLength elements."], "return_type": ["ArraySlice<Element>"]}}, {"params": [{"param_description": "The index at which to start the resulting subsequence. start must be a valid index of the collection.", "param_name": ["from", "start"], "param_type": "Int"}], "method_name": "suffix", "is_static": false, "class_name": "Array", "method_description": "Returns a subsequence from the specified position to the end of the collection.", "return_value": {"return_name": [""], "return_description": ["A subsequence starting at the start position."], "return_type": ["ArraySlice<Element>"]}}, {"params": [{"param_description": "The number of elements to drop from the beginning of the collection. k must be greater than or equal to zero.", "param_name": ["k"], "param_type": "Int = 1"}], "method_name": "dropFirst", "is_static": false, "class_name": "Array", "method_description": "Returns a subsequence containing all but the given number of initial elements.", "return_value": {"return_name": [""], "return_description": ["A subsequence starting after the specified number of elements."], "return_type": ["ArraySlice<Element>"]}}, {"params": [{"param_description": "The number of elements to drop off the end of the collection. k must be greater than or equal to zero.", "param_name": ["k"], "param_type": "Int"}], "method_name": "dropLast", "is_static": false, "class_name": "Array", "method_description": "Returns a subsequence containing all but the specified number of final elements.", "return_value": {"return_name": [""], "return_description": ["A subsequence that leaves off k elements from the end."], "return_type": ["ArraySlice<Element>"]}}, {"params": [{"param_description": "A closure that takes an element of the sequence as its argument and returns true if the element should be skipped or false if it should be included. Once the predicate returns false it will not be called again.", "param_name": ["while", "predicate"], "param_type": "(Element) throws -> Bool"}], "method_name": "drop", "is_static": false, "class_name": "Array", "method_description": "Returns a subsequence by skipping elements while predicate returns true and returning the remaining elements.", "return_value": {"return_name": [""], "return_description": [], "return_type": ["ArraySlice<Element>"]}}, {"params": [{"param_description": "A mapping closure. transform accepts an element of this sequence as its parameter and returns a transformed value of the same or of a different type.", "param_name": ["transform"], "param_type": "(Element) throws -> T"}], "method_name": "map", "is_static": false, "class_name": "Array", "method_description": "Returns an array containing the results of mapping the given closure over the sequence\u2019s elements.", "return_value": {"return_name": [""], "return_description": ["An array containing the transformed elements of this sequence."], "return_type": ["[T]"]}}, {"params": [{"param_description": "A mapping closure. transform accepts an element of this sequence as its parameter and returns a transformed value of the same or of a different type.", "param_name": ["transform"], "param_type": "(Element) throws -> T"}], "method_name": "map", "is_static": false, "class_name": "Array", "method_description": "Returns an array containing the results of mapping the given closure over the sequence\u2019s elements.", "return_value": {"return_name": [""], "return_description": ["An array containing the transformed elements of this sequence."], "return_type": ["[T]"]}}, {"params": [{"param_description": "A closure that accepts an element of this sequence as its argument and returns an optional value.", "param_name": ["transform"], "param_type": "(Element) throws -> ElementOfResult"}], "method_name": "compactMap", "is_static": false, "class_name": "Array", "method_description": "Returns an array containing the non-nil results of calling the given transformation with each element of this sequence.", "return_value": {"return_name": [""], "return_description": ["An array of the non-nil results of calling transform with each element of the sequence."], "return_type": ["[ElementOfResult]"]}}, {"params": [{"param_description": "The value to use as the initial accumulating value. initialResult is passed to nextPartialResult the first time the closure is executed.", "param_name": ["initialResult"], "param_type": "Result"}, {"param_description": "A closure that combines an accumulating value and an element of the sequence into a new accumulating value, to be used in the next call of the nextPartialResult closure or returned to the caller.", "param_name": ["nextPartialResult"], "param_type": "(Result, Element) throws -> Result"}], "method_name": "reduce", "is_static": false, "class_name": "Array", "method_description": "Returns the result of combining the elements of the sequence using the given closure.", "return_value": {"return_name": [""], "return_description": ["The final accumulated value. If the sequence has no elements, the result is initialResult."], "return_type": ["Result"]}}, {"params": [{"param_description": "A closure that takes an element of the sequence as a parameter.", "param_name": ["body"], "param_type": "(Element) throws -> Void"}], "method_name": "forEach", "is_static": false, "class_name": "Array", "method_description": "Calls the given closure on each element in the sequence in the same order as a for-in loop.", "return_value": {"return_name": [""], "return_description": [], "return_type": ["Void rethrows"]}}, {"params": [], "method_name": "enumerated", "is_static": false, "class_name": "Array", "method_description": "Returns a sequence of pairs (n, x), where n represents a consecutive integer starting at zero and x represents an element of the sequence.", "return_value": {"return_name": [""], "return_description": ["A sequence of pairs enumerating the sequence."], "return_type": ["EnumeratedSequence<Array<Element>>"]}}, {"params": [], "method_name": "makeIterator", "is_static": false, "class_name": "Array", "method_description": "Returns an iterator over the elements of the collection.", "return_value": {"return_name": [""], "return_description": [], "return_type": ["IndexingIterator<Array<Element>>"]}}, {"params": [], "method_name": "sort", "is_static": false, "class_name": "Array", "method_description": "Sorts the collection in place.", "return_value": {"return_name": [], "return_description": [], "return_type": []}}, {"params": [{"param_description": "A predicate that returns true if its first argument should be ordered before its second argument; otherwise, false. If areInIncreasingOrder throws an error during the sort, the elements may be in a different order, but none will be lost.", "param_name": ["by", "areInIncreasingOrder"], "param_type": "(Element, Element) throws -> Bool"}], "method_name": "sort", "is_static": false, "class_name": "Array", "method_description": "Sorts the collection in place, using the given predicate as the comparison between elements.", "return_value": {"return_name": [""], "return_description": [], "return_type": ["Bool rethrows"]}}, {"params": [], "method_name": "sorted", "is_static": false, "class_name": "Array", "method_description": "Returns the elements of the sequence, sorted.", "return_value": {"return_name": [""], "return_description": ["A sorted array of the sequence\u2019s elements."], "return_type": ["[Element]"]}}, {"params": [{"param_description": "A predicate that returns true if its first argument should be ordered before its second argument; otherwise, false.", "param_name": ["by", "areInIncreasingOrder"], "param_type": "(Element, Element) throws -> Bool"}], "method_name": "sorted", "is_static": false, "class_name": "Array", "method_description": "Returns the elements of the sequence, sorted using the given predicate as the comparison between elements.", "return_value": {"return_name": [""], "return_description": ["A sorted array of the sequence\u2019s elements."], "return_type": ["[Element]"]}}, {"params": [], "method_name": "reverse", "is_static": false, "class_name": "Array", "method_description": "Reverses the elements of the collection in place.", "return_value": {"return_name": [], "return_description": [], "return_type": []}}, {"params": [], "method_name": "reversed", "is_static": false, "class_name": "Array", "method_description": "Returns a view presenting the elements of the collection in reverse order.", "return_value": {"return_name": [""], "return_description": [], "return_type": ["ReversedCollection<Array<Element>>"]}}, {"params": [], "method_name": "shuffle", "is_static": false, "class_name": "Array", "method_description": "Shuffles the collection in place.", "return_value": {"return_name": [], "return_description": [], "return_type": []}}, {"params": [{"param_description": "The random number generator to use when shuffling the collection.", "param_name": ["using", "generator"], "param_type": "inout T"}], "method_name": "shuffle", "is_static": false, "class_name": "Array", "method_description": "Shuffles the collection in place, using the given generator as a source for randomness.", "return_value": {"return_name": [], "return_description": [], "return_type": []}}, {"params": [], "method_name": "shuffled", "is_static": false, "class_name": "Array", "method_description": "Returns the elements of the sequence, shuffled.", "return_value": {"return_name": [""], "return_description": ["A shuffled array of this sequence\u2019s elements."], "return_type": ["[Element]"]}}, {"params": [{"param_description": "The random number generator to use when shuffling the sequence.", "param_name": ["using", "generator"], "param_type": "inout T"}], "method_name": "shuffled", "is_static": false, "class_name": "Array", "method_description": "Returns the elements of the sequence, shuffled using the given generator as a source for randomness.", "return_value": {"return_name": [""], "return_description": ["An array of this sequence\u2019s elements in a shuffled order."], "return_type": ["[Element]"]}}, {"params": [{"param_description": "A predicate used to partition the collection. All elements satisfying this predicate are ordered after all elements not satisfying it.", "param_name": ["by", "belongsInSecondPartition"], "param_type": "(Element) throws -> Bool"}], "method_name": "partition", "is_static": false, "class_name": "Array", "method_description": "Reorders the elements of the collection such that all the elements that match the given predicate are after all the elements that don\u2019t match.", "return_value": {"return_name": [""], "return_description": ["The index of the first element in the reordered collection that matches belongsInSecondPartition. If no elements in the collection match belongsInSecondPartition, the returned index is equal to the collection\u2019s endIndex."], "return_type": ["Int"]}}, {"params": [{"param_description": "A predicate used to partition the collection. All elements satisfying this predicate are ordered after all elements not satisfying it.", "param_name": ["by", "belongsInSecondPartition"], "param_type": "(Element) throws -> Bool"}], "method_name": "partition", "is_static": false, "class_name": "Array", "method_description": "Reorders the elements of the collection such that all the elements that match the given predicate are after all the elements that don\u2019t match.", "return_value": {"return_name": [""], "return_description": ["The index of the first element in the reordered collection that matches belongsInSecondPartition. If no elements in the collection match belongsInSecondPartition, the returned index is equal to the collection\u2019s endIndex."], "return_type": ["Int"]}}, {"params": [{"param_description": "The index of the first value to swap.", "param_name": ["i"], "param_type": "Int"}, {"param_description": "The index of the second value to swap.", "param_name": ["j"], "param_type": "Int"}], "method_name": "swapAt", "is_static": false, "class_name": "Array", "method_description": "Exchanges the values at the specified indices of the collection.", "return_value": {"return_name": [], "return_description": [], "return_type": []}}, {"params": [{"param_description": "The element that should be split upon.", "param_name": ["separator"], "param_type": "Element"}, {"param_description": "The maximum number of times to split the collection, or one less than the number of subsequences to return. If maxSplits + 1 subsequences are returned, the last one is a suffix of the original collection containing the remaining elements. maxSplits must be greater than or equal to zero. The default value is Int.max.", "param_name": ["maxSplits"], "param_type": "Int"}, {"param_description": "If false, an empty subsequence is returned in the result for each consecutive pair of separator elements in the collection and for each instance of separator at the start or end of the collection. If true, only nonempty subsequences are returned. The default value is true.", "param_name": ["omittingEmptySubsequences"], "param_type": "Bool = true"}], "method_name": "split", "is_static": false, "class_name": "Array", "method_description": "Returns the longest possible subsequences of the collection, in order, around elements equal to the given element.", "return_value": {"return_name": [""], "return_description": ["An array of subsequences, split from this collection\u2019s elements."], "return_type": ["[ArraySlice<Element>]"]}}, {"params": [{"param_description": "The maximum number of times to split the collection, or one less than the number of subsequences to return. If maxSplits + 1 subsequences are returned, the last one is a suffix of the original collection containing the remaining elements. maxSplits must be greater than or equal to zero. The default value is Int.max.", "param_name": ["maxSplits"], "param_type": "Int"}, {"param_description": "If false, an empty subsequence is returned in the result for each pair of consecutive elements satisfying the isSeparator predicate and for each element at the start or end of the collection satisfying the isSeparator predicate. The default value is true.", "param_name": ["omittingEmptySubsequences"], "param_type": "Bool"}, {"param_description": "A closure that takes an element as an argument and returns a Boolean value indicating whether the collection should be split at that element.", "param_name": ["whereSeparator", "isSeparator"], "param_type": "(Element) throws -> Bool"}], "method_name": "split", "is_static": false, "class_name": "Array", "method_description": "Returns the longest possible subsequences of the collection, in order, that don\u2019t contain elements satisfying the given predicate.", "return_value": {"return_name": [""], "return_description": ["An array of subsequences, split from this collection\u2019s elements."], "return_type": [""]}}, {"params": [], "method_name": "joined", "is_static": false, "class_name": "Array", "method_description": "Returns the elements of this sequence of sequences, concatenated.", "return_value": {"return_name": [""], "return_description": ["A flattened view of the elements of this sequence of sequences."], "return_type": ["FlattenSequence<Array<Element>>"]}}, {"params": [{"param_description": "A sequence to insert between each of this sequence\u2019s elements.", "param_name": ["separator"], "param_type": "Separator"}], "method_name": "joined", "is_static": false, "class_name": "Array", "method_description": "Returns the concatenated elements of this sequence of sequences, inserting the given separator between each element.", "return_value": {"return_name": [""], "return_description": ["The joined sequence of elements."], "return_type": ["JoinedSequence<Array<Element>>"]}}, {"params": [{"param_description": "A string to insert between each of the elements in this sequence. The default separator is an empty string.", "param_name": ["separator"], "param_type": "String = \"\""}], "method_name": "joined", "is_static": false, "class_name": "Array", "method_description": "Returns a new string by concatenating the elements of the sequence, adding the given separator between each element.", "return_value": {"return_name": [""], "return_description": ["A single, concatenated string."], "return_type": ["String"]}}, {"params": [{"param_description": "A string to insert between each of the elements in this sequence. The default separator is an empty string.", "param_name": ["separator"], "param_type": "String = \"\""}], "method_name": "joined", "is_static": false, "class_name": "Array", "method_description": "Returns a new string by concatenating the elements of the sequence, adding the given separator between each element.", "return_value": {"return_name": [""], "return_description": ["A single, concatenated string."], "return_type": ["String"]}}, {"params": [{"param_description": "An array to compare.", "param_name": ["lhs"], "param_type": "Array<Element>"}, {"param_description": "Another array to compare.", "param_name": ["rhs"], "param_type": "Array<Element>"}], "method_name": "==", "is_static": true, "class_name": "Array", "method_description": "Returns a Boolean value indicating whether two arrays contain the same elements in the same order.", "return_value": {"return_name": [""], "return_description": [], "return_type": ["Bool"]}}, {"params": [{"param_description": "A value to compare.", "param_name": ["lhs"], "param_type": "Array<Element>"}, {"param_description": "Another value to compare.", "param_name": ["rhs"], "param_type": "Array<Element>"}], "method_name": "!=", "is_static": true, "class_name": "Array", "method_description": "Returns a Boolean value indicating whether two values are not equal.", "return_value": {"return_name": [""], "return_description": [], "return_type": ["Bool"]}}, {"params": [{"param_description": "A sequence to compare to this sequence.", "param_name": ["other"], "param_type": "OtherSequence"}], "method_name": "elementsEqual", "is_static": false, "class_name": "Array", "method_description": "Returns a Boolean value indicating whether this sequence and another sequence contain the same elements in the same order.", "return_value": {"return_name": [""], "return_description": ["true if this sequence and other contain the same elements in the same order."], "return_type": ["Bool"]}}, {"params": [{"param_description": "A sequence to compare to this sequence.", "param_name": ["other"], "param_type": "Sequence"}, {"param_description": "A predicate that returns true if its two arguments are equivalent; otherwise, false.", "param_name": ["by", "areEquivalent"], "param_type": "(Element, OtherSequence.Element) throws -> Bool"}], "method_name": "elementsEqual", "is_static": false, "class_name": "Array", "method_description": "Returns a Boolean value indicating whether this sequence and another sequence contain equivalent elements in the same order, using the given predicate as the equivalence test.", "return_value": {"return_name": [""], "return_description": ["true if this sequence and other contain equivalent items, using areEquivalent as the equivalence test; otherwise, false."], "return_type": ["Bool"]}}, {"params": [{"param_description": "A sequence to compare to this sequence.", "param_name": ["with", "possiblePrefix"], "param_type": "PossiblePrefix"}], "method_name": "starts", "is_static": false, "class_name": "Array", "method_description": "Returns a Boolean value indicating whether the initial elements of the sequence are the same as the elements in another sequence.", "return_value": {"return_name": [""], "return_description": ["true if the initial elements of the sequence are the same as the elements of possiblePrefix; otherwise, false. If possiblePrefix has no elements, the return value is true."], "return_type": ["Bool"]}}, {"params": [{"param_description": "A sequence to compare to this sequence.", "param_name": ["with", "possiblePrefix"], "param_type": "Sequence"}, {"param_description": "A predicate that returns true if its two arguments are equivalent; otherwise, false.", "param_name": ["by", "areEquivalent"], "param_type": "(Element, PossiblePrefix.Element) throws -> Bool"}], "method_name": "starts", "is_static": false, "class_name": "Array", "method_description": "Returns a Boolean value indicating whether the initial elements of the sequence are equivalent to the elements in another sequence, using the given predicate as the equivalence test.", "return_value": {"return_name": [""], "return_description": ["true if the initial elements of the sequence are equivalent to the elements of possiblePrefix; otherwise, false. If possiblePrefix has no elements, the return value is true."], "return_type": ["Bool"]}}, {"params": [{"param_description": "A sequence to compare to this sequence.", "param_name": ["other"], "param_type": "OtherSequence"}], "method_name": "lexicographicallyPrecedes", "is_static": false, "class_name": "Array", "method_description": "Returns a Boolean value indicating whether the sequence precedes another sequence in a lexicographical (dictionary) ordering, using the less-than operator (<) to compare elements.", "return_value": {"return_name": [""], "return_description": ["true if this sequence precedes other in a dictionary ordering; otherwise, false."], "return_type": ["Bool"]}}, {"params": [{"param_description": "A sequence to compare to this sequence.", "param_name": ["other"], "param_type": "Sequence"}, {"param_description": "A predicate that returns true if its first argument should be ordered before its second argument; otherwise, false.", "param_name": ["by", "areInIncreasingOrder"], "param_type": "(Element, Element) throws -> Bool"}], "method_name": "lexicographicallyPrecedes", "is_static": false, "class_name": "Array", "method_description": "Returns a Boolean value indicating whether the sequence precedes another sequence in a lexicographical (dictionary) ordering, using the given predicate to compare elements.", "return_value": {"return_name": [""], "return_description": ["true if this sequence precedes other in a dictionary ordering as ordered by areInIncreasingOrder; otherwise, false."], "return_type": ["Bool"]}}, {"params": [{"param_description": "A valid index of the collection. i must be less than endIndex.", "param_name": ["after", "i"], "param_type": "Int"}], "method_name": "index", "is_static": false, "class_name": "Array", "method_description": "Returns the position immediately after the given index.", "return_value": {"return_name": [""], "return_description": ["The index immediately after i."], "return_type": ["Int"]}}, {"params": [{"param_description": "A valid index of the collection. i must be less than endIndex.", "param_name": ["after", "i"], "param_type": "inout Int"}], "method_name": "formIndex", "is_static": false, "class_name": "Array", "method_description": "Replaces the given index with its successor.", "return_value": {"return_name": [], "return_description": [], "return_type": []}}, {"params": [{"param_description": "A valid index of the collection. i must be greater than startIndex.", "param_name": ["before", "i"], "param_type": "Int"}], "method_name": "index", "is_static": false, "class_name": "Array", "method_description": "Returns the position immediately before the given index.", "return_value": {"return_name": [""], "return_description": ["The index immediately before i."], "return_type": ["Int"]}}, {"params": [{"param_description": "A valid index of the collection. i must be greater than startIndex.", "param_name": ["before", "i"], "param_type": "inout Int"}], "method_name": "formIndex", "is_static": false, "class_name": "Array", "method_description": "Replaces the given index with its predecessor.", "return_value": {"return_name": [], "return_description": [], "return_type": []}}, {"params": [{"param_description": "A valid index of the array.", "param_name": ["i"], "param_type": "Int"}, {"param_description": "The distance to offset i.", "param_name": ["offsetBy", "distance"], "param_type": "Int"}], "method_name": "index", "is_static": false, "class_name": "Array", "method_description": "Returns an index that is the specified distance from the given index.", "return_value": {"return_name": [""], "return_description": ["An index offset by distance from the index i. If distance is positive, this is the same value as the result of distance calls to index(after:). If distance is negative, this is the same value as the result of abs(distance) calls to index(before:)."], "return_type": ["Int"]}}, {"params": [{"param_description": "A valid index of the collection.", "param_name": ["i"], "param_type": "inout Int"}, {"param_description": "The distance to offset i. distance must not be negative unless the collection conforms to the BidirectionalCollection protocol.", "param_name": ["offsetBy", "distance"], "param_type": "Int"}], "method_name": "formIndex", "is_static": false, "class_name": "Array", "method_description": "Offsets the given index by the specified distance.", "return_value": {"return_name": [], "return_description": [], "return_type": []}}, {"params": [{"param_description": "A valid index of the array.", "param_name": ["i"], "param_type": "Int"}, {"param_description": "The distance to offset i.", "param_name": ["offsetBy", "distance"], "param_type": "Int"}, {"param_description": "A valid index of the collection to use as a limit. If distance > 0, limit has no effect if it is less than i. Likewise, if distance < 0, limit has no effect if it is greater than i.", "param_name": ["limitedBy", "limit"], "param_type": "Int"}], "method_name": "index", "is_static": false, "class_name": "Array", "method_description": "Returns an index that is the specified distance from the given index, unless that distance is beyond a given limiting index.", "return_value": {"return_name": [""], "return_description": ["An index offset by distance from the index i, unless that index would be beyond limit in the direction of movement. In that case, the method returns nil."], "return_type": ["Int"]}}, {"params": [{"param_description": "A valid index of the collection.", "param_name": ["i"], "param_type": "inout Int"}, {"param_description": "The distance to offset i. distance must not be negative unless the collection conforms to the BidirectionalCollection protocol.", "param_name": ["offsetBy", "distance"], "param_type": "Int"}, {"param_description": "A valid index of the collection to use as a limit. If distance > 0, a limit that is less than i has no effect. Likewise, if distance < 0, a limit that is greater than i has no effect.", "param_name": ["limitedBy", "limit"], "param_type": "Int"}], "method_name": "formIndex", "is_static": false, "class_name": "Array", "method_description": "Offsets the given index by the specified distance, or so that it equals the given limiting index.", "return_value": {"return_name": [""], "return_description": ["true if i has been offset by exactly distance steps without going beyond limit; otherwise, false. When the return value is false, the value of i is equal to limit."], "return_type": ["Bool"]}}, {"params": [{"param_description": "A valid index of the collection.", "param_name": ["from", "start"], "param_type": "Int"}, {"param_description": "Another valid index of the collection. If end is equal to start, the result is zero.", "param_name": ["to", "end"], "param_type": "Int"}], "method_name": "distance", "is_static": false, "class_name": "Array", "method_description": "Returns the distance between two indices.", "return_value": {"return_name": [""], "return_description": ["The distance between start and end."], "return_type": ["Int"]}}, {"params": [{"param_description": "A closure with an UnsafeBufferPointer parameter that points to the contiguous storage for the array.  If no such storage exists, it is created. If body has a return value, that value is also used as the return value for the withUnsafeBufferPointer(_:) method. The pointer argument is valid only for the duration of the method\u2019s execution.", "param_name": ["body"], "param_type": "(UnsafeBufferPointer<Element>) throws -> R"}], "method_name": "withUnsafeBufferPointer", "is_static": false, "class_name": "Array", "method_description": "Calls a closure with a pointer to the array\u2019s contiguous storage.", "return_value": {"return_name": [""], "return_description": ["The return value, if any, of the body closure parameter."], "return_type": ["R"]}}, {"params": [{"param_description": "A closure with an UnsafeMutableBufferPointer parameter that points to the contiguous storage for the array. If no such storage exists, it is created. If body has a return value, that value is also used as the return value for the withUnsafeMutableBufferPointer(_:) method. The pointer argument is valid only for the duration of the method\u2019s execution.", "param_name": ["body"], "param_type": "(inout UnsafeMutableBufferPointer<Element>) throws -> R"}], "method_name": "withUnsafeMutableBufferPointer", "is_static": false, "class_name": "Array", "method_description": "Calls the given closure with a pointer to the array\u2019s mutable contiguous storage.", "return_value": {"return_name": [""], "return_description": ["The return value, if any, of the body closure parameter."], "return_type": ["R"]}}, {"params": [{"param_description": "A closure with an UnsafeRawBufferPointer parameter that points to the contiguous storage for the array. If no such storage exists, it is created. If body has a return value, that value is also used as the return value for the withUnsafeBytes(_:) method. The argument is valid only for the duration of the closure\u2019s execution.", "param_name": ["body"], "param_type": "(UnsafeRawBufferPointer) throws -> R"}], "method_name": "withUnsafeBytes", "is_static": false, "class_name": "Array", "method_description": "Calls the given closure with a pointer to the underlying bytes of the array\u2019s contiguous storage.", "return_value": {"return_name": [""], "return_description": ["The return value, if any, of the body closure parameter."], "return_type": ["R"]}}, {"params": [{"param_description": "A closure with an UnsafeMutableRawBufferPointer parameter that points to the contiguous storage for the array. If no such storage exists, it is created. If body has a return value, that value is also used as the return value for the withUnsafeMutableBytes(_:) method. The argument is valid only for the duration of the closure\u2019s execution.", "param_name": ["body"], "param_type": "(UnsafeMutableRawBufferPointer) throws -> R"}], "method_name": "withUnsafeMutableBytes", "is_static": false, "class_name": "Array", "method_description": "Calls the given closure with a pointer to the underlying bytes of the array\u2019s mutable contiguous storage.", "return_value": {"return_name": [""], "return_description": ["The return value, if any, of the body closure parameter."], "return_type": ["R"]}}, {"params": [{"param_description": "The encoder to write data to.", "param_name": ["to", "encoder"], "param_type": "Encoder"}], "method_name": "encode", "is_static": false, "class_name": "Array", "method_description": "Encodes the elements of this array into the given encoder in an unkeyed container.", "return_value": {"return_name": [], "return_description": [], "return_type": []}}, {"params": [{"param_description": "The decoder to read data from.", "param_name": ["from", "decoder"], "param_type": "Decoder"}], "method_name": "init", "is_static": false, "class_name": "Array", "method_description": "Creates a new array by decoding from the given decoder.", "return_value": {"return_name": [], "return_description": [], "return_type": []}}, {"params": [{"param_description": "The hasher to use when combining the components of this instance.", "param_name": ["into", "hasher"], "param_type": "inout Hasher"}], "method_name": "hash", "is_static": false, "class_name": "Array", "method_description": "Hashes the essential components of this value by feeding them into the given hasher.", "return_value": {"return_name": [], "return_description": [], "return_type": []}}, {"params": [{"param_description": "", "param_name": ["column"], "param_type": "MLDataColumn<Element>"}], "method_name": "init", "is_static": false, "class_name": "Array", "method_description": "Creates an array from a column in a machine learning data table.", "return_value": {"return_name": [], "return_description": [], "return_type": []}}, {"params": [{"param_description": "", "param_name": ["untypedColumn"], "param_type": "MLUntypedColumn"}], "method_name": "init", "is_static": false, "class_name": "Array", "method_description": "Creates an array from an untyped column in a machine learning data table.", "return_value": {"return_name": [], "return_description": [], "return_type": []}}, {"params": [{"param_description": "", "param_name": ["from", "dataValue"], "param_type": "MLDataValue"}], "method_name": "init", "is_static": false, "class_name": "Array", "method_description": "Creates an array from a machine learning data value.", "return_value": {"return_name": [], "return_description": [], "return_type": []}}, {"params": [{"param_description": "A variadic list of elements of the new array.", "param_name": ["arrayLiteral", "elements"], "param_type": "Element..."}], "method_name": "init", "is_static": false, "class_name": "Array", "method_description": "Creates an array from the given array literal.", "return_value": {"return_name": [], "return_description": [], "return_type": []}}], "Vars": [{"var_type": "Bool", "var_description": "A Boolean value indicating whether the collection is empty.", "var_name": "isEmpty"}, {"var_type": "Int", "var_description": "The number of elements in the array.", "var_name": "count"}, {"var_type": "Int", "var_description": "The number of elements in the array.", "var_name": "count"}, {"var_type": "Int", "var_description": "The total number of elements that the array can contain without allocating new storage.", "var_name": "capacity"}, {"var_type": "Element", "var_description": "The first element of the collection.", "var_name": "first"}, {"var_type": "Element", "var_description": "The last element of the collection.", "var_name": "last"}, {"var_type": "LazySequence<Array<Element>>", "var_description": "A sequence containing the same elements as this sequence, but on which some operations, such as map and filter, are implemented lazily.", "var_name": "lazy"}, {"var_type": "Int", "var_description": "A value less than or equal to the number of elements in the collection.", "var_name": "underestimatedCount"}, {"var_type": "Int", "var_description": "A value less than or equal to the number of elements in the collection.", "var_name": "underestimatedCount"}, {"var_type": "Int", "var_description": "The position of the first element in a nonempty array.", "var_name": "startIndex"}, {"var_type": "Int", "var_description": "The array\u2019s \u201cpast the end\u201d position\u2014that is, the position one greater than the last valid subscript argument.", "var_name": "endIndex"}, {"var_type": "Range<Int>", "var_description": "The indices that are valid for subscripting the collection, in ascending order.", "var_name": "indices"}, {"var_type": "String", "var_description": "A textual representation of the array and its elements.", "var_name": "description"}, {"var_type": "String", "var_description": "A textual representation of the array and its elements, suitable for debugging.", "var_name": "debugDescription"}, {"var_type": "Mirror", "var_description": "A mirror that reflects the array.", "var_name": "customMirror"}, {"var_type": "MLDataValue", "var_description": "A machine learning data value representation of the array.", "var_name": "dataValue"}, {"var_type": "MLDataValue.ValueType", "var_description": "The kind of machine learning data value to which the array may be converted.", "var_name": "dataValueType"}], "interface_list": ["CKRecordValueProtocol", "CustomDebugStringConvertible", "CustomReflectable", "CustomStringConvertible", "CVarArg", "Decodable", "Encodable", "Equatable", "ExpressibleByArrayLiteral", "Hashable", "MLDataValueConvertible", "MutableCollection", "RandomAccessCollection", "RangeReplaceableCollection"], "package_name": "foundation", "subclass_list": [], "class_name": "Array", "class_description": "Arrays are one of the most commonly used data types in an app. You use arrays to organize your app\u2019s data. Specifically, you use the Array type to hold elements of a single type, the array\u2019s Element type. An array can store any kind of elements\u2014from integers to strings to classes.\nSwift makes it easy to create arrays in your code using an array literal: simply surround a comma-separated list of values with square brackets. Without any other information, Swift creates an array that includes the specified values, automatically inferring the array\u2019s Element type. For example:\nYou can create an empty array by specifying the Element type of your array in the declaration. For example:\nIf you need an array that is preinitialized with a fixed number of default values, use the Array(repeating:count:) initializer.\nWhen you need to perform an operation on all of an array\u2019s elements, use a for-in loop to iterate through the array\u2019s contents.\nUse the isEmpty property to check quickly whether an array has any elements, or use the count property to find the number of elements in the array.\nUse the first and last properties for safe access to the value of the array\u2019s first and last elements. If the array is empty, these properties are nil.\nYou can access individual array elements through a subscript. The first element of a nonempty array is always at index zero. You can subscript an array with any integer from zero up to, but not including, the count of the array. Using a negative number or an index equal to or greater than count triggers a runtime error. For example:\nSuppose you need to store a list of the names of students that are signed up for a class you\u2019re teaching. During the registration period, you need to add and remove names as students add and drop the class.\nTo add single elements to the end of an array, use the append(_:) method. Add multiple elements at the same time by passing another array or a sequence of any kind to the append(contentsOf:) method.\nYou can add new elements in the middle of an array by using the insert(_:at:) method for single elements and by using insert(contentsOf:at:) to insert multiple elements from another collection or array literal. The elements at that index and later indices are shifted back to make room.\nTo remove elements from an array, use the remove(at:), removeSubrange(_:), and removeLast() methods.\nYou can replace an existing element with a new value by assigning the new value to the subscript.\nEvery array reserves a specific amount of memory to hold its contents. When you add elements to an array and that array begins to exceed its reserved capacity, the array allocates a larger region of memory and copies its elements into the new storage. The new storage is a multiple of the old storage\u2019s size. This exponential growth strategy means that appending an element happens in constant time, averaging the performance of many append operations. Append operations that trigger reallocation have a performance cost, but they occur less and less often as the array grows larger.\nIf you know approximately how many elements you will need to store, use the reserveCapacity(_:) method before appending to the array to avoid intermediate reallocations. Use the capacity and count properties to determine how many more elements the array can store without allocating larger storage.\nFor arrays of most Element types, this storage is a contiguous block of memory. For arrays with an Element type that is a class or @objc protocol type, this storage can be a contiguous block of memory or an instance of NSArray. Because any arbitrary subclass of NSArray can become an Array, there are no guarantees about representation or efficiency in this case.\nEach array has an independent value that includes the values of all of its elements. For simple types such as integers and other structures, this means that when you change a value in one array, the value of that element does not change in any copies of the array. For example:\nIf the elements in an array are instances of a class, the semantics are the same, though they might appear different at first. In this case, the values stored in the array are references to objects that live outside the array. If you change a reference to an object in one array, only that array has a reference to the new object. However, if two arrays contain references to the same object, you can observe changes to that object\u2019s properties from both arrays. For example:\nArrays, like all variable-size collections in the standard library, use copy-on-write optimization. Multiple copies of an array share the same storage until you modify one of the copies. When that happens, the array being modified replaces its storage with a uniquely owned copy of itself, which is then modified in place. Optimizations are sometimes applied that can reduce the amount of copying.\nThis means that if an array is sharing storage with other copies, the first mutating operation on that array incurs the cost of copying the array. An array that is the sole owner of its storage can perform mutating operations in place.\nIn the example below, a numbers array is created along with two copies that share the same storage. When the original numbers array is modified, it makes a unique copy of its storage before making the modification. Further modifications to numbers are made in place, while the two copies continue to share the original storage.\nWhen you need to access APIs that require data in an NSArray instance instead of Array, use the type-cast operator (as) to bridge your instance. For bridging to be possible, the Element type of your array must be a class, an @objc protocol (a protocol imported from Objective-C or marked with the @objc attribute), or a type that bridges to a Foundation type.\nThe following example shows how you can bridge an Array instance to NSArray to use the write(to:atomically:) method. In this example, the colors array can be bridged to NSArray because the colors array\u2019s String elements bridge to NSString. The compiler prevents bridging the moreColors array, on the other hand, because its Element type is Optional<String>, which does not bridge to a Foundation type.\nBridging from Array to NSArray takes O(1) time and O(1) space if the array\u2019s elements are already instances of a class or an @objc protocol; otherwise, it takes O(n) time and space.\nWhen the destination array\u2019s element type is a class or an @objc protocol, bridging from NSArray to Array first calls the copy(with:) (- copyWithZone: in Objective-C) method on the array to get an immutable copy and then performs additional Swift bookkeeping work that takes O(1) time. For instances of NSArray that are already immutable, copy(with:) usually returns the same array in O(1) time; otherwise, the copying performance is unspecified. If copy(with:) returns the same array, the instances of NSArray and Array share storage using the same copy-on-write optimization that is used when two instances of Array share storage.\nWhen the destination array\u2019s element type is a nonclass type that bridges to a Foundation type, bridging from NSArray to Array performs a bridging copy of the elements to contiguous storage in O(n) time. For example, bridging from NSArray to Array<Int> performs such a copy. No further bridging is required when accessing elements of the Array instance.\nNote\nThe ContiguousArray and ArraySlice types are not bridged; instances of those types always have a contiguous block of memory as their storage.\n", "class_inherit_list": []}