{"class_inherit_list": [], "interface_list": ["CustomDebugStringConvertible", "CVarArg", "Equatable"], "Methods": [{"return_value": {"return_description": [], "return_name": [""], "return_type": ["Bool"]}, "method_name": "==", "params": [{"param_name": ["x"], "param_type": "AutoreleasingUnsafeMutablePointer<Pointee>", "param_description": ""}, {"param_name": ["y"], "param_type": "AutoreleasingUnsafeMutablePointer<Pointee>", "param_description": ""}], "method_description": "Returns a Boolean value indicating whether two values are equal.", "class_name": "AutoreleasingUnsafeMutablePointer"}, {"return_value": {"return_description": [], "return_name": [""], "return_type": ["Bool"]}, "method_name": "!=", "params": [{"param_name": ["lhs"], "param_type": "AutoreleasingUnsafeMutablePointer<Pointee>", "param_description": "A value to compare."}, {"param_name": ["rhs"], "param_type": "AutoreleasingUnsafeMutablePointer<Pointee>", "param_description": "Another value to compare."}], "method_description": "Returns a Boolean value indicating whether two values are not equal.", "class_name": "AutoreleasingUnsafeMutablePointer"}], "Vars": [{"var_name": "pointee", "var_type": "Pointee", "var_description": "Access the Pointee instance referenced by self."}], "subclass_list": [], "class_description": "This type has implicit conversions to allow passing any of the following to a C or ObjC API:\nnil, which gets passed as a null pointer,\nan inout argument of the referenced type, which gets passed as a pointer to a writeback temporary with autoreleasing ownership semantics,\nan UnsafeMutablePointer<Pointee>, which is passed as-is.\nPassing pointers to mutable arrays of ObjC class pointers is not directly supported. Unlike UnsafeMutablePointer<Pointee>, AutoreleasingUnsafeMutablePointer<Pointee> must reference storage that does not own a reference count to the referenced value. UnsafeMutablePointer\u2019s operations, by contrast, assume that the referenced storage owns values loaded from or stored to it.\nThis type does not carry an owner pointer unlike the other C*Pointer types because it only needs to reference the results of inout conversions, which already have writeback-scoped lifetime.\n", "package_name": "swift", "class_name": "AutoreleasingUnsafeMutablePointer"}