{"Methods": [{"params": [{"param_description": "The block to add to the new block operation object\u2019s list. The block should take no parameters and have no return value.", "param_name": ["block"], "param_type": "@escaping () -> Void"}], "method_name": "init", "is_static": false, "class_name": "BlockOperation", "method_description": "Creates and returns an NSBlockOperation object and adds the specified block to it.", "return_value": {"return_name": [""], "return_description": ["A new block operation object."], "return_type": ["Void"]}}, {"params": [{"param_description": "The block to add to the receiver\u2019s list. The block should take no parameters and have no return value.", "param_name": ["block"], "param_type": "@escaping () -> Void"}], "method_name": "addExecutionBlock", "is_static": false, "class_name": "BlockOperation", "method_description": "Adds the specified block to the receiver\u2019s list of blocks to perform.", "return_value": {"return_name": [""], "return_description": [], "return_type": ["Void"]}}], "Vars": [{"var_type": "[()", "var_description": "The blocks associated with the receiver.", "var_name": "executionBlocks"}], "interface_list": ["CVarArg", "Equatable", "Hashable"], "package_name": "foundation", "subclass_list": [], "class_name": "BlockOperation", "class_description": "The BlockOperation class is a concrete subclass of Operation that manages the concurrent execution of one or more blocks. You can use this object to execute several blocks at once without having to create separate operation objects for each. When executing more than one block, the operation itself is considered finished only when all blocks have finished executing. \nBlocks added to a block operation are dispatched with default priority to an appropriate work queue. The blocks themselves should not make any assumptions about the configuration of their execution environment.\nFor more information about blocks, see Blocks Programming Topics. \n", "class_inherit_list": ["Operation"]}