{"class_inherit_list": [], "interface_list": ["CKRecordValueProtocol", "CustomPlaygroundQuickLookable", "CustomReflectable", "CustomStringConvertible", "CVarArg", "Equatable", "ExpressibleByBooleanLiteral", "Hashable", "LosslessStringConvertible"], "Methods": [{"return_value": {"return_description": [], "return_name": [""], "return_type": ["Bool"]}, "method_name": "==", "params": [{"param_name": ["lhs"], "param_type": "Bool", "param_description": ""}, {"param_name": ["rhs"], "param_type": "Bool", "param_description": ""}], "method_description": "", "class_name": "Bool"}, {"return_value": {"return_description": [], "return_name": [""], "return_type": ["Bool"]}, "method_name": "!=", "params": [{"param_name": ["lhs"], "param_type": "Bool", "param_description": "A value to compare."}, {"param_name": ["rhs"], "param_type": "Bool", "param_description": "Another value to compare."}], "method_description": "Returns a Boolean value indicating whether two values are not equal.", "class_name": "Bool"}, {"return_value": {"return_description": [], "return_name": [], "return_type": []}, "method_name": "toggle", "params": [], "method_description": "Toggles the Boolean variable\u2019s value.", "class_name": "Bool"}, {"return_value": {"return_description": [], "return_name": [""], "return_type": ["Bool"]}, "method_name": "!", "params": [{"param_name": ["a"], "param_type": "Bool", "param_description": "The Boolean value to negate."}], "method_description": "Performs a logical NOT operation on a Boolean value.", "class_name": "Bool"}, {"return_value": {"return_description": [], "return_name": [""], "return_type": ["Bool"]}, "method_name": "||", "params": [{"param_name": ["lhs"], "param_type": "Bool", "param_description": "The left-hand side of the operation."}, {"param_name": ["rhs"], "param_type": "@autoclosure () throws -> Bool", "param_description": "The right-hand side of the operation."}], "method_description": "Performs a logical OR operation on two Boolean values.", "class_name": "Bool"}, {"return_value": {"return_description": [], "return_name": [""], "return_type": ["Bool"]}, "method_name": "&&", "params": [{"param_name": ["lhs"], "param_type": "Bool", "param_description": "The left-hand side of the operation."}, {"param_name": ["rhs"], "param_type": "@autoclosure () throws -> Bool", "param_description": "The right-hand side of the operation."}], "method_description": "Performs a logical AND operation on two Boolean values.", "class_name": "Bool"}, {"return_value": {"return_description": ["Either true or false, randomly chosen with equal probability."], "return_name": [""], "return_type": ["Bool"]}, "method_name": "random", "params": [], "method_description": "Returns a random Boolean value.", "class_name": "Bool"}, {"return_value": {"return_description": ["Either true or false, randomly chosen with equal probability."], "return_name": [""], "return_type": ["Bool"]}, "method_name": "random", "params": [{"param_name": ["using", "generator"], "param_type": "inout T", "param_description": "The random number generator to use when creating the new random value."}], "method_description": "Returns a random Boolean value, using the given generator as a source for randomness.", "class_name": "Bool"}, {"return_value": {"return_description": [], "return_name": [], "return_type": []}, "method_name": "hash", "params": [{"param_name": ["into", "hasher"], "param_type": "inout Hasher", "param_description": "The hasher to use when combining the components of this instance."}], "method_description": "Hashes the essential components of this value by feeding them into the given hasher.", "class_name": "Bool"}, {"return_value": {"return_description": [], "return_name": [], "return_type": []}, "method_name": "init", "params": [{"param_name": ["value"], "param_type": "Bool", "param_description": "The Boolean value to copy."}], "method_description": "Creates an instance equal to the given Boolean value.", "class_name": "Bool"}, {"return_value": {"return_description": [], "return_name": [], "return_type": []}, "method_name": "init", "params": [{"param_name": ["description"], "param_type": "String", "param_description": "A string representation of the Boolean value."}], "method_description": "Creates a new Boolean value from the given string.", "class_name": "Bool"}, {"return_value": {"return_description": [], "return_name": [], "return_type": []}, "method_name": "init", "params": [{"param_name": ["from", "decoder"], "param_type": "Decoder", "param_description": "The decoder to read data from."}], "method_description": "Creates a new instance by decoding from the given decoder.", "class_name": "Bool"}, {"return_value": {"return_description": [], "return_name": [], "return_type": []}, "method_name": "encode", "params": [{"param_name": ["to", "encoder"], "param_type": "Encoder", "param_description": "The encoder to write data to."}], "method_description": "Encodes this value into the given encoder.", "class_name": "Bool"}, {"return_value": {"return_description": [], "return_name": [], "return_type": []}, "method_name": "init", "params": [{"param_name": ["from", "dataValue"], "param_type": "MLDataValue", "param_description": ""}], "method_description": "", "class_name": "Bool"}, {"return_value": {"return_description": [], "return_name": [], "return_type": []}, "method_name": "init", "params": [], "method_description": "Creates an instance initialized to false.", "class_name": "Bool"}, {"return_value": {"return_description": [], "return_name": [], "return_type": []}, "method_name": "init", "params": [{"param_name": ["booleanLiteral", "value"], "param_type": "Bool", "param_description": "The value of the new instance."}], "method_description": "Creates an instance initialized to the specified Boolean literal.", "class_name": "Bool"}], "Vars": [{"var_name": "description", "var_type": "String", "var_description": "A textual representation of the Boolean value."}, {"var_name": "customMirror", "var_type": "Mirror", "var_description": "A mirror that reflects the Bool instance."}, {"var_name": "dataValue", "var_type": "MLDataValue", "var_description": ""}, {"var_name": "dataValueType", "var_type": "MLDataValue.ValueType", "var_description": ""}], "subclass_list": [], "class_description": "Bool represents Boolean values in Swift. Create instances of Bool by using one of the Boolean literals true or false, or by assigning the result of a Boolean method or operation to a variable or constant.\nSwift uses only simple Boolean values in conditional contexts to help avoid accidental programming errors and to help maintain the clarity of each control statement. Unlike in other programming languages, in Swift, integers and strings cannot be used where a Boolean value is required.\nFor example, the following code sample does not compile, because it attempts to use the integer i in a logical context:\nThe correct approach in Swift is to compare the i value with zero in the while statement.\nThe C bool and Boolean types and the Objective-C BOOL type are all bridged into Swift as Bool. The single Bool type in Swift guarantees that functions, methods, and properties imported from C and Objective-C have a consistent type interface.\n", "package_name": "swift", "class_name": "Bool"}