{"Methods": [{"params": [{"param_description": "", "param_name": ["rawValue"], "param_type": "UInt"}], "method_name": "init", "is_static": false, "class_name": "ByteCountFormatter.Units", "method_description": "", "return_value": {"return_name": [], "return_description": [], "return_type": []}}], "Vars": [{"var_type": "ByteCountFormatter.Units", "var_description": "Displays bytes in the formatter content.", "var_name": "useBytes"}, {"var_type": "ByteCountFormatter.Units", "var_description": "Displays kilobytes in the formatter content.", "var_name": "useKB"}, {"var_type": "ByteCountFormatter.Units", "var_description": "Displays megabytes in the formatter content.", "var_name": "useMB"}, {"var_type": "ByteCountFormatter.Units", "var_description": "Displays gigabytes in the formatter content.", "var_name": "useGB"}, {"var_type": "ByteCountFormatter.Units", "var_description": "Displays terabytes in the formatter content.", "var_name": "useTB"}, {"var_type": "ByteCountFormatter.Units", "var_description": "Displays petabyte in the formatter content.", "var_name": "usePB"}, {"var_type": "ByteCountFormatter.Units", "var_description": "Displays exabytes in the formatter content.", "var_name": "useEB"}, {"var_type": "ByteCountFormatter.Units", "var_description": "Displays zettabytes in the formatter content.", "var_name": "useZB"}, {"var_type": "ByteCountFormatter.Units", "var_description": "Displays yottabytes in the formatter content.", "var_name": "useYBOrHigher"}, {"var_type": "ByteCountFormatter.Units", "var_description": "Can use any unit in the formatter content.", "var_name": "useAll"}], "interface_list": ["OptionSet"], "package_name": "foundation", "subclass_list": [], "class_name": "ByteCountFormatter.Units", "class_description": "", "class_inherit_list": []}