{"Methods": [{"params": [{"param_description": "The byte count.", "param_name": ["fromByteCount", "byteCount"], "param_type": "Int64"}, {"param_description": "The formatter style. See ByteCountFormatter.CountStyle for possible values.", "param_name": ["countStyle"], "param_type": "ByteCountFormatter.CountStyle"}], "method_name": "string", "is_static": false, "class_name": "ByteCountFormatter", "method_description": "Converts a byte count into the specified string format without creating an NSNumber object.", "return_value": {"return_name": [""], "return_description": ["A string containing the formatted byteCount value."], "return_type": ["String"]}}, {"params": [{"param_description": "The byte count.", "param_name": ["fromByteCount", "byteCount"], "param_type": "Int64"}], "method_name": "string", "is_static": false, "class_name": "ByteCountFormatter", "method_description": "Converts a byte count into a string without creating an NSNumber object.", "return_value": {"return_name": [""], "return_description": ["A string containing the formatted byteCount value."], "return_type": ["String"]}}], "Vars": [{"var_type": "Formatter.Context", "var_description": "Specify the formatting context for the formatted string.", "var_name": "formattingContext"}, {"var_type": "ByteCountFormatter.CountStyle", "var_description": "Specify the number of bytes to be used for kilobytes.", "var_name": "countStyle"}, {"var_type": "Bool", "var_description": "Determines whether to allow more natural display of some values.", "var_name": "allowsNonnumericFormatting"}, {"var_type": "Bool", "var_description": "Determines whether to include the number of bytes after the formatted string.", "var_name": "includesActualByteCount"}, {"var_type": "Bool", "var_description": "Determines the display style of the size representation.", "var_name": "isAdaptive"}, {"var_type": "ByteCountFormatter.Units", "var_description": "Specify the units that can be used in the output.", "var_name": "allowedUnits"}, {"var_type": "Bool", "var_description": "Determines whether to include the count in the resulting formatted string.", "var_name": "includesCount"}, {"var_type": "Bool", "var_description": "Determines whether to include the units in the resulting formatted string.", "var_name": "includesUnit"}, {"var_type": "Bool", "var_description": "Determines whether to zero pad fraction digits so a consistent number of characters is displayed in a representation.", "var_name": "zeroPadsFractionDigits"}], "interface_list": ["CVarArg", "Equatable", "Hashable"], "package_name": "foundation", "subclass_list": [], "class_name": "ByteCountFormatter", "class_description": "", "class_inherit_list": ["Formatter"]}