{"Methods": [{"params": [{"param_description": "The response to cache.", "param_name": ["response"], "param_type": "URLResponse"}, {"param_description": "The data to cache.", "param_name": ["data"], "param_type": "Data"}], "method_name": "init", "is_static": false, "class_name": "CachedURLResponse", "method_description": "Creates a cached URL response instance.", "return_value": {"return_name": [], "return_description": ["A cached URL response object, containing the response and data."], "return_type": []}}, {"params": [{"param_description": "The response to cache.", "param_name": ["response"], "param_type": "URLResponse"}, {"param_description": "The data to cache.", "param_name": ["data"], "param_type": "Data"}, {"param_description": "An optional dictionary of user information. May be nil.", "param_name": ["userInfo"], "param_type": "[AnyHashable"}, {"param_description": "", "param_name": ["[AnyHashable"], "param_type": "Any]"}, {"param_description": "The storage policy for the cached response.", "param_name": ["storagePolicy"], "param_type": "URLCache.StoragePolicy"}], "method_name": "init", "is_static": false, "class_name": "CachedURLResponse", "method_description": "Creates a cached URL response instance with a given server response, data, user-info dictionary, and storage policy.", "return_value": {"return_name": [], "return_description": ["A cached URL response object, containing the response and data."], "return_type": []}}], "Vars": [{"var_type": "Data", "var_description": "The cached response\u2019s data.", "var_name": "data"}, {"var_type": "URLResponse", "var_description": "The URL response object associated with the instance.", "var_name": "response"}, {"var_type": "URLCache.StoragePolicy", "var_description": "The cached response\u2019s storage policy.", "var_name": "storagePolicy"}, {"var_type": "[AnyHashable", "var_description": "The cached response\u2019s user info dictionary.", "var_name": "userInfo"}], "interface_list": ["CVarArg", "Equatable", "Hashable", "NSCopying", "NSSecureCoding"], "package_name": "foundation", "subclass_list": [], "class_name": "CachedURLResponse", "class_description": "A CachedURLResponse object provides the server\u2019s response metadata in the form of a URLResponse object, along with an NSData object containing the actual cached content data. Its storage policy determines whether the response should be cached on disk, in memory, or not at all.\nCached responses also contain a user info dictionary where you can store app-specific information about the cached item.\nThe URLCache class stores and retrieves instances of CachedURLResponse.\n", "class_inherit_list": ["NSObject"]}