{"Methods": [{"params": [{"param_description": "A value to compare.", "param_name": ["lhs"], "param_type": "Calendar.SearchDirection"}, {"param_description": "Another value to compare.", "param_name": ["rhs"], "param_type": "Calendar.SearchDirection"}], "method_name": "!=", "is_static": true, "class_name": "Calendar.SearchDirection", "method_description": "Returns a Boolean value indicating whether two values are not equal.", "return_value": {"return_name": [""], "return_description": [], "return_type": ["Bool"]}}], "Vars": [], "interface_list": [], "package_name": "foundation", "subclass_list": [], "class_name": "Calendar.SearchDirection", "class_description": "", "class_inherit_list": []}