{"Methods": [{"params": [{"param_description": "", "param_name": ["date"], "param_type": "Date"}, {"param_description": "", "param_name": ["matchesComponents", "components"], "param_type": "DateComponents"}], "method_name": "date", "is_static": false, "class_name": "Calendar", "method_description": "Determines if the date has all of the specified date components.", "return_value": {"return_name": [""], "return_description": ["true if the date matches all of the components, otherwise false."], "return_type": ["Bool"]}}, {"params": [{"param_description": "The component to calculate.", "param_name": ["component"], "param_type": "Calendar.Component"}, {"param_description": "The date to use.", "param_name": ["from", "date"], "param_type": "Date"}], "method_name": "component", "is_static": false, "class_name": "Calendar", "method_description": "Returns the value for one component of a date.", "return_value": {"return_name": [""], "return_description": ["The value for the component."], "return_type": ["Int"]}}, {"params": [{"param_description": "", "param_name": ["components"], "param_type": "Set<Calendar.Component>"}, {"param_description": "The Date to use.", "param_name": ["from", "date"], "param_type": "Date"}], "method_name": "dateComponents", "is_static": false, "class_name": "Calendar", "method_description": "Returns all the date components of a date, using the calendar time zone.", "return_value": {"return_name": [""], "return_description": ["The date components of the specified date."], "return_type": ["DateComponents"]}}, {"params": [{"param_description": "Which components to compare.", "param_name": ["components"], "param_type": "Set<Calendar.Component>"}, {"param_description": "The starting date.", "param_name": ["from", "start"], "param_type": "Date"}, {"param_description": "The ending date.", "param_name": ["to", "end"], "param_type": "Date"}], "method_name": "dateComponents", "is_static": false, "class_name": "Calendar", "method_description": "Returns the difference between two dates.", "return_value": {"return_name": [""], "return_description": ["The result of calculating the difference from start to end."], "return_type": ["DateComponents"]}}, {"params": [{"param_description": "Which components to compare.", "param_name": ["components"], "param_type": "Set<Calendar.Component>"}, {"param_description": "The starting date components.", "param_name": ["from", "start"], "param_type": "DateComponents"}, {"param_description": "The ending date components.", "param_name": ["to", "end"], "param_type": "DateComponents"}], "method_name": "dateComponents", "is_static": false, "class_name": "Calendar", "method_description": "Returns the difference between two dates specified as DateComponents.", "return_value": {"return_name": [""], "return_description": ["The result of calculating the difference from start to end."], "return_type": ["DateComponents"]}}, {"params": [{"param_description": "The TimeZone to use.", "param_name": ["in", "timeZone"], "param_type": "TimeZone"}, {"param_description": "The Date to use.", "param_name": ["from", "date"], "param_type": "Date"}], "method_name": "dateComponents", "is_static": false, "class_name": "Calendar", "method_description": "Returns all the date components of a date, as if in a given time zone (instead of the Calendar time zone).", "return_value": {"return_name": [""], "return_description": ["All components, calculated using the Calendar and TimeZone."], "return_type": ["DateComponents"]}}, {"params": [{"param_description": "A component to calculate a range for.", "param_name": ["of", "component"], "param_type": "Calendar.Component"}], "method_name": "maximumRange", "is_static": false, "class_name": "Calendar", "method_description": "The maximum range limits of the values that a given component can take on.", "return_value": {"return_name": [""], "return_description": ["The range, or nil if it could not be calculated."], "return_type": ["Range<Int>"]}}, {"params": [{"param_description": "A component to calculate a range for.", "param_name": ["of", "component"], "param_type": "Calendar.Component"}], "method_name": "minimumRange", "is_static": false, "class_name": "Calendar", "method_description": "Returns the minimum range limits of the values that a given component can take on.", "return_value": {"return_name": [""], "return_description": ["The range, or nil if it could not be calculated."], "return_type": ["Range<Int>"]}}, {"params": [{"param_description": "The smaller calendar component.", "param_name": ["of", "smaller"], "param_type": "Calendar.Component"}, {"param_description": "The larger calendar component.", "param_name": ["in", "larger"], "param_type": "Calendar.Component"}, {"param_description": "The absolute time for which the calculation is performed.", "param_name": ["for", "date"], "param_type": "Date"}], "method_name": "ordinality", "is_static": false, "class_name": "Calendar", "method_description": "Returns, for a given absolute time, the ordinal number of a smaller calendar component (such as a day) within a specified larger calendar component (such as a week).", "return_value": {"return_name": [""], "return_description": ["The ordinal number of smaller within larger at the time specified by date. Returns nil if larger is not logically bigger than smaller in the calendar, or the given combination of components does not make sense (or is a computation which is undefined)."], "return_type": ["Int"]}}, {"params": [{"param_description": "The smaller calendar component.", "param_name": ["of", "smaller"], "param_type": "Calendar.Component"}, {"param_description": "The larger calendar component.", "param_name": ["in", "larger"], "param_type": "Calendar.Component"}, {"param_description": "The absolute time for which the calculation is performed.", "param_name": ["for", "date"], "param_type": "Date"}], "method_name": "range", "is_static": false, "class_name": "Calendar", "method_description": "Returns the range of absolute time values that a smaller calendar component (such as a day) can take on in a larger calendar component (such as a month) that includes a specified absolute time.", "return_value": {"return_name": [""], "return_description": ["The range of absolute time values smaller can take on in larger at the time specified by date. Returns nil if larger is not logically bigger than smaller in the calendar, or the given combination of components does not make sense (or is a computation which is undefined)."], "return_type": ["Range<Int>"]}}, {"params": [{"param_description": "The date to search.", "param_name": ["for", "date"], "param_type": "Date"}], "method_name": "startOfDay", "is_static": false, "class_name": "Calendar", "method_description": "Returns the first moment of a given Date, as a Date.", "return_value": {"return_name": [""], "return_description": ["The first moment of the given date."], "return_type": ["Date"]}}, {"params": [{"param_description": "The Date at which to start the search.", "param_name": ["startingAfter", "start"], "param_type": "Date"}, {"param_description": "The DateComponents to use as input to the search algorithm.", "param_name": ["matching", "components"], "param_type": "DateComponents"}, {"param_description": "Determines the behavior of the search algorithm when the input produces an ambiguous result.", "param_name": ["matchingPolicy"], "param_type": "Calendar.MatchingPolicy"}, {"param_description": "Determines the behavior of the search algorithm when the input produces a time that occurs twice on a particular day.", "param_name": ["repeatedTimePolicy"], "param_type": "Calendar.RepeatedTimePolicy"}, {"param_description": "Which direction in time to search. The default value is .forward, which means later in time.", "param_name": ["direction"], "param_type": "Calendar.SearchDirection"}, {"param_description": "A closure that is called with search results.", "param_name": ["using", "block"], "param_type": "(Date, Bool, inout Bool) -> Void"}], "method_name": "enumerateDates", "is_static": false, "class_name": "Calendar", "method_description": "Computes the dates which match (or most closely match) a given set of components, and calls the closure once for each of them, until the enumeration is stopped.", "return_value": {"return_name": [""], "return_description": [], "return_type": ["Void"]}}, {"params": [{"param_description": "The starting date.", "param_name": ["after", "date"], "param_type": "Date"}, {"param_description": "The components to search for.", "param_name": ["matching", "components"], "param_type": "DateComponents"}, {"param_description": "Specifies the technique the search algorithm uses to find results. Default value is .nextTime.", "param_name": ["matchingPolicy"], "param_type": "Calendar.MatchingPolicy"}, {"param_description": "Specifies the behavior when multiple matches are found. Default value is .first.", "param_name": ["repeatedTimePolicy"], "param_type": "Calendar.RepeatedTimePolicy"}, {"param_description": "Specifies the direction in time to search. Default is .forward.", "param_name": ["direction"], "param_type": "Calendar.SearchDirection = .forward"}], "method_name": "nextDate", "is_static": false, "class_name": "Calendar", "method_description": "Computes the next date which matches (or most closely matches) a given set of components.", "return_value": {"return_name": [""], "return_description": ["A Date representing the result of the search, or nil if a result could not be found."], "return_type": ["Date"]}}, {"params": [{"param_description": "Used as input to the search algorithm for finding a corresponding date.", "param_name": ["from", "components"], "param_type": "DateComponents"}], "method_name": "date", "is_static": false, "class_name": "Calendar", "method_description": "Returns a date created from the specified components.", "return_value": {"return_name": [""], "return_description": ["A new Date, or nil if a date could not be found which matches the components."], "return_type": ["Date"]}}, {"params": [{"param_description": "A set of values to add to the date.", "param_name": ["byAdding", "components"], "param_type": "DateComponents"}, {"param_description": "The starting date.", "param_name": ["to", "date"], "param_type": "Date"}, {"param_description": "If true, the component should be incremented and wrap around to zero/one on overflow, and should not cause higher components to be incremented. The default value is false.", "param_name": ["wrappingComponents"], "param_type": "Bool = false"}], "method_name": "date", "is_static": false, "class_name": "Calendar", "method_description": "Returns a new Date representing the date calculated by adding components to a given date.", "return_value": {"return_name": [""], "return_description": ["A new date, or nil if a date could not be calculated with the given input."], "return_type": ["Date"]}}, {"params": [{"param_description": "A single component to add.", "param_name": ["byAdding", "component"], "param_type": "Calendar.Component"}, {"param_description": "The value of the specified component to add.", "param_name": ["value"], "param_type": "Int"}, {"param_description": "The starting date.", "param_name": ["to", "date"], "param_type": "Date"}, {"param_description": "If true, the component should be incremented and wrap around to zero/one on overflow, and should not cause higher components to be incremented. The default value is false.", "param_name": ["wrappingComponents"], "param_type": "Bool = false"}], "method_name": "date", "is_static": false, "class_name": "Calendar", "method_description": "Returns a new Date representing the date calculated by adding an amount of a specific component to a given date.", "return_value": {"return_name": [""], "return_description": ["A new date, or nil if a date could not be calculated with the given input."], "return_type": ["Date"]}}, {"params": [{"param_description": "", "param_name": ["bySetting", "component"], "param_type": "Calendar.Component"}, {"param_description": "", "param_name": ["value"], "param_type": "Int"}, {"param_description": "", "param_name": ["of", "date"], "param_type": "Date"}], "method_name": "date", "is_static": false, "class_name": "Calendar", "method_description": "Returns a new Date representing the date calculated by setting a specific component to a given time, and trying to keep lower components the same.  If the component already has that value, this may result in a date which is the same as the given date.", "return_value": {"return_name": [""], "return_description": [], "return_type": ["Date"]}}, {"params": [{"param_description": "A specified hour.", "param_name": ["bySettingHour", "hour"], "param_type": "Int"}, {"param_description": "A specified minute.", "param_name": ["minute"], "param_type": "Int"}, {"param_description": "A specified second.", "param_name": ["second"], "param_type": "Int"}, {"param_description": "The date to start calculation with.", "param_name": ["of", "date"], "param_type": "Date"}, {"param_description": "Specifies the technique the search algorithm uses to find results. Default value is .nextTime.", "param_name": ["matchingPolicy"], "param_type": "Calendar.MatchingPolicy"}, {"param_description": "Specifies the behavior when multiple matches are found. Default value is .first.", "param_name": ["repeatedTimePolicy"], "param_type": "Calendar.RepeatedTimePolicy"}, {"param_description": "Specifies the direction in time to search. Default is .forward.", "param_name": ["direction"], "param_type": "Calendar.SearchDirection = .forward"}], "method_name": "date", "is_static": false, "class_name": "Calendar", "method_description": "Returns a new Date representing the date calculated by setting hour, minute, and second to a given time on a specified Date.", "return_value": {"return_name": [""], "return_description": ["A Date representing the result of the search, or nil if a result could not be found."], "return_type": ["Date"]}}, {"params": [{"param_description": "A calendar component.", "param_name": ["of", "component"], "param_type": "Calendar.Component"}, {"param_description": "The specified date.", "param_name": ["for", "date"], "param_type": "Date"}], "method_name": "dateInterval", "is_static": false, "class_name": "Calendar", "method_description": "Returns the starting time and duration of a given calendar component that contains a given date.", "return_value": {"return_name": [""], "return_description": ["A new DateInterval if the starting time and duration of a component could be calculated; otherwise, nil."], "return_type": ["DateInterval"]}}, {"params": [{"param_description": "A calendar component.", "param_name": ["of", "component"], "param_type": "Calendar.Component"}, {"param_description": "Upon return, the starting time of the calendar component that contains the date.", "param_name": ["start"], "param_type": "inout Date"}, {"param_description": "Upon return, the duration of the calendar component that contains the date.", "param_name": ["interval"], "param_type": "inout TimeInterval"}, {"param_description": "The specified date.", "param_name": ["for", "date"], "param_type": "Date"}], "method_name": "dateInterval", "is_static": false, "class_name": "Calendar", "method_description": "Returns, via two inout parameters, the starting time and duration of a given calendar component that contains a given date.", "return_value": {"return_name": [""], "return_description": ["true if the starting time and duration of a component could be calculated; otherwise, false."], "return_type": ["Bool"]}}, {"params": [{"param_description": "The date contained in the weekend.", "param_name": ["containing", "date"], "param_type": "Date"}], "method_name": "dateIntervalOfWeekend", "is_static": false, "class_name": "Calendar", "method_description": "Returns a DateInterval of the weekend contained by the given date, or nil if the date is not in a weekend.", "return_value": {"return_name": [""], "return_description": ["A DateInterval, or nil if the date is not in a weekend."], "return_type": ["DateInterval"]}}, {"params": [{"param_description": "The date at which to start the search.", "param_name": ["containing", "date"], "param_type": "Date"}, {"param_description": "When the result is true, set", "param_name": ["start"], "param_type": "inout Date"}, {"param_description": "", "param_name": ["interval"], "param_type": "inout TimeInterval"}], "method_name": "dateIntervalOfWeekend", "is_static": false, "class_name": "Calendar", "method_description": "Find the range of the weekend around the given date, returned via two by-reference parameters.", "return_value": {"return_name": [""], "return_description": ["true if a date range could be found, and false if the date is not in a weekend."], "return_type": ["Bool"]}}, {"params": [{"param_description": "The date at which to begin the search.", "param_name": ["startingAfter", "date"], "param_type": "Date"}, {"param_description": "Which direction in time to search. The default value is .forward.", "param_name": ["direction"], "param_type": "Calendar.SearchDirection = .forward"}], "method_name": "nextWeekend", "is_static": false, "class_name": "Calendar", "method_description": "Returns a DateInterval of the next weekend, which starts strictly after the given date.", "return_value": {"return_name": [""], "return_description": ["A DateInterval, or nil if weekends do not exist in the specific calendar or locale."], "return_type": ["DateInterval"]}}, {"params": [{"param_description": "The date at which to begin the search.", "param_name": ["startingAfter", "date"], "param_type": "Date"}, {"param_description": "", "param_name": ["start"], "param_type": "inout Date"}, {"param_description": "", "param_name": ["interval"], "param_type": "inout TimeInterval"}, {"param_description": "Which direction in time to search. The default value is .forward.", "param_name": ["direction"], "param_type": "Calendar.SearchDirection = .forward"}], "method_name": "nextWeekend", "is_static": false, "class_name": "Calendar", "method_description": "Returns the range of the next weekend via two inout parameters. The weekend starts strictly after the given date.", "return_value": {"return_name": [""], "return_description": ["A DateInterval, or nil if the weekend could not be found."], "return_type": ["Bool"]}}, {"params": [{"param_description": "A date to compare.", "param_name": ["date1"], "param_type": "Date"}, {"param_description": "A date to compare.", "param_name": ["to", "date2"], "param_type": "Date"}, {"param_description": "A granularity to compare. For example, pass .hour to check if two dates are in the same hour.", "param_name": ["toGranularity", "component"], "param_type": "Calendar.Component"}], "method_name": "compare", "is_static": false, "class_name": "Calendar", "method_description": "Compares two dates down to the specified component.", "return_value": {"return_name": [""], "return_description": [".orderedSame if the two dates are equal in the given component and all larger components; otherwise, either .orderedAscending or .orderedDescending."], "return_type": ["ComparisonResult"]}}, {"params": [{"param_description": "A date to compare.", "param_name": ["date1"], "param_type": "Date"}, {"param_description": "A date to compare.", "param_name": ["equalTo", "date2"], "param_type": "Date"}, {"param_description": "A granularity to compare. For example, pass .hour to check if two dates are in the same hour.", "param_name": ["toGranularity", "component"], "param_type": "Calendar.Component"}], "method_name": "isDate", "is_static": false, "class_name": "Calendar", "method_description": "Returns a Boolean value indicating whether two dates are equal down to the specified component.", "return_value": {"return_name": [""], "return_description": ["true if the two dates are equal in the given component and all larger components; otherwise, false."], "return_type": ["Bool"]}}, {"params": [{"param_description": "A date to check for containment.", "param_name": ["date1"], "param_type": "Date"}, {"param_description": "A date to check for containment.", "param_name": ["inSameDayAs", "date2"], "param_type": "Date"}], "method_name": "isDate", "is_static": false, "class_name": "Calendar", "method_description": "Returns a Boolean value indicating whether a date is within the same day as another date.", "return_value": {"return_name": [""], "return_description": ["true if date1 and date2 are in the same day, as defined by the calendar and calendar\u2019s locale; otherwise, false."], "return_type": ["Bool"]}}, {"params": [{"param_description": "The specified date.", "param_name": ["date"], "param_type": "Date"}], "method_name": "isDateInToday", "is_static": false, "class_name": "Calendar", "method_description": "Returns a Boolean value indicating whether the given date is within today.", "return_value": {"return_name": [""], "return_description": ["true if the given date is within today, as defined by the calendar and calendar\u2019s locale; otherwise, false."], "return_type": ["Bool"]}}, {"params": [{"param_description": "The specified date.", "param_name": ["date"], "param_type": "Date"}], "method_name": "isDateInTomorrow", "is_static": false, "class_name": "Calendar", "method_description": "Returns a Boolean value indicating whether the given date is within tomorrow.", "return_value": {"return_name": [""], "return_description": ["true if the given date is within tomorrow, as defined by the calendar and calendar\u2019s locale; otherwise, false."], "return_type": ["Bool"]}}, {"params": [{"param_description": "The specified date.", "param_name": ["date"], "param_type": "Date"}], "method_name": "isDateInYesterday", "is_static": false, "class_name": "Calendar", "method_description": "Returns a Boolean value indicating whether the given date is within yesterday.", "return_value": {"return_name": [""], "return_description": ["true if the given date is within yesterday, as defined by the calendar and calendar\u2019s locale; otherwise, false."], "return_type": ["Bool"]}}, {"params": [{"param_description": "The specified date.", "param_name": ["date"], "param_type": "Date"}], "method_name": "isDateInWeekend", "is_static": false, "class_name": "Calendar", "method_description": "Returns a Boolean value indicating whether the given date is within a weekend period.", "return_value": {"return_name": [""], "return_description": ["true if the given date is within a weekend, as defined by the calendar and calendar\u2019s locale; otherwise, false."], "return_type": ["Bool"]}}, {"params": [{"param_description": "", "param_name": ["lhs"], "param_type": "Calendar"}, {"param_description": "", "param_name": ["rhs"], "param_type": "Calendar"}], "method_name": "==", "is_static": true, "class_name": "Calendar", "method_description": "Returns a Boolean indicating whether two calendars are the same.", "return_value": {"return_name": [""], "return_description": [], "return_type": ["Bool"]}}, {"params": [{"param_description": "A value to compare.", "param_name": ["lhs"], "param_type": "Calendar"}, {"param_description": "Another value to compare.", "param_name": ["rhs"], "param_type": "Calendar"}], "method_name": "!=", "is_static": true, "class_name": "Calendar", "method_description": "Returns a Boolean value indicating whether two values are not equal.", "return_value": {"return_name": [""], "return_description": [], "return_type": ["Bool"]}}, {"params": [{"param_description": "", "param_name": ["to", "encoder"], "param_type": "Encoder"}], "method_name": "encode", "is_static": false, "class_name": "Calendar", "method_description": "Encodes this calendar into the given encoder.", "return_value": {"return_name": [], "return_description": [], "return_type": []}}, {"params": [{"param_description": "", "param_name": ["from", "decoder"], "param_type": "Decoder"}], "method_name": "init", "is_static": false, "class_name": "Calendar", "method_description": "Creates a new calendar instance by decoding from the given decoder.", "return_value": {"return_name": [], "return_description": [], "return_type": []}}], "Vars": [{"var_type": "Calendar", "var_description": "A calendar that tracks changes to user\u2019s preferred calendar.", "var_name": "autoupdatingCurrent"}, {"var_type": "Calendar", "var_description": "The user\u2019s current calendar.", "var_name": "current"}, {"var_type": "Calendar.Identifier", "var_description": "The identifier of the calendar.", "var_name": "identifier"}, {"var_type": "Locale", "var_description": "The locale of the calendar.", "var_name": "locale"}, {"var_type": "Int", "var_description": "The first weekday of the calendar.", "var_name": "firstWeekday"}, {"var_type": "Int", "var_description": "The number of minimum days in the first week.", "var_name": "minimumDaysInFirstWeek"}, {"var_type": "TimeZone", "var_description": "The time zone of the calendar.", "var_name": "timeZone"}, {"var_type": "String", "var_description": "The symbol used to represent \u201cAM\u201d, localized to the Calendar\u2019s locale.", "var_name": "amSymbol"}, {"var_type": "String", "var_description": "The symbol used to represent \u201cPM\u201d, localized to the Calendar\u2019s locale.", "var_name": "pmSymbol"}, {"var_type": "[String]", "var_description": "A list of weekdays in this calendar, localized to the Calendar\u2019s locale.", "var_name": "weekdaySymbols"}, {"var_type": "[String]", "var_description": "A list of shorter-named weekdays in this calendar, localized to the Calendar\u2019s locale.", "var_name": "shortWeekdaySymbols"}, {"var_type": "[String]", "var_description": "A list of very-shortly-named weekdays in this calendar, localized to the Calendar\u2019s locale.", "var_name": "veryShortWeekdaySymbols"}, {"var_type": "[String]", "var_description": "A list of standalone weekday names in this calendar, localized to the Calendar\u2019s locale.", "var_name": "standaloneWeekdaySymbols"}, {"var_type": "[String]", "var_description": "A list of shorter-named standalone weekdays in this calendar, localized to the Calendar\u2019s locale.", "var_name": "shortStandaloneWeekdaySymbols"}, {"var_type": "[String]", "var_description": "A list of very-shortly-named weekdays in this calendar, localized to the Calendar\u2019s locale.", "var_name": "veryShortStandaloneWeekdaySymbols"}, {"var_type": "[String]", "var_description": "A list of months in this calendar, localized to the Calendar\u2019s locale.", "var_name": "monthSymbols"}, {"var_type": "[String]", "var_description": "A list of shorter-named months in this calendar, localized to the Calendar\u2019s locale.", "var_name": "shortMonthSymbols"}, {"var_type": "[String]", "var_description": "A list of very-shortly-named months in this calendar, localized to the Calendar\u2019s locale.", "var_name": "veryShortMonthSymbols"}, {"var_type": "[String]", "var_description": "A list of standalone months in this calendar, localized to the Calendar\u2019s locale.", "var_name": "standaloneMonthSymbols"}, {"var_type": "[String]", "var_description": "A list of shorter-named standalone months in this calendar, localized to the Calendar\u2019s locale.", "var_name": "shortStandaloneMonthSymbols"}, {"var_type": "[String]", "var_description": "A list of very-shortly-named standalone months in this calendar, localized to the Calendar\u2019s locale.", "var_name": "veryShortStandaloneMonthSymbols"}, {"var_type": "[String]", "var_description": "A list of quarter names in this calendar, localized to the Calendar\u2019s locale.", "var_name": "quarterSymbols"}, {"var_type": "[String]", "var_description": "A list of shorter-named quarters in this calendar, localized to the Calendar\u2019s locale.", "var_name": "shortQuarterSymbols"}, {"var_type": "[String]", "var_description": "A list of standalone quarter names in this calendar, localized to the Calendar\u2019s locale.", "var_name": "standaloneQuarterSymbols"}, {"var_type": "[String]", "var_description": "A list of shorter-named standalone quarters in this calendar, localized to the Calendar\u2019s locale.", "var_name": "shortStandaloneQuarterSymbols"}, {"var_type": "[String]", "var_description": "A list of eras in this calendar, localized to the Calendar\u2019s locale.", "var_name": "eraSymbols"}, {"var_type": "[String]", "var_description": "A list of longer-named eras in this calendar, localized to the Calendar\u2019s locale.", "var_name": "longEraSymbols"}, {"var_type": "String", "var_description": "A textual description of the calendar.", "var_name": "description"}, {"var_type": "String", "var_description": "A textual description of the locale suitable for debugging.", "var_name": "debugDescription"}, {"var_type": "Mirror", "var_description": "A mirror that reflects the calendar.", "var_name": "customMirror"}, {"var_type": "Int", "var_description": "The computed hash value for the calendar.", "var_name": "hashValue"}], "interface_list": ["CustomDebugStringConvertible", "CustomReflectable", "CustomStringConvertible", "Equatable", "Hashable", "ReferenceConvertible"], "package_name": "foundation", "subclass_list": [], "class_name": "Calendar", "class_description": "Calendar encapsulates information about systems of reckoning time in which the beginning, length, and divisions of a year are defined. It provides information about the calendar and support for calendrical computations such as determining the range of a given calendrical unit and adding units to a given absolute time.\n", "class_inherit_list": []}