{"Methods": [{"params": [{"param_description": "A value to compare.", "param_name": ["lhs"], "param_type": "Calendar.Component"}, {"param_description": "Another value to compare.", "param_name": ["rhs"], "param_type": "Calendar.Component"}], "method_name": "!=", "is_static": true, "class_name": "Calendar.Component", "method_description": "Returns a Boolean value indicating whether two values are not equal.", "return_value": {"return_name": [""], "return_description": [], "return_type": ["Bool"]}}], "Vars": [], "interface_list": [], "package_name": "foundation", "subclass_list": [], "class_name": "Calendar.Component", "class_description": "Several Calendar APIs use either a single unit or a set of units as input to a search algorithm.\n", "class_inherit_list": []}