{"Methods": [{"params": [], "method_name": "init", "is_static": false, "class_name": "CGFloat", "method_description": "Create an instance initialized to zero.", "return_value": {"return_name": [], "return_description": [], "return_type": []}}, {"params": [{"param_description": "", "param_name": ["value"], "param_type": "Float"}], "method_name": "init", "is_static": false, "class_name": "CGFloat", "method_description": "value rounded to the closest representable Self.", "return_value": {"return_name": [], "return_description": [], "return_type": []}}, {"params": [{"param_description": "", "param_name": ["value"], "param_type": "Double"}], "method_name": "init", "is_static": false, "class_name": "CGFloat", "method_description": "value rounded to the closest representable Self.", "return_value": {"return_name": [], "return_description": [], "return_type": []}}, {"params": [{"param_description": "", "param_name": ["value"], "param_type": "CGFloat"}], "method_name": "init", "is_static": false, "class_name": "CGFloat", "method_description": "Create an instance initialized to value.", "return_value": {"return_name": [], "return_description": [], "return_type": []}}, {"params": [{"param_description": "", "param_name": ["value"], "param_type": "Float80"}], "method_name": "init", "is_static": false, "class_name": "CGFloat", "method_description": "value rounded to the closest representable Self.", "return_value": {"return_name": [], "return_description": [], "return_type": []}}, {"params": [{"param_description": "A floating-point value to be converted.", "param_name": ["value"], "param_type": "Source"}], "method_name": "init", "is_static": false, "class_name": "CGFloat", "method_description": "Creates a new instance from the given value, rounded to the closest possible representation.", "return_value": {"return_name": [], "return_description": [], "return_type": []}}, {"params": [{"param_description": "", "param_name": ["bitPattern"], "param_type": "UInt"}], "method_name": "init", "is_static": false, "class_name": "CGFloat", "method_description": "", "return_value": {"return_name": [], "return_description": [], "return_type": []}}, {"params": [{"param_description": "", "param_name": ["exactly", "source"], "param_type": "T"}], "method_name": "init", "is_static": false, "class_name": "CGFloat", "method_description": "", "return_value": {"return_name": [], "return_description": [], "return_type": []}}, {"params": [{"param_description": "A floating-point value to be converted.", "param_name": ["exactly", "value"], "param_type": "Source"}], "method_name": "init", "is_static": false, "class_name": "CGFloat", "method_description": "Creates a new instance from the given value, if it can be represented exactly.", "return_value": {"return_name": [], "return_description": [], "return_type": []}}, {"params": [{"param_description": "", "param_name": ["floatLiteral", "value"], "param_type": "CGFloat.NativeType"}], "method_name": "init", "is_static": false, "class_name": "CGFloat", "method_description": "Create an instance initialized to value.", "return_value": {"return_name": [], "return_description": [], "return_type": []}}, {"params": [{"param_description": "", "param_name": ["floatLiteral", "value"], "param_type": "CGFloat.NativeType"}], "method_name": "init", "is_static": false, "class_name": "CGFloat", "method_description": "Create an instance initialized to value.", "return_value": {"return_name": [], "return_description": [], "return_type": []}}, {"params": [{"param_description": "", "param_name": ["from", "decoder"], "param_type": "Decoder"}], "method_name": "init", "is_static": false, "class_name": "CGFloat", "method_description": "", "return_value": {"return_name": [], "return_description": [], "return_type": []}}, {"params": [{"param_description": "", "param_name": ["integerLiteral", "value"], "param_type": "Int"}], "method_name": "init", "is_static": false, "class_name": "CGFloat", "method_description": "Create an instance initialized to value.", "return_value": {"return_name": [], "return_description": [], "return_type": []}}, {"params": [{"param_description": "", "param_name": ["nan", "payload"], "param_type": "CGFloat.RawSignificand"}, {"param_description": "", "param_name": ["signaling"], "param_type": "Bool"}], "method_name": "init", "is_static": false, "class_name": "CGFloat", "method_description": "NaN with specified payload.", "return_value": {"return_name": [], "return_description": [], "return_type": []}}, {"params": [{"param_description": "", "param_name": ["sign"], "param_type": "FloatingPointSign"}, {"param_description": "", "param_name": ["exponent"], "param_type": "Int"}, {"param_description": "", "param_name": ["significand"], "param_type": "CGFloat"}], "method_name": "init", "is_static": false, "class_name": "CGFloat", "method_description": "Initialize from sign, exponent, and significand.", "return_value": {"return_name": [], "return_description": [], "return_type": []}}, {"params": [{"param_description": "", "param_name": ["sign"], "param_type": "FloatingPointSign"}, {"param_description": "", "param_name": ["exponentBitPattern"], "param_type": "UInt"}, {"param_description": "", "param_name": ["significandBitPattern"], "param_type": "UInt"}], "method_name": "init", "is_static": false, "class_name": "CGFloat", "method_description": "Combines sign, exponent and significand bit patterns to produce a floating-point value.", "return_value": {"return_name": [], "return_description": [], "return_type": []}}, {"params": [{"param_description": "A value from which to use the sign. The result of the initializer has the same sign as signOf.", "param_name": ["signOf"], "param_type": "CGFloat"}, {"param_description": "A value from which to use the magnitude. The result of the initializer has the same magnitude as magnitudeOf.", "param_name": ["magnitudeOf"], "param_type": "CGFloat"}], "method_name": "init", "is_static": false, "class_name": "CGFloat", "method_description": "Creates a new floating-point value using the sign of one value and the magnitude of another.", "return_value": {"return_name": [], "return_description": [], "return_type": []}}, {"params": [{"param_description": "", "param_name": ["lhs"], "param_type": "CGFloat"}, {"param_description": "", "param_name": ["rhs"], "param_type": "CGFloat"}], "method_name": "addProduct", "is_static": false, "class_name": "CGFloat", "method_description": "", "return_value": {"return_name": [], "return_description": [], "return_type": []}}, {"params": [{"param_description": "One of the values to multiply before adding to this value.", "param_name": ["lhs"], "param_type": "CGFloat"}, {"param_description": "The other value to multiply.", "param_name": ["rhs"], "param_type": "CGFloat"}], "method_name": "addingProduct", "is_static": false, "class_name": "CGFloat", "method_description": "Returns the result of adding the product of the two given values to this value, computed without intermediate rounding.", "return_value": {"return_name": [""], "return_description": ["The product of lhs and rhs, added to this value."], "return_type": ["CGFloat"]}}, {"params": [{"param_description": "", "param_name": ["by", "amount"], "param_type": "CGFloat"}], "method_name": "advanced", "is_static": false, "class_name": "CGFloat", "method_description": "Returns a Self x such that self.distance(to: x) approximates n.", "return_value": {"return_name": [""], "return_description": [], "return_type": ["CGFloat"]}}, {"params": [{"param_description": "", "param_name": ["to", "other"], "param_type": "CGFloat"}], "method_name": "distance", "is_static": false, "class_name": "CGFloat", "method_description": "Returns a stride x such that self.advanced(by: x) approximates other.", "return_value": {"return_name": [""], "return_description": [], "return_type": ["CGFloat"]}}, {"params": [{"param_description": "", "param_name": ["to", "encoder"], "param_type": "Encoder"}], "method_name": "encode", "is_static": false, "class_name": "CGFloat", "method_description": "", "return_value": {"return_name": [], "return_description": [], "return_type": []}}, {"params": [{"param_description": "", "param_name": ["dividingBy", "other"], "param_type": "CGFloat"}], "method_name": "formRemainder", "is_static": false, "class_name": "CGFloat", "method_description": "", "return_value": {"return_name": [], "return_description": [], "return_type": []}}, {"params": [], "method_name": "formSquareRoot", "is_static": false, "class_name": "CGFloat", "method_description": "", "return_value": {"return_name": [], "return_description": [], "return_type": []}}, {"params": [{"param_description": "", "param_name": ["dividingBy", "other"], "param_type": "CGFloat"}], "method_name": "formTruncatingRemainder", "is_static": false, "class_name": "CGFloat", "method_description": "Replace self with the remainder of self divided by other using truncating division. Similar to the C standard library function fmod.", "return_value": {"return_name": [], "return_description": [], "return_type": []}}, {"params": [{"param_description": "", "param_name": ["to", "other"], "param_type": "CGFloat"}], "method_name": "isEqual", "is_static": false, "class_name": "CGFloat", "method_description": "IEEE 754 equality predicate.", "return_value": {"return_name": [""], "return_description": [], "return_type": ["Bool"]}}, {"params": [{"param_description": "", "param_name": ["than", "other"], "param_type": "CGFloat"}], "method_name": "isLess", "is_static": false, "class_name": "CGFloat", "method_description": "IEEE 754 less-than predicate.", "return_value": {"return_name": [""], "return_description": [], "return_type": ["Bool"]}}, {"params": [{"param_description": "", "param_name": ["other"], "param_type": "CGFloat"}], "method_name": "isLessThanOrEqualTo", "is_static": false, "class_name": "CGFloat", "method_description": "IEEE 754 less-than-or-equal predicate.", "return_value": {"return_name": [""], "return_description": [], "return_type": ["Bool"]}}, {"params": [{"param_description": "A floating-point value to compare to this value.", "param_name": ["belowOrEqualTo", "other"], "param_type": "CGFloat"}], "method_name": "isTotallyOrdered", "is_static": false, "class_name": "CGFloat", "method_description": "Returns a Boolean value indicating whether this instance should precede or tie positions with the given value in an ascending sort.", "return_value": {"return_name": [""], "return_description": ["true if this value is ordered below or the same as other in a total ordering of the floating-point type; otherwise, false."], "return_type": ["Bool"]}}, {"params": [], "method_name": "negate", "is_static": false, "class_name": "CGFloat", "method_description": "Replace self with its additive inverse.", "return_value": {"return_name": [], "return_description": [], "return_type": []}}, {"params": [], "method_name": "negate", "is_static": false, "class_name": "CGFloat", "method_description": "Replace self with its additive inverse.", "return_value": {"return_name": [], "return_description": [], "return_type": []}}, {"params": [{"param_description": "The value to use when dividing this value.", "param_name": ["dividingBy", "other"], "param_type": "CGFloat"}], "method_name": "remainder", "is_static": false, "class_name": "CGFloat", "method_description": "Returns the remainder of this value divided by the given value.", "return_value": {"return_name": [""], "return_description": ["The remainder of this value divided by other."], "return_type": ["CGFloat"]}}, {"params": [], "method_name": "round", "is_static": false, "class_name": "CGFloat", "method_description": "Rounds this value to an integral value using \u201cschoolbook rounding.\u201d", "return_value": {"return_name": [], "return_description": [], "return_type": []}}, {"params": [{"param_description": "", "param_name": ["rule"], "param_type": "FloatingPointRoundingRule"}], "method_name": "round", "is_static": false, "class_name": "CGFloat", "method_description": "", "return_value": {"return_name": [], "return_description": [], "return_type": []}}, {"params": [], "method_name": "rounded", "is_static": false, "class_name": "CGFloat", "method_description": "Returns this value rounded to an integral value using \u201cschoolbook rounding.\u201d", "return_value": {"return_name": [""], "return_description": ["The nearest integral value, or, if two integral values are equally close, the integral value with greater magnitude."], "return_type": ["CGFloat"]}}, {"params": [{"param_description": "The rounding rule to use.", "param_name": ["rule"], "param_type": "FloatingPointRoundingRule"}], "method_name": "rounded", "is_static": false, "class_name": "CGFloat", "method_description": "Returns this value rounded to an integral value using the specified rounding rule.", "return_value": {"return_name": [""], "return_description": ["The integral value found by rounding using rule."], "return_type": ["CGFloat"]}}, {"params": [], "method_name": "squareRoot", "is_static": false, "class_name": "CGFloat", "method_description": "Returns the square root of the value, rounded to a representable value.", "return_value": {"return_name": [""], "return_description": ["The square root of the value."], "return_type": ["CGFloat"]}}, {"params": [{"param_description": "The value to use when dividing this value.", "param_name": ["dividingBy", "other"], "param_type": "CGFloat"}], "method_name": "truncatingRemainder", "is_static": false, "class_name": "CGFloat", "method_description": "Returns the remainder of this value divided by the given value using truncating division.", "return_value": {"return_name": [""], "return_description": ["The remainder of this value divided by other using truncating division."], "return_type": ["CGFloat"]}}, {"params": [{"param_description": "A floating-point value.", "param_name": ["x"], "param_type": "CGFloat"}, {"param_description": "Another floating-point value.", "param_name": ["y"], "param_type": "CGFloat"}], "method_name": "maximum", "is_static": true, "class_name": "CGFloat", "method_description": "Returns the greater of the two given values.", "return_value": {"return_name": [""], "return_description": ["The greater of x and y, or whichever is a number if the other is NaN."], "return_type": ["CGFloat"]}}, {"params": [{"param_description": "A floating-point value.", "param_name": ["x"], "param_type": "CGFloat"}, {"param_description": "Another floating-point value.", "param_name": ["y"], "param_type": "CGFloat"}], "method_name": "maximumMagnitude", "is_static": true, "class_name": "CGFloat", "method_description": "Returns the value with greater magnitude.", "return_value": {"return_name": [""], "return_description": ["Whichever of x or y has greater magnitude, or whichever is a number if the other is NaN."], "return_type": ["CGFloat"]}}, {"params": [{"param_description": "A floating-point value.", "param_name": ["x"], "param_type": "CGFloat"}, {"param_description": "Another floating-point value.", "param_name": ["y"], "param_type": "CGFloat"}], "method_name": "minimum", "is_static": true, "class_name": "CGFloat", "method_description": "Returns the lesser of the two given values.", "return_value": {"return_name": [""], "return_description": ["The minimum of x and y, or whichever is a number if the other is NaN."], "return_type": ["CGFloat"]}}, {"params": [{"param_description": "A floating-point value.", "param_name": ["x"], "param_type": "CGFloat"}, {"param_description": "Another floating-point value.", "param_name": ["y"], "param_type": "CGFloat"}], "method_name": "minimumMagnitude", "is_static": true, "class_name": "CGFloat", "method_description": "Returns the value with lesser magnitude.", "return_value": {"return_name": [""], "return_description": ["Whichever of x or y has lesser magnitude, or whichever is a number if the other is NaN."], "return_type": ["CGFloat"]}}, {"params": [{"param_description": "The range in which to create a random value. Must be finite.", "param_name": ["in", "range"], "param_type": "ClosedRange<CGFloat>"}], "method_name": "random", "is_static": true, "class_name": "CGFloat", "method_description": "Returns a random value within the specified range.", "return_value": {"return_name": [""], "return_description": ["A random value within the bounds of range."], "return_type": ["CGFloat"]}}, {"params": [{"param_description": "The range in which to create a random value. range must be finite and non-empty.", "param_name": ["in", "range"], "param_type": "Range<CGFloat>"}], "method_name": "random", "is_static": true, "class_name": "CGFloat", "method_description": "Returns a random value within the specified range.", "return_value": {"return_name": [""], "return_description": ["A random value within the bounds of range."], "return_type": ["CGFloat"]}}, {"params": [{"param_description": "The range in which to create a random value. Must be finite.", "param_name": ["in", "range"], "param_type": "ClosedRange<CGFloat>"}, {"param_description": "The random number generator to use when creating the new random value.", "param_name": ["using", "generator"], "param_type": "inout T"}], "method_name": "random", "is_static": true, "class_name": "CGFloat", "method_description": "Returns a random value within the specified range, using the given generator as a source for randomness.", "return_value": {"return_name": [""], "return_description": ["A random value within the bounds of range."], "return_type": ["CGFloat"]}}, {"params": [{"param_description": "The range in which to create a random value. range must be finite and non-empty.", "param_name": ["in", "range"], "param_type": "Range<CGFloat>"}, {"param_description": "The random number generator to use when creating the new random value.", "param_name": ["using", "generator"], "param_type": "inout T"}], "method_name": "random", "is_static": true, "class_name": "CGFloat", "method_description": "Returns a random value within the specified range, using the given generator as a source for randomness.", "return_value": {"return_name": [""], "return_description": ["A random value within the bounds of range."], "return_type": ["CGFloat"]}}, {"params": [{"param_description": "A value to compare.", "param_name": ["lhs"], "param_type": "CGFloat"}, {"param_description": "Another value to compare.", "param_name": ["rhs"], "param_type": "CGFloat"}], "method_name": "!=", "is_static": true, "class_name": "CGFloat", "method_description": "Returns a Boolean value indicating whether two values are not equal.", "return_value": {"return_name": [""], "return_description": [], "return_type": ["Bool"]}}, {"params": [{"param_description": "", "param_name": ["lhs"], "param_type": "CGFloat"}, {"param_description": "", "param_name": ["rhs"], "param_type": "CGFloat"}], "method_name": "*", "is_static": true, "class_name": "CGFloat", "method_description": "", "return_value": {"return_name": [""], "return_description": [], "return_type": ["CGFloat"]}}, {"params": [{"param_description": "", "param_name": ["lhs"], "param_type": "inout CGFloat"}, {"param_description": "", "param_name": ["rhs"], "param_type": "CGFloat"}], "method_name": "*=", "is_static": true, "class_name": "CGFloat", "method_description": "", "return_value": {"return_name": [], "return_description": [], "return_type": []}}, {"params": [{"param_description": "", "param_name": ["x"], "param_type": "CGFloat"}], "method_name": "+", "is_static": true, "class_name": "CGFloat", "method_description": "Returns the given number unchanged.", "return_value": {"return_name": [""], "return_description": ["The given argument without any changes."], "return_type": ["CGFloat"]}}, {"params": [{"param_description": "", "param_name": ["lhs"], "param_type": "CGFloat"}, {"param_description": "", "param_name": ["rhs"], "param_type": "CGFloat"}], "method_name": "+", "is_static": true, "class_name": "CGFloat", "method_description": "", "return_value": {"return_name": [""], "return_description": [], "return_type": ["CGFloat"]}}, {"params": [{"param_description": "", "param_name": ["lhs"], "param_type": "inout CGFloat"}, {"param_description": "", "param_name": ["rhs"], "param_type": "CGFloat"}], "method_name": "+=", "is_static": true, "class_name": "CGFloat", "method_description": "", "return_value": {"return_name": [], "return_description": [], "return_type": []}}, {"params": [{"param_description": "", "param_name": ["operand"], "param_type": "CGFloat"}], "method_name": "-", "is_static": true, "class_name": "CGFloat", "method_description": "Returns the additive inverse of the specified value.", "return_value": {"return_name": [""], "return_description": ["The additive inverse of the argument."], "return_type": ["CGFloat"]}}, {"params": [{"param_description": "", "param_name": ["lhs"], "param_type": "CGFloat"}, {"param_description": "", "param_name": ["rhs"], "param_type": "CGFloat"}], "method_name": "-", "is_static": true, "class_name": "CGFloat", "method_description": "", "return_value": {"return_name": [""], "return_description": [], "return_type": ["CGFloat"]}}, {"params": [{"param_description": "", "param_name": ["lhs"], "param_type": "inout CGFloat"}, {"param_description": "", "param_name": ["rhs"], "param_type": "CGFloat"}], "method_name": "-=", "is_static": true, "class_name": "CGFloat", "method_description": "", "return_value": {"return_name": [], "return_description": [], "return_type": []}}, {"params": [{"param_description": "The lower bound for the range.", "param_name": ["minimum"], "param_type": "CGFloat"}], "method_name": "...", "is_static": true, "class_name": "CGFloat", "method_description": "Returns a partial range extending upward from a lower bound.", "return_value": {"return_name": [""], "return_description": [], "return_type": ["PartialRangeFrom<CGFloat>"]}}, {"params": [{"param_description": "The upper bound for the range.", "param_name": ["maximum"], "param_type": "CGFloat"}], "method_name": "...", "is_static": true, "class_name": "CGFloat", "method_description": "Returns a partial range up to, and including, its upper bound.", "return_value": {"return_name": [""], "return_description": [], "return_type": ["PartialRangeThrough<CGFloat>"]}}, {"params": [{"param_description": "The lower bound for the range.", "param_name": ["minimum"], "param_type": "CGFloat"}, {"param_description": "The upper bound for the range.", "param_name": ["maximum"], "param_type": "CGFloat"}], "method_name": "...", "is_static": true, "class_name": "CGFloat", "method_description": "Returns a closed range that contains both of its bounds.", "return_value": {"return_name": [""], "return_description": [], "return_type": ["ClosedRange<CGFloat>"]}}, {"params": [{"param_description": "The upper bound for the range.", "param_name": ["maximum"], "param_type": "CGFloat"}], "method_name": "..", "is_static": true, "class_name": "CGFloat", "method_description": "Returns a partial range up to, but not including, its upper bound.", "return_value": {"return_name": [""], "return_description": [], "return_type": ["PartialRangeUpTo<CGFloat>"]}}, {"params": [{"param_description": "The lower bound for the range.", "param_name": ["minimum"], "param_type": "CGFloat"}, {"param_description": "The upper bound for the range.", "param_name": ["maximum"], "param_type": "CGFloat"}], "method_name": "..", "is_static": true, "class_name": "CGFloat", "method_description": "Returns a half-open range that contains its lower bound but not its upper bound.", "return_value": {"return_name": [""], "return_description": [], "return_type": ["Range<CGFloat>"]}}, {"params": [{"param_description": "", "param_name": ["lhs"], "param_type": "CGFloat"}, {"param_description": "", "param_name": ["rhs"], "param_type": "CGFloat"}], "method_name": "/", "is_static": true, "class_name": "CGFloat", "method_description": "", "return_value": {"return_name": [""], "return_description": [], "return_type": ["CGFloat"]}}, {"params": [{"param_description": "", "param_name": ["lhs"], "param_type": "inout CGFloat"}, {"param_description": "", "param_name": ["rhs"], "param_type": "CGFloat"}], "method_name": "/=", "is_static": true, "class_name": "CGFloat", "method_description": "", "return_value": {"return_name": [], "return_description": [], "return_type": []}}, {"params": [{"param_description": "A value to compare.", "param_name": ["lhs"], "param_type": "CGFloat"}, {"param_description": "Another value to compare.", "param_name": ["rhs"], "param_type": "CGFloat"}], "method_name": "func", "is_static": true, "class_name": "CGFloat", "method_description": "Returns a Boolean value indicating whether the value of the first argument is less than that of the second argument.", "return_value": {"return_name": [""], "return_description": [], "return_type": ["Bool"]}}, {"params": [{"param_description": "", "param_name": ["x"], "param_type": "CGFloat"}, {"param_description": "", "param_name": ["y"], "param_type": "CGFloat"}], "method_name": "func", "is_static": true, "class_name": "CGFloat", "method_description": "Returns a Boolean value indicating whether the value of the first argument is less than that of the second argument.", "return_value": {"return_name": [""], "return_description": [], "return_type": ["Bool"]}}, {"params": [{"param_description": "A value to compare.", "param_name": ["lhs"], "param_type": "CGFloat"}, {"param_description": "Another value to compare.", "param_name": ["rhs"], "param_type": "CGFloat"}], "method_name": "func", "is_static": true, "class_name": "CGFloat", "method_description": "Returns a Boolean value indicating whether the value of the first argument is less than or equal to that of the second argument.", "return_value": {"return_name": [""], "return_description": [], "return_type": ["Bool"]}}, {"params": [{"param_description": "A value to compare.", "param_name": ["lhs"], "param_type": "CGFloat"}, {"param_description": "Another value to compare.", "param_name": ["rhs"], "param_type": "CGFloat"}], "method_name": "func", "is_static": true, "class_name": "CGFloat", "method_description": "Returns a Boolean value indicating whether the value of the first argument is less than or equal to that of the second argument.", "return_value": {"return_name": [""], "return_description": [], "return_type": ["Bool"]}}, {"params": [{"param_description": "A value to compare.", "param_name": ["lhs"], "param_type": "CGFloat"}, {"param_description": "Another value to compare.", "param_name": ["rhs"], "param_type": "CGFloat"}], "method_name": "==", "is_static": true, "class_name": "CGFloat", "method_description": "Returns a Boolean value indicating whether two values are equal.", "return_value": {"return_name": [""], "return_description": [], "return_type": ["Bool"]}}, {"params": [{"param_description": "", "param_name": ["x"], "param_type": "CGFloat"}, {"param_description": "", "param_name": ["y"], "param_type": "CGFloat"}], "method_name": "==", "is_static": true, "class_name": "CGFloat", "method_description": "Returns a Boolean value indicating whether two values are equal.", "return_value": {"return_name": [""], "return_description": [], "return_type": ["Bool"]}}, {"params": [{"param_description": "A value to compare.", "param_name": ["lhs"], "param_type": "CGFloat"}, {"param_description": "Another value to compare.", "param_name": ["rhs"], "param_type": "CGFloat"}], "method_name": ">", "is_static": true, "class_name": "CGFloat", "method_description": "Returns a Boolean value indicating whether the value of the first argument is greater than that of the second argument.", "return_value": {"return_name": [""], "return_description": [], "return_type": ["Bool"]}}, {"params": [{"param_description": "A value to compare.", "param_name": ["lhs"], "param_type": "CGFloat"}, {"param_description": "Another value to compare.", "param_name": ["rhs"], "param_type": "CGFloat"}], "method_name": ">", "is_static": true, "class_name": "CGFloat", "method_description": "Returns a Boolean value indicating whether the value of the first argument is greater than that of the second argument.", "return_value": {"return_name": [""], "return_description": [], "return_type": ["Bool"]}}, {"params": [{"param_description": "A value to compare.", "param_name": ["lhs"], "param_type": "CGFloat"}, {"param_description": "Another value to compare.", "param_name": ["rhs"], "param_type": "CGFloat"}], "method_name": ">=", "is_static": true, "class_name": "CGFloat", "method_description": "Returns a Boolean value indicating whether the value of the first argument is greater than or equal to that of the second argument.", "return_value": {"return_name": [""], "return_description": [], "return_type": ["Bool"]}}, {"params": [{"param_description": "A value to compare.", "param_name": ["lhs"], "param_type": "CGFloat"}, {"param_description": "Another value to compare.", "param_name": ["rhs"], "param_type": "CGFloat"}], "method_name": ">=", "is_static": true, "class_name": "CGFloat", "method_description": "Returns a Boolean value indicating whether the value of the first argument is greater than or equal to that of the second argument.", "return_value": {"return_name": [""], "return_description": ["true if lhs is greater than or equal to rhs; otherwise, false."], "return_type": ["Bool"]}}], "Vars": [{"var_type": "CGFloat", "var_description": "The least-magnitude member of the binade of self.", "var_name": "binade"}, {"var_type": "UInt", "var_description": "", "var_name": "bitPattern"}, {"var_type": "Mirror", "var_description": "A mirror that reflects the CGFloat instance.", "var_name": "customMirror"}, {"var_type": "String", "var_description": "A textual representation of self.", "var_name": "description"}, {"var_type": "Int", "var_description": "The integer part of the base-r logarithm of the magnitude of self, where r is the radix (2 for binary, 10 for decimal). Implements the IEEE 754 logB operation.", "var_name": "exponent"}, {"var_type": "UInt", "var_description": "The raw encoding of the exponent field of the floating-point value.", "var_name": "exponentBitPattern"}, {"var_type": "FloatingPointClassification", "var_description": "", "var_name": "floatingPointClass"}, {"var_type": "FloatingPointClassification", "var_description": "", "var_name": "floatingPointClass"}, {"var_type": "Int", "var_description": "The hash value.", "var_name": "hashValue"}, {"var_type": "Bool", "var_description": "True if and only if self is canonical.", "var_name": "isCanonical"}, {"var_type": "Bool", "var_description": "true iff self is zero, subnormal, or normal (not infinity or NaN).", "var_name": "isFinite"}, {"var_type": "Bool", "var_description": "true iff self is infinity.", "var_name": "isInfinite"}, {"var_type": "Bool", "var_description": "true iff self is NaN.", "var_name": "isNaN"}, {"var_type": "Bool", "var_description": "true iff self is normal (not zero, subnormal, infinity, or NaN).", "var_name": "isNormal"}, {"var_type": "Bool", "var_description": "True if and only if self is a signaling NaN.", "var_name": "isSignalingNaN"}, {"var_type": "Bool", "var_description": "true iff self is subnormal.", "var_name": "isSubnormal"}, {"var_type": "Bool", "var_description": "true iff self is +0.0 or -0.0.", "var_name": "isZero"}, {"var_type": "CGFloat", "var_description": "", "var_name": "magnitude"}, {"var_type": "CGFloat.NativeType", "var_description": "The native value.", "var_name": "native"}, {"var_type": "CGFloat.NativeType", "var_description": "The native value.", "var_name": "native"}, {"var_type": "CGFloat", "var_description": "The greatest representable value that compares less than this value.", "var_name": "nextDown"}, {"var_type": "CGFloat", "var_description": "The least representable value that compares greater than self.", "var_name": "nextUp"}, {"var_type": "FloatingPointSign", "var_description": "minus if the sign bit of self is set, and plus otherwise. Implements the IEEE 754 signbit operation.", "var_name": "sign"}, {"var_type": "CGFloat", "var_description": "The significant digits, or mantissa, of the floating-point number.", "var_name": "significand"}, {"var_type": "UInt", "var_description": "The raw encoding of the significand field of the floating-point value.", "var_name": "significandBitPattern"}, {"var_type": "Int", "var_description": "The number of bits required to represent significand.", "var_name": "significandWidth"}, {"var_type": "CGFloat", "var_description": "The unit in the last place of self.", "var_name": "ulp"}, {"var_type": "Int", "var_description": "The number of bits used to represent the exponent.", "var_name": "exponentBitCount"}, {"var_type": "CGFloat", "var_description": "The greatest finite number.", "var_name": "greatestFiniteMagnitude"}, {"var_type": "CGFloat", "var_description": "The positive infinity.", "var_name": "infinity"}, {"var_type": "CGFloat", "var_description": "The least positive number.", "var_name": "leastNonzeroMagnitude"}, {"var_type": "CGFloat", "var_description": "The least positive normal number.", "var_name": "leastNormalMagnitude"}, {"var_type": "CGFloat", "var_description": "A quiet NaN.", "var_name": "nan"}, {"var_type": "CGFloat", "var_description": "The mathematical constant \u03c0 (3.14159\u2026).", "var_name": "pi"}, {"var_type": "Int", "var_description": "The radix, or base of exponentiation, for this floating-point type.", "var_name": "radix"}, {"var_type": "CGFloat", "var_description": "A signaling NaN (not-a-number).", "var_name": "signalingNaN"}, {"var_type": "Int", "var_description": "For fixed-width floating-point types, this is the number of fractional significand bits.", "var_name": "significandBitCount"}, {"var_type": "CGFloat", "var_description": "The unit in the last place of 1.0.", "var_name": "ulpOfOne"}], "interface_list": ["BinaryFloatingPoint", "CustomReflectable", "CustomStringConvertible", "Hashable", "SignedNumeric", "Strideable"], "package_name": "foundation", "subclass_list": [], "class_name": "CGFloat", "class_description": "The size and precision of this type depend on the CPU architecture. When you build for a 64-bit CPU, the CGFloat type is a 64-bit, IEEE double-precision floating point type, equivalent to the Double type. When you build for a 32-bit CPU, the CGFloat type is a 32-bit, IEEE single-precision floating point type, equivalent to the Float type. \n", "class_inherit_list": []}