{"class_inherit_list": [], "interface_list": ["Comparable", "CustomDebugStringConvertible", "CustomPlaygroundQuickLookable", "CustomReflectable", "CustomStringConvertible", "Equatable", "ExpressibleByExtendedGraphemeClusterLiteral", "Hashable", "TextOutputStreamable"], "Methods": [{"return_value": {"return_description": [], "return_name": [], "return_type": []}, "method_name": "init", "params": [{"param_name": ["s"], "param_type": "String", "param_description": "The single-character string to convert to a Character instance. s must contain exactly one extended grapheme cluster."}], "method_description": "Creates a character from a single-character string.", "class_name": "Character"}, {"return_value": {"return_description": [], "return_name": [], "return_type": []}, "method_name": "write", "params": [{"param_name": ["to", "target"], "param_type": "inout Target", "param_description": "An output stream."}], "method_description": "Writes the character into the given output stream.", "class_name": "Character"}, {"return_value": {"return_description": [], "return_name": [""], "return_type": ["Bool"]}, "method_name": "==", "params": [{"param_name": ["lhs"], "param_type": "Character", "param_description": ""}, {"param_name": ["rhs"], "param_type": "Character", "param_description": ""}], "method_description": "", "class_name": "Character"}, {"return_value": {"return_description": [], "return_name": [""], "return_type": ["Bool"]}, "method_name": "!=", "params": [{"param_name": ["lhs"], "param_type": "Character", "param_description": "A value to compare."}, {"param_name": ["rhs"], "param_type": "Character", "param_description": "Another value to compare."}], "method_description": "Returns a Boolean value indicating whether two values are not equal.", "class_name": "Character"}, {"return_value": {"return_description": [], "return_name": [""], "return_type": ["Bool"]}, "method_name": "func", "params": [{"param_name": ["lhs"], "param_type": "Character", "param_description": ""}, {"param_name": ["rhs"], "param_type": "Character", "param_description": ""}], "method_description": "", "class_name": "Character"}, {"return_value": {"return_description": [], "return_name": [""], "return_type": ["Bool"]}, "method_name": "func", "params": [{"param_name": ["lhs"], "param_type": "Character", "param_description": "A value to compare."}, {"param_name": ["rhs"], "param_type": "Character", "param_description": "Another value to compare."}], "method_description": "Returns a Boolean value indicating whether the value of the first argument is less than or equal to that of the second argument.", "class_name": "Character"}, {"return_value": {"return_description": [], "return_name": [""], "return_type": ["Bool"]}, "method_name": ">", "params": [{"param_name": ["lhs"], "param_type": "Character", "param_description": "A value to compare."}, {"param_name": ["rhs"], "param_type": "Character", "param_description": "Another value to compare."}], "method_description": "Returns a Boolean value indicating whether the value of the first argument is greater than that of the second argument.", "class_name": "Character"}, {"return_value": {"return_description": ["true if lhs is greater than or equal to rhs; otherwise, false."], "return_name": [""], "return_type": ["Bool"]}, "method_name": ">=", "params": [{"param_name": ["lhs"], "param_type": "Character", "param_description": "A value to compare."}, {"param_name": ["rhs"], "param_type": "Character", "param_description": "Another value to compare."}], "method_description": "Returns a Boolean value indicating whether the value of the first argument is greater than or equal to that of the second argument.", "class_name": "Character"}, {"return_value": {"return_description": [], "return_name": [], "return_type": []}, "method_name": "init", "params": [{"param_name": ["content"], "param_type": "Unicode.Scalar", "param_description": "The Unicode scalar value to convert into a character."}], "method_description": "Creates a character containing the given Unicode scalar value.", "class_name": "Character"}, {"return_value": {"return_description": [], "return_name": [""], "return_type": ["Range<Character>"]}, "method_name": "..", "params": [{"param_name": ["minimum"], "param_type": "Character", "param_description": "The lower bound for the range."}, {"param_name": ["maximum"], "param_type": "Character", "param_description": "The upper bound for the range."}], "method_description": "Returns a half-open range that contains its lower bound but not its upper bound.", "class_name": "Character"}, {"return_value": {"return_description": [], "return_name": [""], "return_type": ["ClosedRange<Character>"]}, "method_name": "...", "params": [{"param_name": ["minimum"], "param_type": "Character", "param_description": "The lower bound for the range."}, {"param_name": ["maximum"], "param_type": "Character", "param_description": "The upper bound for the range."}], "method_description": "Returns a closed range that contains both of its bounds.", "class_name": "Character"}, {"return_value": {"return_description": [], "return_name": [""], "return_type": ["PartialRangeUpTo<Character>"]}, "method_name": "..", "params": [{"param_name": ["maximum"], "param_type": "Character", "param_description": "The upper bound for the range."}], "method_description": "Returns a partial range up to, but not including, its upper bound.", "class_name": "Character"}, {"return_value": {"return_description": [], "return_name": [""], "return_type": ["PartialRangeThrough<Character>"]}, "method_name": "...", "params": [{"param_name": ["maximum"], "param_type": "Character", "param_description": "The upper bound for the range."}], "method_description": "Returns a partial range up to, and including, its upper bound.", "class_name": "Character"}, {"return_value": {"return_description": [], "return_name": [""], "return_type": ["PartialRangeFrom<Character>"]}, "method_name": "...", "params": [{"param_name": ["minimum"], "param_type": "Character", "param_description": "The lower bound for the range."}], "method_description": "Returns a partial range extending upward from a lower bound.", "class_name": "Character"}, {"return_value": {"return_description": [], "return_name": [], "return_type": []}, "method_name": "hash", "params": [{"param_name": ["into", "hasher"], "param_type": "inout Hasher", "param_description": "The hasher to use when combining the components of this instance."}], "method_description": "Hashes the essential components of this value by feeding them into the given hasher.", "class_name": "Character"}, {"return_value": {"return_description": [], "return_name": [], "return_type": []}, "method_name": "init", "params": [{"param_name": ["extendedGraphemeClusterLiteral", "value"], "param_type": "Character", "param_description": ""}], "method_description": "Creates a character with the specified value.", "class_name": "Character"}, {"return_value": {"return_description": [], "return_name": [], "return_type": []}, "method_name": "init", "params": [{"param_name": ["unicodeScalarLiteral", "value"], "param_type": "Character", "param_description": "The value of the new instance."}], "method_description": "Creates an instance initialized to the given value.", "class_name": "Character"}], "Vars": [{"var_name": "unicodeScalars", "var_type": "Character.UnicodeScalarView", "var_description": ""}, {"var_name": "description", "var_type": "String", "var_description": ""}, {"var_name": "debugDescription", "var_type": "String", "var_description": "A textual representation of the character, suitable for debugging."}, {"var_name": "customMirror", "var_type": "Mirror", "var_description": "A mirror that reflects the Character instance."}], "subclass_list": [], "class_description": "The Character type represents a character made up of one or more Unicode scalar values, grouped by a Unicode boundary algorithm. Generally, a Character instance matches what the reader of a string will perceive as a single character. Strings are collections of Character instances, so the number of visible characters is generally the most natural way to count the length of a string.\nBecause each character in a string can be made up of one or more Unicode scalar values, the number of characters in a string may not match the length of the Unicode scalar value representation or the length of the string in a particular binary representation.\nEvery Character instance is composed of one or more Unicode scalar values that are grouped together as an extended grapheme cluster. The way these scalar values are grouped is defined by a canonical, localized, or otherwise tailored Unicode segmentation algorithm.\nFor example, a country\u2019s Unicode flag character is made up of two regional indicator scalar values that correspond to that country\u2019s ISO 3166-1 alpha-2 code. The alpha-2 code for The United States is \u201cUS\u201d, so its flag character is made up of the Unicode scalar values \"\\u{1F1FA}\" (REGIONAL INDICATOR SYMBOL LETTER U) and \"\\u{1F1F8}\" (REGIONAL INDICATOR SYMBOL LETTER S). When placed next to each other in a string literal, these two scalar values are combined into a single grapheme cluster, represented by a Character instance in Swift.\nFor more information about the Unicode terms used in this discussion, see the Unicode.org glossary. In particular, this discussion mentions extended grapheme clusters and Unicode scalar values.\n", "package_name": "swift", "class_name": "Character"}