{"Methods": [{"params": [], "method_name": "init", "is_static": false, "class_name": "CharacterSet", "method_description": "Initialize an empty instance.", "return_value": {"return_name": [], "return_description": [], "return_type": []}}, {"params": [], "method_name": "invert", "is_static": false, "class_name": "CharacterSet", "method_description": "Invert the contents of the CharacterSet.", "return_value": {"return_name": [], "return_description": [], "return_type": []}}, {"params": [{"param_description": "", "param_name": ["other"], "param_type": "CharacterSet"}], "method_name": "formIntersection", "is_static": false, "class_name": "CharacterSet", "method_description": "Sets the value to an intersection of the CharacterSet with another CharacterSet.", "return_value": {"return_name": [], "return_description": [], "return_type": []}}, {"params": [{"param_description": "", "param_name": ["other"], "param_type": "CharacterSet"}], "method_name": "formSymmetricDifference", "is_static": false, "class_name": "CharacterSet", "method_description": "Sets the value to an exclusive or of the CharacterSet with another CharacterSet.", "return_value": {"return_name": [], "return_description": [], "return_type": []}}, {"params": [{"param_description": "", "param_name": ["other"], "param_type": "CharacterSet"}], "method_name": "formUnion", "is_static": false, "class_name": "CharacterSet", "method_description": "Sets the value to a union of the CharacterSet with another CharacterSet.", "return_value": {"return_name": [], "return_description": [], "return_type": []}}, {"params": [{"param_description": "", "param_name": ["inPlane", "plane"], "param_type": "UInt8"}], "method_name": "hasMember", "is_static": false, "class_name": "CharacterSet", "method_description": "Returns true if the CharacterSet has a member in the specified plane.", "return_value": {"return_name": [""], "return_description": [], "return_type": ["Bool"]}}, {"params": [{"param_description": "", "param_name": ["charactersIn", "string"], "param_type": "String"}], "method_name": "insert", "is_static": false, "class_name": "CharacterSet", "method_description": "Insert the values from the specified string into the CharacterSet.", "return_value": {"return_name": [], "return_description": [], "return_type": []}}, {"params": [{"param_description": "", "param_name": ["other"], "param_type": "CharacterSet"}], "method_name": "intersection", "is_static": false, "class_name": "CharacterSet", "method_description": "Returns an intersection of the CharacterSet with another CharacterSet.", "return_value": {"return_name": [""], "return_description": [], "return_type": ["CharacterSet"]}}, {"params": [], "method_name": "invert", "is_static": false, "class_name": "CharacterSet", "method_description": "Invert the contents of the CharacterSet.", "return_value": {"return_name": [], "return_description": [], "return_type": []}}, {"params": [{"param_description": "A set of the same type as the current set.", "param_name": ["with", "other"], "param_type": "CharacterSet"}], "method_name": "isDisjoint", "is_static": false, "class_name": "CharacterSet", "method_description": "Returns a Boolean value that indicates whether the set has no members in common with the given set.", "return_value": {"return_name": [""], "return_description": ["true if the set has no elements in common with other; otherwise, false."], "return_type": ["Bool"]}}, {"params": [{"param_description": "A set of the same type as the current set.", "param_name": ["of", "other"], "param_type": "CharacterSet"}], "method_name": "isStrictSubset", "is_static": false, "class_name": "CharacterSet", "method_description": "Returns a Boolean value that indicates whether this set is a strict subset of the given set.", "return_value": {"return_name": [""], "return_description": ["true if the set is a strict subset of other; otherwise, false."], "return_type": ["Bool"]}}, {"params": [{"param_description": "A set of the same type as the current set.", "param_name": ["of", "other"], "param_type": "CharacterSet"}], "method_name": "isStrictSuperset", "is_static": false, "class_name": "CharacterSet", "method_description": "Returns a Boolean value that indicates whether this set is a strict superset of the given set.", "return_value": {"return_name": [""], "return_description": ["true if the set is a strict superset of other; otherwise, false."], "return_type": ["Bool"]}}, {"params": [{"param_description": "A set of the same type as the current set.", "param_name": ["of", "other"], "param_type": "CharacterSet"}], "method_name": "isSubset", "is_static": false, "class_name": "CharacterSet", "method_description": "Returns a Boolean value that indicates whether the set is a subset of another set.", "return_value": {"return_name": [""], "return_description": ["true if the set is a subset of other; otherwise, false."], "return_type": ["Bool"]}}, {"params": [{"param_description": "", "param_name": ["of", "other"], "param_type": "CharacterSet"}], "method_name": "isSuperset", "is_static": false, "class_name": "CharacterSet", "method_description": "Returns true if self is a superset of other.", "return_value": {"return_name": [""], "return_description": [], "return_type": ["Bool"]}}, {"params": [{"param_description": "", "param_name": ["charactersIn", "string"], "param_type": "String"}], "method_name": "remove", "is_static": false, "class_name": "CharacterSet", "method_description": "Remove the values from the specified string from the CharacterSet.", "return_value": {"return_name": [], "return_description": [], "return_type": []}}, {"params": [{"param_description": "", "param_name": ["other"], "param_type": "CharacterSet"}], "method_name": "subtracting", "is_static": false, "class_name": "CharacterSet", "method_description": "Returns a CharacterSet created by removing elements in other from self.", "return_value": {"return_name": [""], "return_description": [], "return_type": ["CharacterSet"]}}, {"params": [{"param_description": "", "param_name": ["other"], "param_type": "CharacterSet"}], "method_name": "symmetricDifference", "is_static": false, "class_name": "CharacterSet", "method_description": "Returns an exclusive or of the CharacterSet with another CharacterSet.", "return_value": {"return_name": [""], "return_description": [], "return_type": ["CharacterSet"]}}, {"params": [{"param_description": "", "param_name": ["other"], "param_type": "CharacterSet"}], "method_name": "union", "is_static": false, "class_name": "CharacterSet", "method_description": "Returns a union of the CharacterSet with another CharacterSet.", "return_value": {"return_name": [""], "return_description": [], "return_type": ["CharacterSet"]}}, {"params": [{"param_description": "", "param_name": ["charactersIn", "string"], "param_type": "String"}], "method_name": "insert", "is_static": false, "class_name": "CharacterSet", "method_description": "Insert the values from the specified string into the CharacterSet.", "return_value": {"return_name": [], "return_description": [], "return_type": []}}, {"params": [{"param_description": "", "param_name": ["charactersIn", "string"], "param_type": "String"}], "method_name": "remove", "is_static": false, "class_name": "CharacterSet", "method_description": "Remove the values from the specified string from the CharacterSet.", "return_value": {"return_name": [], "return_description": [], "return_type": []}}, {"params": [{"param_description": "", "param_name": ["other"], "param_type": "CharacterSet"}], "method_name": "subtracting", "is_static": false, "class_name": "CharacterSet", "method_description": "Returns a CharacterSet created by removing elements in other from self.", "return_value": {"return_name": [""], "return_description": [], "return_type": ["CharacterSet"]}}, {"params": [{"param_description": "", "param_name": ["inPlane", "plane"], "param_type": "UInt8"}], "method_name": "hasMember", "is_static": false, "class_name": "CharacterSet", "method_description": "Returns true if the CharacterSet has a member in the specified plane.", "return_value": {"return_name": [""], "return_description": [], "return_type": ["Bool"]}}, {"params": [{"param_description": "A set of the same type as the current set.", "param_name": ["with", "other"], "param_type": "CharacterSet"}], "method_name": "isDisjoint", "is_static": false, "class_name": "CharacterSet", "method_description": "Returns a Boolean value that indicates whether the set has no members in common with the given set.", "return_value": {"return_name": [""], "return_description": ["true if the set has no elements in common with other; otherwise, false."], "return_type": ["Bool"]}}, {"params": [{"param_description": "A set of the same type as the current set.", "param_name": ["of", "other"], "param_type": "CharacterSet"}], "method_name": "isStrictSubset", "is_static": false, "class_name": "CharacterSet", "method_description": "Returns a Boolean value that indicates whether this set is a strict subset of the given set.", "return_value": {"return_name": [""], "return_description": ["true if the set is a strict subset of other; otherwise, false."], "return_type": ["Bool"]}}, {"params": [{"param_description": "A set of the same type as the current set.", "param_name": ["of", "other"], "param_type": "CharacterSet"}], "method_name": "isStrictSuperset", "is_static": false, "class_name": "CharacterSet", "method_description": "Returns a Boolean value that indicates whether this set is a strict superset of the given set.", "return_value": {"return_name": [""], "return_description": ["true if the set is a strict superset of other; otherwise, false."], "return_type": ["Bool"]}}, {"params": [{"param_description": "A set of the same type as the current set.", "param_name": ["of", "other"], "param_type": "CharacterSet"}], "method_name": "isSubset", "is_static": false, "class_name": "CharacterSet", "method_description": "Returns a Boolean value that indicates whether the set is a subset of another set.", "return_value": {"return_name": [""], "return_description": ["true if the set is a subset of other; otherwise, false."], "return_type": ["Bool"]}}, {"params": [{"param_description": "", "param_name": ["of", "other"], "param_type": "CharacterSet"}], "method_name": "isSuperset", "is_static": false, "class_name": "CharacterSet", "method_description": "Returns true if self is a superset of other.", "return_value": {"return_name": [""], "return_description": [], "return_type": ["Bool"]}}, {"params": [{"param_description": "A value to compare.", "param_name": ["lhs"], "param_type": "CharacterSet"}, {"param_description": "Another value to compare.", "param_name": ["rhs"], "param_type": "CharacterSet"}], "method_name": "!=", "is_static": true, "class_name": "CharacterSet", "method_description": "Returns a Boolean value indicating whether two values are not equal.", "return_value": {"return_name": [""], "return_description": [], "return_type": ["Bool"]}}, {"params": [{"param_description": "", "param_name": ["lhs"], "param_type": "CharacterSet"}, {"param_description": "", "param_name": ["rhs"], "param_type": "CharacterSet"}], "method_name": "==", "is_static": true, "class_name": "CharacterSet", "method_description": "Returns true if the two CharacterSets are equal.", "return_value": {"return_name": [""], "return_description": [], "return_type": ["Bool"]}}, {"params": [{"param_description": "A list of elements of the new set.", "param_name": ["arrayLiteral"], "param_type": "Unicode.Scalar..."}], "method_name": "init", "is_static": false, "class_name": "CharacterSet", "method_description": "Creates a set containing the elements of the given array literal.", "return_value": {"return_name": [], "return_description": [], "return_type": []}}, {"params": [{"param_description": "", "param_name": ["charactersIn", "range"], "param_type": "Range<Unicode.Scalar>"}], "method_name": "init", "is_static": false, "class_name": "CharacterSet", "method_description": "", "return_value": {"return_name": [], "return_description": [], "return_type": []}}, {"params": [{"param_description": "", "param_name": ["charactersIn", "range"], "param_type": "ClosedRange<Unicode.Scalar>"}], "method_name": "init", "is_static": false, "class_name": "CharacterSet", "method_description": "", "return_value": {"return_name": [], "return_description": [], "return_type": []}}, {"params": [{"param_description": "", "param_name": ["from", "decoder"], "param_type": "Decoder"}], "method_name": "init", "is_static": false, "class_name": "CharacterSet", "method_description": "", "return_value": {"return_name": [], "return_description": [], "return_type": []}}, {"params": [{"param_description": "", "param_name": ["member"], "param_type": "Unicode.Scalar"}], "method_name": "contains", "is_static": false, "class_name": "CharacterSet", "method_description": "", "return_value": {"return_name": [""], "return_description": [], "return_type": ["Bool"]}}, {"params": [{"param_description": "", "param_name": ["to", "encoder"], "param_type": "Encoder"}], "method_name": "encode", "is_static": false, "class_name": "CharacterSet", "method_description": "", "return_value": {"return_name": [], "return_description": [], "return_type": []}}, {"params": [{"param_description": "", "param_name": ["character"], "param_type": "Unicode.Scalar) -> (inserte"}, {"param_description": "", "param_name": ["Unicode.Scalar)", "->", "(inserted"], "param_type": "Bool"}, {"param_description": "", "param_name": ["memberAfterInsert"], "param_type": "Unicode.Scalar"}], "method_name": "insert", "is_static": false, "class_name": "CharacterSet", "method_description": "", "return_value": {"return_name": [["inserted"], ["memberAfterInsert"]], "return_description": [], "return_type": ["Bool", "Unicode.Scalar"]}}, {"params": [{"param_description": "", "param_name": ["charactersIn", "range"], "param_type": "ClosedRange<Unicode.Scalar>"}], "method_name": "insert", "is_static": false, "class_name": "CharacterSet", "method_description": "", "return_value": {"return_name": [], "return_description": [], "return_type": []}}, {"params": [{"param_description": "", "param_name": ["charactersIn", "range"], "param_type": "Range<Unicode.Scalar>"}], "method_name": "insert", "is_static": false, "class_name": "CharacterSet", "method_description": "", "return_value": {"return_name": [], "return_description": [], "return_type": []}}, {"params": [{"param_description": "", "param_name": ["character"], "param_type": "Unicode.Scalar"}], "method_name": "remove", "is_static": false, "class_name": "CharacterSet", "method_description": "", "return_value": {"return_name": [""], "return_description": [], "return_type": ["Unicode.Scalar"]}}, {"params": [{"param_description": "", "param_name": ["charactersIn", "range"], "param_type": "ClosedRange<Unicode.Scalar>"}], "method_name": "remove", "is_static": false, "class_name": "CharacterSet", "method_description": "", "return_value": {"return_name": [], "return_description": [], "return_type": []}}, {"params": [{"param_description": "", "param_name": ["charactersIn", "range"], "param_type": "Range<Unicode.Scalar>"}], "method_name": "remove", "is_static": false, "class_name": "CharacterSet", "method_description": "", "return_value": {"return_name": [], "return_description": [], "return_type": []}}, {"params": [{"param_description": "", "param_name": ["other"], "param_type": "CharacterSet"}], "method_name": "subtract", "is_static": false, "class_name": "CharacterSet", "method_description": "", "return_value": {"return_name": [], "return_description": [], "return_type": []}}, {"params": [{"param_description": "", "param_name": ["other"], "param_type": "CharacterSet"}], "method_name": "subtract", "is_static": false, "class_name": "CharacterSet", "method_description": "", "return_value": {"return_name": [], "return_description": [], "return_type": []}}, {"params": [{"param_description": "", "param_name": ["with", "character"], "param_type": "Unicode.Scalar"}], "method_name": "update", "is_static": false, "class_name": "CharacterSet", "method_description": "", "return_value": {"return_name": [""], "return_description": [], "return_type": ["Unicode.Scalar"]}}], "Vars": [{"var_type": "CharacterSet", "var_description": "Returns a character set containing the characters in Unicode General Categories L*, M*, and N*.", "var_name": "alphanumerics"}, {"var_type": "CharacterSet", "var_description": "Returns a character set containing the characters in Unicode General Category Lt.", "var_name": "capitalizedLetters"}, {"var_type": "CharacterSet", "var_description": "Returns a character set containing the characters in Unicode General Category Cc and Cf.", "var_name": "controlCharacters"}, {"var_type": "CharacterSet", "var_description": "Returns a character set containing the characters in the category of Decimal Numbers.", "var_name": "decimalDigits"}, {"var_type": "CharacterSet", "var_description": "Returns a character set containing individual Unicode characters that can also be represented as composed character sequences (such as for letters with accents), by the definition of \u201cstandard decomposition\u201d in version 3.2 of the Unicode character encoding standard.", "var_name": "decomposables"}, {"var_type": "CharacterSet", "var_description": "Returns a character set containing values in the category of Non-Characters or that have not yet been defined in version 3.2 of the Unicode standard.", "var_name": "illegalCharacters"}, {"var_type": "CharacterSet", "var_description": "Returns a character set containing the characters in Unicode General Category L* & M*.", "var_name": "letters"}, {"var_type": "CharacterSet", "var_description": "Returns a character set containing the characters in Unicode General Category Ll.", "var_name": "lowercaseLetters"}, {"var_type": "CharacterSet", "var_description": "Returns a character set containing the newline characters (U+000A ~ U+000D, U+0085, U+2028, and U+2029).", "var_name": "newlines"}, {"var_type": "CharacterSet", "var_description": "Returns a character set containing the characters in Unicode General Category M*.", "var_name": "nonBaseCharacters"}, {"var_type": "CharacterSet", "var_description": "Returns a character set containing the characters in Unicode General Category P*.", "var_name": "punctuationCharacters"}, {"var_type": "CharacterSet", "var_description": "Returns a character set containing the characters in Unicode General Category S*.", "var_name": "symbols"}, {"var_type": "CharacterSet", "var_description": "Returns a character set containing the characters in Unicode General Category Lu and Lt.", "var_name": "uppercaseLetters"}, {"var_type": "CharacterSet", "var_description": "Returns a character set containing the characters in Unicode General Category Zs and CHARACTER TABULATION (U+0009).", "var_name": "whitespaces"}, {"var_type": "CharacterSet", "var_description": "Returns a character set containing characters in Unicode General Category Z*, U+000A ~ U+000D, and U+0085.", "var_name": "whitespacesAndNewlines"}, {"var_type": "CharacterSet", "var_description": "Returns the character set for characters allowed in a fragment URL component.", "var_name": "urlFragmentAllowed"}, {"var_type": "CharacterSet", "var_description": "Returns the character set for characters allowed in a host URL subcomponent.", "var_name": "urlHostAllowed"}, {"var_type": "CharacterSet", "var_description": "Returns the character set for characters allowed in a password URL subcomponent.", "var_name": "urlPasswordAllowed"}, {"var_type": "CharacterSet", "var_description": "Returns the character set for characters allowed in a path URL component.", "var_name": "urlPathAllowed"}, {"var_type": "CharacterSet", "var_description": "Returns the character set for characters allowed in a query URL component.", "var_name": "urlQueryAllowed"}, {"var_type": "CharacterSet", "var_description": "Returns the character set for characters allowed in a user URL subcomponent.", "var_name": "urlUserAllowed"}, {"var_type": "Data", "var_description": "Returns a representation of the CharacterSet in binary format.", "var_name": "bitmapRepresentation"}, {"var_type": "CharacterSet", "var_description": "Returns an inverted copy of the receiver.", "var_name": "inverted"}, {"var_type": "Bool", "var_description": "A Boolean value that indicates whether the set has no elements.", "var_name": "isEmpty"}, {"var_type": "String", "var_description": "A textual description of the character set.", "var_name": "description"}, {"var_type": "String", "var_description": "A textual description of the character set suitable for debugging.", "var_name": "debugDescription"}, {"var_type": "Int", "var_description": "The computed hash value for the date interval.", "var_name": "hashValue"}], "interface_list": ["CustomDebugStringConvertible", "CustomStringConvertible", "Equatable", "Hashable", "ReferenceConvertible", "SetAlgebra"], "package_name": "foundation", "subclass_list": [], "class_name": "CharacterSet", "class_description": "A CharacterSet represents a set of Unicode-compliant characters. Foundation types use CharacterSet to group characters together for searching operations, so that they can find any of a particular set of characters during a search.\nThis type provides \u201ccopy-on-write\u201d behavior, and is also bridged to the Objective-C NSCharacterSet class.\n", "class_inherit_list": []}