{"Methods": [{"params": [], "method_name": "init", "is_static": false, "class_name": "Data", "method_description": "Creates an empty data buffer.", "return_value": {"return_name": [], "return_description": [], "return_type": []}}, {"params": [{"param_description": "The size of the data.", "param_name": ["capacity"], "param_type": "Int"}], "method_name": "init", "is_static": false, "class_name": "Data", "method_description": "Creates an empty data buffer of a specified size.", "return_value": {"return_name": [], "return_description": [], "return_type": []}}, {"params": [{"param_description": "The number of bytes the data initially contains.", "param_name": ["count"], "param_type": "Int"}], "method_name": "init", "is_static": false, "class_name": "Data", "method_description": "Creates a new data buffer with the specified count of zeroed bytes.", "return_value": {"return_name": [], "return_description": [], "return_type": []}}, {"params": [{"param_description": "The range in the data to set to 0.", "param_name": ["in", "range"], "param_type": "Range<Data.Index>"}], "method_name": "resetBytes", "is_static": false, "class_name": "Data", "method_description": "Sets a region of the data buffer to 0.", "return_value": {"return_name": [], "return_description": [], "return_type": []}}, {"params": [], "method_name": "init", "is_static": false, "class_name": "Data", "method_description": "Creates an empty data buffer.", "return_value": {"return_name": [], "return_description": [], "return_type": []}}, {"params": [{"param_description": "The sequence of elements for the new collection.", "param_name": ["elements"], "param_type": "S"}], "method_name": "init", "is_static": false, "class_name": "Data", "method_description": "Creates a new instance of a collection containing the elements of a sequence.", "return_value": {"return_name": [], "return_description": [], "return_type": []}}, {"params": [{"param_description": "A buffer pointer to copy. The size is calculated from SourceType and buffer.count.", "param_name": ["buffer"], "param_type": "UnsafeBufferPointer<SourceType>"}], "method_name": "init", "is_static": false, "class_name": "Data", "method_description": "Creates a data buffer with copied memory content using a buffer pointer.", "return_value": {"return_name": [], "return_description": [], "return_type": []}}, {"params": [{"param_description": "A buffer pointer to copy. The size is calculated from SourceType and buffer.count.", "param_name": ["buffer"], "param_type": "UnsafeMutableBufferPointer<SourceType>"}], "method_name": "init", "is_static": false, "class_name": "Data", "method_description": "Creates a data buffer with copied memory content using a mutable buffer pointer.", "return_value": {"return_name": [], "return_description": [], "return_type": []}}, {"params": [{"param_description": "A pointer to the memory to copy.", "param_name": ["bytes"], "param_type": "UnsafeRawPointer"}, {"param_description": "The number of bytes to copy.", "param_name": ["count"], "param_type": "Int"}], "method_name": "init", "is_static": false, "class_name": "Data", "method_description": "Creates data with copied memory content.", "return_value": {"return_name": [], "return_description": [], "return_type": []}}, {"params": [{"param_description": "A pointer to the bytes.", "param_name": ["bytesNoCopy", "bytes"], "param_type": "UnsafeMutableRawPointer"}, {"param_description": "The size of the bytes.", "param_name": ["count"], "param_type": "Int"}, {"param_description": "Specifies the mechanism to free the indicated buffer, or .none.", "param_name": ["deallocator"], "param_type": "Data.Deallocator"}], "method_name": "init", "is_static": false, "class_name": "Data", "method_description": "Creates a data buffer with memory content without copying the bytes.", "return_value": {"return_name": [], "return_description": [], "return_type": []}}, {"params": [{"param_description": "The size of the data.", "param_name": ["capacity"], "param_type": "Int"}], "method_name": "init", "is_static": false, "class_name": "Data", "method_description": "Creates an empty data buffer of a specified size.", "return_value": {"return_name": [], "return_description": [], "return_type": []}}, {"params": [{"param_description": "The number of bytes the data initially contains.", "param_name": ["count"], "param_type": "Int"}], "method_name": "init", "is_static": false, "class_name": "Data", "method_description": "Creates a new data buffer with the specified count of zeroed bytes.", "return_value": {"return_name": [], "return_description": [], "return_type": []}}, {"params": [{"param_description": "A pointer to the memory to copy.", "param_name": ["bytes"], "param_type": "UnsafeRawPointer"}, {"param_description": "The number of bytes to copy.", "param_name": ["count"], "param_type": "Int"}], "method_name": "init", "is_static": false, "class_name": "Data", "method_description": "Creates data with copied memory content.", "return_value": {"return_name": [], "return_description": [], "return_type": []}}, {"params": [{"param_description": "A buffer pointer to copy. The size is calculated from SourceType and buffer.count.", "param_name": ["buffer"], "param_type": "UnsafeBufferPointer<SourceType>"}], "method_name": "init", "is_static": false, "class_name": "Data", "method_description": "Creates a data buffer with copied memory content using a buffer pointer.", "return_value": {"return_name": [], "return_description": [], "return_type": []}}, {"params": [{"param_description": "A buffer pointer to copy. The size is calculated from SourceType and buffer.count.", "param_name": ["buffer"], "param_type": "UnsafeMutableBufferPointer<SourceType>"}], "method_name": "init", "is_static": false, "class_name": "Data", "method_description": "Creates a data buffer with copied memory content using a mutable buffer pointer.", "return_value": {"return_name": [], "return_description": [], "return_type": []}}, {"params": [{"param_description": "A pointer to the bytes.", "param_name": ["bytesNoCopy", "bytes"], "param_type": "UnsafeMutableRawPointer"}, {"param_description": "The size of the bytes.", "param_name": ["count"], "param_type": "Int"}, {"param_description": "Specifies the mechanism to free the indicated buffer, or .none.", "param_name": ["deallocator"], "param_type": "Data.Deallocator"}], "method_name": "init", "is_static": false, "class_name": "Data", "method_description": "Creates a data buffer with memory content without copying the bytes.", "return_value": {"return_name": [], "return_description": [], "return_type": []}}, {"params": [{"param_description": "The location to write the data into.", "param_name": ["to", "url"], "param_type": "URL"}, {"param_description": "Options for writing the data. Default value is [].", "param_name": ["options"], "param_type": "Data.WritingOptions = []"}], "method_name": "write", "is_static": false, "class_name": "Data", "method_description": "Writes the contents of the data buffer to a location.", "return_value": {"return_name": [], "return_description": [], "return_type": []}}, {"params": [{"param_description": "The options to use for the encoding. Default value is [].", "param_name": ["options"], "param_type": "Data.Base64EncodingOptions = []"}], "method_name": "base64EncodedData", "is_static": false, "class_name": "Data", "method_description": "Returns Base-64 encoded data.", "return_value": {"return_name": [""], "return_description": ["The Base-64 encoded data."], "return_type": ["Data"]}}, {"params": [{"param_description": "The options to use for the encoding. Default value is [].", "param_name": ["options"], "param_type": "Data.Base64EncodingOptions = []"}], "method_name": "base64EncodedString", "is_static": false, "class_name": "Data", "method_description": "Returns a Base-64 encoded string.", "return_value": {"return_name": [""], "return_description": ["The Base-64 encoded string."], "return_type": ["String"]}}, {"params": [{"param_description": "", "param_name": ["body"], "param_type": "(UnsafePointer<ContentType>) throws -> ResultType"}], "method_name": "withUnsafeBytes", "is_static": false, "class_name": "Data", "method_description": "Accesses the raw bytes in the data's buffer.", "return_value": {"return_name": [""], "return_description": [], "return_type": ["ResultType"]}}, {"params": [{"param_description": "", "param_name": ["body"], "param_type": "(UnsafeMutablePointer<ContentType>) throws -> ResultType"}], "method_name": "withUnsafeMutableBytes", "is_static": false, "class_name": "Data", "method_description": "Mutates the raw bytes in the data's buffer.", "return_value": {"return_name": [""], "return_description": [], "return_type": ["ResultType"]}}, {"params": [{"param_description": "A pointer to the buffer you wish to copy the bytes into.", "param_name": ["to", "pointer"], "param_type": "UnsafeMutablePointer<UInt8>"}, {"param_description": "The number of bytes to copy.", "param_name": ["count"], "param_type": "Int"}], "method_name": "copyBytes", "is_static": false, "class_name": "Data", "method_description": "Copies the contents of the data to memory.", "return_value": {"return_name": [], "return_description": [], "return_type": []}}, {"params": [{"param_description": "A pointer to the buffer you wish to copy the bytes into.", "param_name": ["to", "pointer"], "param_type": "UnsafeMutablePointer<UInt8>"}, {"param_description": "The range in the Data to copy.", "param_name": ["from", "range"], "param_type": "Range<Data.Index>"}], "method_name": "copyBytes", "is_static": false, "class_name": "Data", "method_description": "Copies a subset of the contents of the data to memory.", "return_value": {"return_name": [], "return_description": [], "return_type": []}}, {"params": [{"param_description": "A buffer to copy the data into.", "param_name": ["to", "buffer"], "param_type": "UnsafeMutableBufferPointer<DestinationType>"}, {"param_description": "A range in the data to copy into the buffer. If the range is empty, this function will return 0 without copying anything. If the range is nil, as much data as will fit into buffer is copied.", "param_name": ["from", "range"], "param_type": "Range<Data.Index> = nil"}], "method_name": "copyBytes", "is_static": false, "class_name": "Data", "method_description": "Copies the bytes in a range from the data into a buffer. ", "return_value": {"return_name": [""], "return_description": ["Number of bytes copied into the destination buffer."], "return_type": ["Int"]}}, {"params": [{"param_description": "", "param_name": ["other"], "param_type": "Data"}], "method_name": "append", "is_static": false, "class_name": "Data", "method_description": "Appends the specified data to the end of this data.", "return_value": {"return_name": [], "return_description": [], "return_type": []}}, {"params": [{"param_description": "The buffer of bytes to append. The size is calculated from SourceType and buffer.count.", "param_name": ["buffer"], "param_type": "UnsafeBufferPointer<SourceType>"}], "method_name": "append", "is_static": false, "class_name": "Data", "method_description": "Append a buffer of bytes to the data.", "return_value": {"return_name": [], "return_description": [], "return_type": []}}, {"params": [{"param_description": "", "param_name": ["bytes"], "param_type": "UnsafePointer<UInt8>"}, {"param_description": "", "param_name": ["count"], "param_type": "Int"}], "method_name": "append", "is_static": false, "class_name": "Data", "method_description": "Appends the specified bytes from memory to the end of the data.", "return_value": {"return_name": [], "return_description": [], "return_type": []}}, {"params": [{"param_description": "", "param_name": ["contentsOf", "bytes"], "param_type": "[UInt8]"}], "method_name": "append", "is_static": false, "class_name": "Data", "method_description": "Appends the bytes in the specified array to the end of the data.", "return_value": {"return_name": [], "return_description": [], "return_type": []}}, {"params": [{"param_description": "", "param_name": ["minimumCapacity"], "param_type": "Int"}], "method_name": "reserveCapacity", "is_static": false, "class_name": "Data", "method_description": "Prepares the collection to store the specified number of elements, when doing so is appropriate for the underlying type.", "return_value": {"return_name": [], "return_description": [], "return_type": []}}, {"params": [{"param_description": "The position of the element to remove. position must be a valid index of the collection that is not equal to the collection\u2019s end index.", "param_name": ["at", "position"], "param_type": "Int"}], "method_name": "remove", "is_static": false, "class_name": "Data", "method_description": "Removes and returns the element at the specified position.", "return_value": {"return_name": [""], "return_description": ["The removed element."], "return_type": ["UInt8"]}}, {"params": [{"param_description": "Pass true to request that the collection avoid releasing its storage. Retaining the collection\u2019s storage can be a useful optimization when you\u2019re planning to grow the collection again. The default value is false.", "param_name": ["keepingCapacity", "keepCapacity"], "param_type": "Bool = false"}], "method_name": "removeAll", "is_static": false, "class_name": "Data", "method_description": "Removes all elements from the collection.", "return_value": {"return_name": [], "return_description": [], "return_type": []}}, {"params": [{"param_description": "The range of the collection to be removed. The bounds of the range must be valid indices of the collection.", "param_name": ["bounds"], "param_type": "Range<Int>"}], "method_name": "removeSubrange", "is_static": false, "class_name": "Data", "method_description": "Removes the elements in the specified subrange from the collection.", "return_value": {"return_name": [], "return_description": [], "return_type": []}}, {"params": [{"param_description": "The range in the data to replace. If subrange.lowerBound == data.count && subrange.count == 0 then this operation is an append.", "param_name": ["subrange"], "param_type": "Range<Data.Index>"}, {"param_description": "The replacement data.", "param_name": ["with", "data"], "param_type": "Data"}], "method_name": "replaceSubrange", "is_static": false, "class_name": "Data", "method_description": "Replaces a region of bytes in the data with new data.", "return_value": {"return_name": [], "return_description": [], "return_type": []}}, {"params": [{"param_description": "The range in the data to replace.", "param_name": ["subrange"], "param_type": "Range<Data.Index>"}, {"param_description": "The replacement bytes.", "param_name": ["with", "newElements"], "param_type": "ByteCollection"}], "method_name": "replaceSubrange", "is_static": false, "class_name": "Data", "method_description": "Replaces a region of bytes in the data with new bytes from a collection.", "return_value": {"return_name": [], "return_description": [], "return_type": []}}, {"params": [{"param_description": "The range in the data to replace.", "param_name": ["subrange"], "param_type": "Range<Data.Index>"}, {"param_description": "The replacement bytes.", "param_name": ["with", "buffer"], "param_type": "UnsafeBufferPointer<SourceType>"}], "method_name": "replaceSubrange", "is_static": false, "class_name": "Data", "method_description": "Replaces a region of bytes in the data with new bytes from a buffer.", "return_value": {"return_name": [], "return_description": [], "return_type": []}}, {"params": [{"param_description": "", "param_name": ["subrange"], "param_type": "Range<Data.Index>"}, {"param_description": "", "param_name": ["with", "bytes"], "param_type": "UnsafeRawPointer"}, {"param_description": "", "param_name": ["count", "cnt"], "param_type": "Int"}], "method_name": "replaceSubrange", "is_static": false, "class_name": "Data", "method_description": "Replaces a region of bytes in the data with bytes from memory.", "return_value": {"return_name": [], "return_description": [], "return_type": []}}, {"params": [{"param_description": "A closure that takes an element of the sequence as its argument and returns a Boolean value indicating whether the element is a match.", "param_name": ["where", "predicate"], "param_type": "(UInt8) throws -> Bool"}], "method_name": "first", "is_static": false, "class_name": "Data", "method_description": "Returns the first element of the sequence that satisfies the given predicate.", "return_value": {"return_name": [""], "return_description": ["The first element of the sequence that satisfies predicate, or nil if there is no element that satisfies predicate."], "return_type": [""]}}, {"params": [], "method_name": "max", "is_static": false, "class_name": "Data", "method_description": "Returns the maximum element in the sequence.", "return_value": {"return_name": [""], "return_description": ["The sequence\u2019s maximum element. If the sequence has no elements, returns nil."], "return_type": ["UInt8"]}}, {"params": [{"param_description": "A predicate that returns true if its first argument should be ordered before its second argument; otherwise, false.", "param_name": ["by", "areInIncreasingOrder"], "param_type": "(UInt8, UInt8) throws -> Bool"}], "method_name": "max", "is_static": false, "class_name": "Data", "method_description": "Returns the maximum element in the sequence, using the given predicate as the comparison between elements.", "return_value": {"return_name": [""], "return_description": ["The sequence\u2019s maximum element if the sequence is not empty; otherwise, nil."], "return_type": ["UInt8"]}}, {"params": [], "method_name": "min", "is_static": false, "class_name": "Data", "method_description": "Returns the minimum element in the sequence.", "return_value": {"return_name": [""], "return_description": ["The sequence\u2019s minimum element. If the sequence has no elements, returns nil."], "return_type": ["UInt8"]}}, {"params": [{"param_description": "A predicate that returns true if its first argument should be ordered before its second argument; otherwise, false.", "param_name": ["by", "areInIncreasingOrder"], "param_type": "(UInt8, UInt8) throws -> Bool"}], "method_name": "min", "is_static": false, "class_name": "Data", "method_description": "Returns the minimum element in the sequence, using the given predicate as the comparison between elements.", "return_value": {"return_name": [""], "return_description": ["The sequence\u2019s minimum element, according to areInIncreasingOrder. If the sequence has no elements, returns nil."], "return_type": ["UInt8"]}}, {"params": [{"param_description": "The data to be searched for.", "param_name": ["of", "dataToFind"], "param_type": "Data"}, {"param_description": "Options for the search. Default value is [].", "param_name": ["options"], "param_type": "Data.SearchOptions"}, {"param_description": "The range of this data in which to perform the search. Default value is nil, which means the entire content of this data.", "param_name": ["in", "range"], "param_type": "Range<Data.Index> = nil"}], "method_name": "range", "is_static": false, "class_name": "Data", "method_description": "Finds the range of the specified data as a subsequence of this data, if it exists.", "return_value": {"return_name": [""], "return_description": ["A Range specifying the location of the found data, or nil if a match could not be found."], "return_type": ["Range<Data.Index>"]}}, {"params": [{"param_description": "A closure that takes an element of the sequence as its argument and returns a Boolean value indicating whether the element should be included in the returned collection.", "param_name": ["isIncluded"], "param_type": "(UInt8) throws -> Bool"}], "method_name": "filter", "is_static": false, "class_name": "Data", "method_description": "Returns a new collection of the same type containing, in order, the elements of the original collection that satisfy the given predicate.", "return_value": {"return_name": [""], "return_description": ["A collection of the elements that isIncluded allowed."], "return_type": ["Data"]}}, {"params": [{"param_description": "The maximum number of elements to return. maxLength must be greater than or equal to zero.", "param_name": ["maxLength"], "param_type": "Int"}], "method_name": "prefix", "is_static": false, "class_name": "Data", "method_description": "Returns a subsequence, up to the specified maximum length, containing the initial elements of the collection.", "return_value": {"return_name": [""], "return_description": ["A subsequence starting at the beginning of this collection with at most maxLength elements."], "return_type": ["Data"]}}, {"params": [{"param_description": "", "param_name": ["through", "position"], "param_type": "Int"}], "method_name": "prefix", "is_static": false, "class_name": "Data", "method_description": "Returns a subsequence from the start of the collection through the specified position.", "return_value": {"return_name": [""], "return_description": ["A subsequence up to, and including, the end position."], "return_type": ["Data"]}}, {"params": [{"param_description": "The \u201cpast the end\u201d index of the resulting subsequence. end must be a valid index of the collection.", "param_name": ["upTo", "end"], "param_type": "Int"}], "method_name": "prefix", "is_static": false, "class_name": "Data", "method_description": "Returns a subsequence from the start of the collection up to, but not including, the specified position.", "return_value": {"return_name": [""], "return_description": ["A subsequence up to, but not including, the end position."], "return_type": ["Data"]}}, {"params": [{"param_description": "A closure that takes an element of the sequence as its argument and returns true if the element should be included or false if it should be excluded. Once the predicate returns false it will not be called again.", "param_name": ["while", "predicate"], "param_type": "(UInt8) throws -> Bool"}], "method_name": "prefix", "is_static": false, "class_name": "Data", "method_description": "Returns a subsequence containing the initial elements until predicate returns false and skipping the remaining elements.", "return_value": {"return_name": [""], "return_description": [], "return_type": ["Data"]}}, {"params": [{"param_description": "The maximum number of elements to return. maxLength must be greater than or equal to zero.", "param_name": ["maxLength"], "param_type": "Int"}], "method_name": "suffix", "is_static": false, "class_name": "Data", "method_description": "Returns a subsequence, up to the given maximum length, containing the final elements of the collection.", "return_value": {"return_name": [""], "return_description": ["A subsequence terminating at the end of the collection with at most maxLength elements."], "return_type": ["Data"]}}, {"params": [{"param_description": "The index at which to start the resulting subsequence. start must be a valid index of the collection.", "param_name": ["from", "start"], "param_type": "Int"}], "method_name": "suffix", "is_static": false, "class_name": "Data", "method_description": "Returns a subsequence from the specified position to the end of the collection.", "return_value": {"return_name": [""], "return_description": ["A subsequence starting at the start position."], "return_type": ["Data"]}}, {"params": [{"param_description": "The number of elements to drop off the end of the collection. k must be greater than or equal to zero.", "param_name": ["k"], "param_type": "Int"}], "method_name": "dropLast", "is_static": false, "class_name": "Data", "method_description": "Returns a subsequence containing all but the specified number of final elements.", "return_value": {"return_name": [""], "return_description": ["A subsequence that leaves off k elements from the end."], "return_type": ["Data"]}}, {"params": [{"param_description": "The number of elements to drop from the beginning of the collection. k must be greater than or equal to zero.", "param_name": ["k"], "param_type": "Int = 1"}], "method_name": "dropFirst", "is_static": false, "class_name": "Data", "method_description": "Returns a subsequence containing all but the given number of initial elements.", "return_value": {"return_name": [""], "return_description": ["A subsequence starting after the specified number of elements."], "return_type": ["Data"]}}, {"params": [{"param_description": "A closure that takes an element of the sequence as its argument and returns true if the element should be skipped or false if it should be included. Once the predicate returns false it will not be called again.", "param_name": ["while", "predicate"], "param_type": "(UInt8) throws -> Bool"}], "method_name": "drop", "is_static": false, "class_name": "Data", "method_description": "Returns a subsequence by skipping elements while predicate returns true and returning the remaining elements.", "return_value": {"return_name": [""], "return_description": [], "return_type": ["Data"]}}, {"params": [{"param_description": "The number of bytes to strip from the input data buffer. The value must be less than the original data buffer's length.", "param_name": ["by", "amount"], "param_type": "Int"}], "method_name": "advanced", "is_static": false, "class_name": "Data", "method_description": "Returns a new data buffer created by removing the given number of bytes from the front of the original buffer.", "return_value": {"return_name": [""], "return_description": ["A newly created data buffer that is shorter by the given amount than the original."], "return_type": ["Data"]}}, {"params": [{"param_description": "The value to use as the initial accumulating value. initialResult is passed to nextPartialResult the first time the closure is executed.", "param_name": ["initialResult"], "param_type": "Result"}, {"param_description": "A closure that combines an accumulating value and an element of the sequence into a new accumulating value, to be used in the next call of the nextPartialResult closure or returned to the caller.", "param_name": ["nextPartialResult"], "param_type": "(Result, UInt8) throws -> Result"}], "method_name": "reduce", "is_static": false, "class_name": "Data", "method_description": "Returns the result of combining the elements of the sequence using the given closure.", "return_value": {"return_name": [""], "return_description": ["The final accumulated value. If the sequence has no elements, the result is initialResult."], "return_type": ["Result"]}}, {"params": [{"param_description": "A closure that takes an element of the sequence as a parameter.", "param_name": ["body"], "param_type": "(UInt8) throws -> Void"}], "method_name": "forEach", "is_static": false, "class_name": "Data", "method_description": "Calls the given closure on each element in the sequence in the same order as a for-in loop.", "return_value": {"return_name": [""], "return_description": [], "return_type": ["Void rethrows"]}}, {"params": [], "method_name": "enumerated", "is_static": false, "class_name": "Data", "method_description": "Returns a sequence of pairs (n, x), where n represents a consecutive integer starting at zero and x represents an element of the sequence.", "return_value": {"return_name": [""], "return_description": ["A sequence of pairs enumerating the sequence."], "return_type": ["EnumeratedSequence<Data>"]}}, {"params": [], "method_name": "makeIterator", "is_static": false, "class_name": "Data", "method_description": "Returns an iterator over the contents of the data.", "return_value": {"return_name": [""], "return_description": [], "return_type": ["Data.Iterator"]}}, {"params": [{"param_description": "The closure to invoke for each region of data. You may stop the enumeration by setting the stop parameter to true.", "param_name": ["block"], "param_type": "(UnsafeBufferPointer<UInt8>, Data.Index, inout Bool) -> Void"}], "method_name": "enumerateBytes", "is_static": false, "class_name": "Data", "method_description": "Enumerates the contents of the data's buffer.", "return_value": {"return_name": [""], "return_description": [], "return_type": ["Void"]}}, {"params": [{"param_description": "A predicate that returns true if its first argument should be ordered before its second argument; otherwise, false. If areInIncreasingOrder throws an error during the sort, the elements may be in a different order, but none will be lost.", "param_name": ["by", "areInIncreasingOrder"], "param_type": "(UInt8, UInt8) throws -> Bool"}], "method_name": "sort", "is_static": false, "class_name": "Data", "method_description": "Sorts the collection in place, using the given predicate as the comparison between elements.", "return_value": {"return_name": [""], "return_description": [], "return_type": ["Bool rethrows"]}}, {"params": [], "method_name": "sorted", "is_static": false, "class_name": "Data", "method_description": "Returns the elements of the sequence, sorted.", "return_value": {"return_name": [""], "return_description": ["A sorted array of the sequence\u2019s elements."], "return_type": ["[UInt8]"]}}, {"params": [{"param_description": "A predicate that returns true if its first argument should be ordered before its second argument; otherwise, false.", "param_name": ["by", "areInIncreasingOrder"], "param_type": "(UInt8, UInt8) throws -> Bool"}], "method_name": "sorted", "is_static": false, "class_name": "Data", "method_description": "Returns the elements of the sequence, sorted using the given predicate as the comparison between elements.", "return_value": {"return_name": [""], "return_description": ["A sorted array of the sequence\u2019s elements."], "return_type": ["[UInt8]"]}}, {"params": [], "method_name": "reversed", "is_static": false, "class_name": "Data", "method_description": "Returns a view presenting the elements of the collection in reverse order.", "return_value": {"return_name": [""], "return_description": [], "return_type": ["ReversedCollection<Data>"]}}, {"params": [{"param_description": "The range to copy.", "param_name": ["in", "range"], "param_type": "Range<Data.Index>"}], "method_name": "subdata", "is_static": false, "class_name": "Data", "method_description": "Returns a new copy of the data in a specified range.", "return_value": {"return_name": [""], "return_description": [], "return_type": ["Data"]}}, {"params": [{"param_description": "The maximum number of times to split the collection, or one less than the number of subsequences to return. If maxSplits + 1 subsequences are returned, the last one is a suffix of the original collection containing the remaining elements. maxSplits must be greater than or equal to zero. The default value is Int.max.", "param_name": ["maxSplits"], "param_type": "Int"}, {"param_description": "If false, an empty subsequence is returned in the result for each pair of consecutive elements satisfying the isSeparator predicate and for each element at the start or end of the collection satisfying the isSeparator predicate. The default value is true.", "param_name": ["omittingEmptySubsequences"], "param_type": "Bool"}, {"param_description": "A closure that takes an element as an argument and returns a Boolean value indicating whether the collection should be split at that element.", "param_name": ["whereSeparator", "isSeparator"], "param_type": "(UInt8) throws -> Bool"}], "method_name": "split", "is_static": false, "class_name": "Data", "method_description": "Returns the longest possible subsequences of the collection, in order, that don\u2019t contain elements satisfying the given predicate.", "return_value": {"return_name": [""], "return_description": ["An array of subsequences, split from this collection\u2019s elements."], "return_type": [""]}}, {"params": [{"param_description": "The element that should be split upon.", "param_name": ["separator"], "param_type": "UInt8"}, {"param_description": "The maximum number of times to split the collection, or one less than the number of subsequences to return. If maxSplits + 1 subsequences are returned, the last one is a suffix of the original collection containing the remaining elements. maxSplits must be greater than or equal to zero. The default value is Int.max.", "param_name": ["maxSplits"], "param_type": "Int"}, {"param_description": "If false, an empty subsequence is returned in the result for each consecutive pair of separator elements in the collection and for each instance of separator at the start or end of the collection. If true, only nonempty subsequences are returned. The default value is true.", "param_name": ["omittingEmptySubsequences"], "param_type": "Bool = true"}], "method_name": "split", "is_static": false, "class_name": "Data", "method_description": "Returns the longest possible subsequences of the collection, in order, around elements equal to the given element.", "return_value": {"return_name": [""], "return_description": ["An array of subsequences, split from this collection\u2019s elements."], "return_type": ["[Data]"]}}, {"params": [{"param_description": "", "param_name": ["d1"], "param_type": "Data"}, {"param_description": "", "param_name": ["d2"], "param_type": "Data"}], "method_name": "==", "is_static": true, "class_name": "Data", "method_description": "Returns a Boolean value indicating whether or not two data buffers are equivalent.", "return_value": {"return_name": [""], "return_description": [], "return_type": ["Bool"]}}, {"params": [{"param_description": "A sequence to compare to this sequence.", "param_name": ["other"], "param_type": "OtherSequence"}], "method_name": "elementsEqual", "is_static": false, "class_name": "Data", "method_description": "Returns a Boolean value indicating whether this sequence and another sequence contain the same elements in the same order.", "return_value": {"return_name": [""], "return_description": ["true if this sequence and other contain the same elements in the same order."], "return_type": ["Bool"]}}, {"params": [{"param_description": "A sequence to compare to this sequence.", "param_name": ["with", "possiblePrefix"], "param_type": "PossiblePrefix"}], "method_name": "starts", "is_static": false, "class_name": "Data", "method_description": "Returns a Boolean value indicating whether the initial elements of the sequence are the same as the elements in another sequence.", "return_value": {"return_name": [""], "return_description": ["true if the initial elements of the sequence are the same as the elements of possiblePrefix; otherwise, false. If possiblePrefix has no elements, the return value is true."], "return_type": ["Bool"]}}, {"params": [{"param_description": "A sequence to compare to this sequence.", "param_name": ["other"], "param_type": "OtherSequence"}], "method_name": "lexicographicallyPrecedes", "is_static": false, "class_name": "Data", "method_description": "Returns a Boolean value indicating whether the sequence precedes another sequence in a lexicographical (dictionary) ordering, using the less-than operator (<) to compare elements.", "return_value": {"return_name": [""], "return_description": ["true if this sequence precedes other in a dictionary ordering; otherwise, false."], "return_type": ["Bool"]}}, {"params": [{"param_description": "A sequence to compare to this sequence.", "param_name": ["other"], "param_type": "Sequence"}, {"param_description": "A predicate that returns true if its first argument should be ordered before its second argument; otherwise, false.", "param_name": ["by", "areInIncreasingOrder"], "param_type": "(UInt8, UInt8) throws -> Bool"}], "method_name": "lexicographicallyPrecedes", "is_static": false, "class_name": "Data", "method_description": "Returns a Boolean value indicating whether the sequence precedes another sequence in a lexicographical (dictionary) ordering, using the given predicate to compare elements.", "return_value": {"return_name": [""], "return_description": ["true if this sequence precedes other in a dictionary ordering as ordered by areInIncreasingOrder; otherwise, false."], "return_type": ["Bool"]}}, {"params": [{"param_description": "A valid index of the collection.", "param_name": ["i"], "param_type": "Int"}, {"param_description": "The distance to offset i.", "param_name": ["offsetBy", "distance"], "param_type": "Int"}], "method_name": "index", "is_static": false, "class_name": "Data", "method_description": "Returns an index that is the specified distance from the given index.", "return_value": {"return_name": [""], "return_description": ["An index offset by distance from the index i. If distance is positive, this is the same value as the result of distance calls to index(after:). If distance is negative, this is the same value as the result of abs(distance) calls to index(before:)."], "return_type": ["Int"]}}, {"params": [{"param_description": "", "param_name": ["after", "i"], "param_type": "Data.Index"}], "method_name": "index", "is_static": false, "class_name": "Data", "method_description": "Returns the index that immediately follows the specified index.", "return_value": {"return_name": [""], "return_description": [], "return_type": ["Data.Index"]}}, {"params": [{"param_description": "", "param_name": ["before", "i"], "param_type": "Data.Index"}], "method_name": "index", "is_static": false, "class_name": "Data", "method_description": "Returns the index that immediately precedes the specified index.", "return_value": {"return_name": [""], "return_description": [], "return_type": ["Data.Index"]}}, {"params": [{"param_description": "A valid index of the collection.", "param_name": ["from", "start"], "param_type": "Int"}, {"param_description": "Another valid index of the collection. If end is equal to start, the result is zero.", "param_name": ["to", "end"], "param_type": "Int"}], "method_name": "distance", "is_static": false, "class_name": "Data", "method_description": "Returns the distance between two indices.", "return_value": {"return_name": [""], "return_description": ["The distance between start and end."], "return_type": ["Int"]}}, {"params": [{"param_description": "", "param_name": ["elements"], "param_type": "S"}], "method_name": "init", "is_static": false, "class_name": "Data", "method_description": "", "return_value": {"return_name": [], "return_description": [], "return_type": []}}, {"params": [{"param_description": "", "param_name": ["bytes", "elements"], "param_type": "S"}], "method_name": "init", "is_static": false, "class_name": "Data", "method_description": "", "return_value": {"return_name": [], "return_description": [], "return_type": []}}, {"params": [{"param_description": "", "param_name": ["from", "decoder"], "param_type": "Decoder"}], "method_name": "init", "is_static": false, "class_name": "Data", "method_description": "", "return_value": {"return_name": [], "return_description": [], "return_type": []}}, {"params": [{"param_description": "", "param_name": ["repeating", "repeatedValue"], "param_type": "UInt8"}, {"param_description": "", "param_name": ["count"], "param_type": "Int"}], "method_name": "init", "is_static": false, "class_name": "Data", "method_description": "", "return_value": {"return_name": [], "return_description": [], "return_type": []}}, {"params": [{"param_description": "", "param_name": ["repeating", "repeatedValue"], "param_type": "UInt8"}, {"param_description": "", "param_name": ["count"], "param_type": "Int"}], "method_name": "init", "is_static": false, "class_name": "Data", "method_description": "", "return_value": {"return_name": [], "return_description": [], "return_type": []}}, {"params": [{"param_description": "A closure that takes an element of the sequence as its argument and returns a Boolean value that indicates whether the passed element satisfies a condition.", "param_name": ["predicate"], "param_type": "(UInt8) throws -> Bool"}], "method_name": "allSatisfy", "is_static": false, "class_name": "Data", "method_description": "Returns a Boolean value indicating whether every element of a sequence satisfies a given predicate.", "return_value": {"return_name": [""], "return_description": ["true if the sequence contains only elements that satisfy predicate; otherwise, false."], "return_type": ["Bool"]}}, {"params": [{"param_description": "", "param_name": ["contentsOf", "elements"], "param_type": "S"}], "method_name": "append", "is_static": false, "class_name": "Data", "method_description": "", "return_value": {"return_name": [], "return_description": [], "return_type": []}}, {"params": [{"param_description": "A closure that accepts an element of this sequence as its argument and returns an optional value.", "param_name": ["transform"], "param_type": "(UInt8) throws -> ElementOfResult"}], "method_name": "compactMap", "is_static": false, "class_name": "Data", "method_description": "Returns an array containing the non-nil results of calling the given transformation with each element of this sequence.", "return_value": {"return_name": [""], "return_description": ["An array of the non-nil results of calling transform with each element of the sequence."], "return_type": ["[ElementOfResult]"]}}, {"params": [{"param_description": "The element to find in the sequence.", "param_name": ["element"], "param_type": "UInt8"}], "method_name": "contains", "is_static": false, "class_name": "Data", "method_description": "Returns a Boolean value indicating whether the sequence contains the given element.", "return_value": {"return_name": [""], "return_description": ["true if the element was found in the sequence; otherwise, false."], "return_type": ["Bool"]}}, {"params": [{"param_description": "A closure that takes an element of the sequence as its argument and returns a Boolean value that indicates whether the passed element represents a match.", "param_name": ["where", "predicate"], "param_type": "(UInt8) throws -> Bool"}], "method_name": "contains", "is_static": false, "class_name": "Data", "method_description": "Returns a Boolean value indicating whether the sequence contains an element that satisfies the given predicate.", "return_value": {"return_name": [""], "return_description": ["true if the sequence contains an element that satisfies predicate; otherwise, false."], "return_type": [""]}}, {"params": [{"param_description": "A sequence to compare to this sequence.", "param_name": ["other"], "param_type": "Sequence"}, {"param_description": "A predicate that returns true if its two arguments are equivalent; otherwise, false.", "param_name": ["by", "areEquivalent"], "param_type": "(UInt8, OtherSequence.Element) throws -> Bool"}], "method_name": "elementsEqual", "is_static": false, "class_name": "Data", "method_description": "Returns a Boolean value indicating whether this sequence and another sequence contain equivalent elements in the same order, using the given predicate as the equivalence test.", "return_value": {"return_name": [""], "return_description": ["true if this sequence and other contain equivalent items, using areEquivalent as the equivalence test; otherwise, false."], "return_type": ["Bool"]}}, {"params": [{"param_description": "", "param_name": ["to", "encoder"], "param_type": "Encoder"}], "method_name": "encode", "is_static": false, "class_name": "Data", "method_description": "", "return_value": {"return_name": [], "return_description": [], "return_type": []}}, {"params": [{"param_description": "An element to search for in the collection.", "param_name": ["of", "element"], "param_type": "UInt8"}], "method_name": "firstIndex", "is_static": false, "class_name": "Data", "method_description": "Returns the first index where the specified value appears in the collection.", "return_value": {"return_name": [""], "return_description": ["The first index where element is found. If element is not found in the collection, returns nil."], "return_type": ["Int"]}}, {"params": [{"param_description": "A closure that takes an element as its argument and returns a Boolean value that indicates whether the passed element represents a match.", "param_name": ["where", "predicate"], "param_type": "(UInt8) throws -> Bool"}], "method_name": "firstIndex", "is_static": false, "class_name": "Data", "method_description": "Returns the first index in which an element of the collection satisfies the given predicate.", "return_value": {"return_name": [""], "return_description": ["The index of the first element for which predicate returns true. If no elements in the collection satisfy the given predicate, returns nil."], "return_type": [""]}}, {"params": [{"param_description": "A valid index of the collection.", "param_name": ["i"], "param_type": "inout Int"}, {"param_description": "The distance to offset i. distance must not be negative unless the collection conforms to the BidirectionalCollection protocol.", "param_name": ["offsetBy", "distance"], "param_type": "Int"}], "method_name": "formIndex", "is_static": false, "class_name": "Data", "method_description": "Offsets the given index by the specified distance.", "return_value": {"return_name": [], "return_description": [], "return_type": []}}, {"params": [{"param_description": "A valid index of the collection.", "param_name": ["i"], "param_type": "inout Int"}, {"param_description": "The distance to offset i. distance must not be negative unless the collection conforms to the BidirectionalCollection protocol.", "param_name": ["offsetBy", "distance"], "param_type": "Int"}, {"param_description": "A valid index of the collection to use as a limit. If distance > 0, a limit that is less than i has no effect. Likewise, if distance < 0, a limit that is greater than i has no effect.", "param_name": ["limitedBy", "limit"], "param_type": "Int"}], "method_name": "formIndex", "is_static": false, "class_name": "Data", "method_description": "Offsets the given index by the specified distance, or so that it equals the given limiting index.", "return_value": {"return_name": [""], "return_description": ["true if i has been offset by exactly distance steps without going beyond limit; otherwise, false. When the return value is false, the value of i is equal to limit."], "return_type": ["Bool"]}}, {"params": [{"param_description": "A valid index of the collection. i must be less than endIndex.", "param_name": ["after", "i"], "param_type": "inout Int"}], "method_name": "formIndex", "is_static": false, "class_name": "Data", "method_description": "Replaces the given index with its successor.", "return_value": {"return_name": [], "return_description": [], "return_type": []}}, {"params": [{"param_description": "A valid index of the collection. i must be greater than startIndex.", "param_name": ["before", "i"], "param_type": "inout Int"}], "method_name": "formIndex", "is_static": false, "class_name": "Data", "method_description": "Replaces the given index with its predecessor.", "return_value": {"return_name": [], "return_description": [], "return_type": []}}, {"params": [{"param_description": "A valid index of the array.", "param_name": ["i"], "param_type": "Int"}, {"param_description": "The distance to offset i.", "param_name": ["offsetBy", "distance"], "param_type": "Int"}, {"param_description": "A valid index of the collection to use as a limit. If distance > 0, limit should be greater than i to have any effect. Likewise, if distance < 0, limit should be less than i to have any effect.", "param_name": ["limitedBy", "limit"], "param_type": "Int"}], "method_name": "index", "is_static": false, "class_name": "Data", "method_description": "Returns an index that is the specified distance from the given index, unless that distance is beyond a given limiting index.", "return_value": {"return_name": [""], "return_description": ["An index offset by distance from the index i, unless that index would be beyond limit in the direction of movement. In that case, the method returns nil."], "return_type": ["Int"]}}, {"params": [{"param_description": "A closure that takes an element of the sequence as its argument and returns a Boolean value indicating whether the element is a match.", "param_name": ["where", "predicate"], "param_type": "(UInt8) throws -> Bool"}], "method_name": "last", "is_static": false, "class_name": "Data", "method_description": "Returns the last element of the sequence that satisfies the given predicate.", "return_value": {"return_name": [""], "return_description": ["The last element of the sequence that satisfies predicate, or nil if there is no element that satisfies predicate."], "return_type": [""]}}, {"params": [{"param_description": "An element to search for in the collection.", "param_name": ["of", "element"], "param_type": "UInt8"}], "method_name": "lastIndex", "is_static": false, "class_name": "Data", "method_description": "Returns the last index where the specified value appears in the collection.", "return_value": {"return_name": [""], "return_description": ["The last index where element is found. If element is not found in the collection, this method returns nil."], "return_type": ["Int"]}}, {"params": [{"param_description": "A closure that takes an element as its argument and returns a Boolean value that indicates whether the passed element represents a match.", "param_name": ["where", "predicate"], "param_type": "(UInt8) throws -> Bool"}], "method_name": "lastIndex", "is_static": false, "class_name": "Data", "method_description": "Returns the index of the last element in the collection that matches the given predicate.", "return_value": {"return_name": [""], "return_description": ["The index of the last element in the collection that matches predicate, or nil if no elements match."], "return_type": [""]}}, {"params": [{"param_description": "A mapping closure. transform accepts an element of this sequence as its parameter and returns a transformed value of the same or of a different type.", "param_name": ["transform"], "param_type": "(UInt8) throws -> T"}], "method_name": "map", "is_static": false, "class_name": "Data", "method_description": "Returns an array containing the results of mapping the given closure over the sequence\u2019s elements.", "return_value": {"return_name": [""], "return_description": ["An array containing the transformed elements of this sequence."], "return_type": ["[T]"]}}, {"params": [{"param_description": "A mapping closure. transform accepts an element of this sequence as its parameter and returns a transformed value of the same or of a different type.", "param_name": ["transform"], "param_type": "(UInt8) throws -> T"}], "method_name": "map", "is_static": false, "class_name": "Data", "method_description": "Returns an array containing the results of mapping the given closure over the sequence\u2019s elements.", "return_value": {"return_name": [""], "return_description": ["An array containing the transformed elements of this sequence."], "return_type": ["[T]"]}}, {"params": [{"param_description": "A predicate used to partition the collection. All elements satisfying this predicate are ordered after all elements not satisfying it.", "param_name": ["by", "belongsInSecondPartition"], "param_type": "(UInt8) throws -> Bool"}], "method_name": "partition", "is_static": false, "class_name": "Data", "method_description": "Reorders the elements of the collection such that all the elements that match the given predicate are after all the elements that don\u2019t match.", "return_value": {"return_name": [""], "return_description": ["The index of the first element in the reordered collection that matches belongsInSecondPartition. If no elements in the collection match belongsInSecondPartition, the returned index is equal to the collection\u2019s endIndex."], "return_type": ["Int"]}}, {"params": [{"param_description": "A predicate used to partition the collection. All elements satisfying this predicate are ordered after all elements not satisfying it.", "param_name": ["by", "belongsInSecondPartition"], "param_type": "(UInt8) throws -> Bool"}], "method_name": "partition", "is_static": false, "class_name": "Data", "method_description": "Reorders the elements of the collection such that all the elements that match the given predicate are after all the elements that don\u2019t match.", "return_value": {"return_name": [""], "return_description": ["The index of the first element in the reordered collection that matches belongsInSecondPartition. If no elements in the collection match belongsInSecondPartition, the returned index is equal to the collection\u2019s endIndex."], "return_type": ["Int"]}}, {"params": [], "method_name": "popFirst", "is_static": false, "class_name": "Data", "method_description": "Removes and returns the first element of the collection.", "return_value": {"return_name": [""], "return_description": ["The first element of the collection if the collection is not empty; otherwise, nil."], "return_type": ["UInt8"]}}, {"params": [], "method_name": "popLast", "is_static": false, "class_name": "Data", "method_description": "Removes and returns the last element of the collection.", "return_value": {"return_name": [""], "return_description": ["The last element of the collection if the collection is not empty; otherwise, nil."], "return_type": ["UInt8"]}}, {"params": [], "method_name": "popLast", "is_static": false, "class_name": "Data", "method_description": "Removes and returns the last element of the collection.", "return_value": {"return_name": [""], "return_description": ["The last element of the collection if the collection is not empty; otherwise, nil."], "return_type": ["UInt8"]}}, {"params": [], "method_name": "randomElement", "is_static": false, "class_name": "Data", "method_description": "Returns a random element of the collection.", "return_value": {"return_name": [""], "return_description": ["A random element from the collection. If the collection is empty, the method returns nil."], "return_type": ["UInt8"]}}, {"params": [{"param_description": "The random number generator to use when choosing a random element.", "param_name": ["using", "generator"], "param_type": "inout T"}], "method_name": "randomElement", "is_static": false, "class_name": "Data", "method_description": "Returns a random element of the collection, using the given generator as a source for randomness.", "return_value": {"return_name": [""], "return_description": ["A random element from the collection. If the collection is empty, the method returns nil."], "return_type": ["UInt8"]}}, {"params": [{"param_description": "A closure that takes an element of the sequence as its argument and returns a Boolean value indicating whether the element should be removed from the collection.", "param_name": ["where", "shouldBeRemoved"], "param_type": "(UInt8) throws -> Bool"}], "method_name": "removeAll", "is_static": false, "class_name": "Data", "method_description": "Removes all the elements that satisfy the given predicate.", "return_value": {"return_name": [""], "return_description": [], "return_type": [""]}}, {"params": [{"param_description": "A closure that takes an element of the sequence as its argument and returns a Boolean value indicating whether the element should be removed from the collection.", "param_name": ["where", "shouldBeRemoved"], "param_type": "(UInt8) throws -> Bool"}], "method_name": "removeAll", "is_static": false, "class_name": "Data", "method_description": "Removes all the elements that satisfy the given predicate.", "return_value": {"return_name": [""], "return_description": [], "return_type": [""]}}, {"params": [], "method_name": "removeFirst", "is_static": false, "class_name": "Data", "method_description": "Removes and returns the first element of the collection.", "return_value": {"return_name": [""], "return_description": ["The removed element."], "return_type": ["UInt8"]}}, {"params": [], "method_name": "removeFirst", "is_static": false, "class_name": "Data", "method_description": "Removes and returns the first element of the collection.", "return_value": {"return_name": [""], "return_description": ["The removed element."], "return_type": ["UInt8"]}}, {"params": [], "method_name": "removeFirst", "is_static": false, "class_name": "Data", "method_description": "Removes and returns the first element of the collection.", "return_value": {"return_name": [""], "return_description": ["The removed element."], "return_type": ["UInt8"]}}, {"params": [{"param_description": "The number of elements to remove from the collection. k must be greater than or equal to zero and must not exceed the number of elements in the collection.", "param_name": ["k"], "param_type": "Int"}], "method_name": "removeFirst", "is_static": false, "class_name": "Data", "method_description": "Removes the specified number of elements from the beginning of the collection.", "return_value": {"return_name": [], "return_description": [], "return_type": []}}, {"params": [{"param_description": "The number of elements to remove from the collection. k must be greater than or equal to zero and must not exceed the number of elements in the collection.", "param_name": ["k"], "param_type": "Int"}], "method_name": "removeFirst", "is_static": false, "class_name": "Data", "method_description": "Removes the specified number of elements from the beginning of the collection.", "return_value": {"return_name": [], "return_description": [], "return_type": []}}, {"params": [{"param_description": "The number of elements to remove from the collection. k must be greater than or equal to zero and must not exceed the number of elements in the collection.", "param_name": ["k"], "param_type": "Int"}], "method_name": "removeFirst", "is_static": false, "class_name": "Data", "method_description": "Removes the specified number of elements from the beginning of the collection.", "return_value": {"return_name": [], "return_description": [], "return_type": []}}, {"params": [], "method_name": "removeLast", "is_static": false, "class_name": "Data", "method_description": "Removes and returns the last element of the collection.", "return_value": {"return_name": [""], "return_description": ["The last element of the collection."], "return_type": ["UInt8"]}}, {"params": [], "method_name": "removeLast", "is_static": false, "class_name": "Data", "method_description": "Removes and returns the last element of the collection.", "return_value": {"return_name": [""], "return_description": ["The last element of the collection."], "return_type": ["UInt8"]}}, {"params": [{"param_description": "The number of elements to remove from the collection. k must be greater than or equal to zero and must not exceed the number of elements in the collection.", "param_name": ["k"], "param_type": "Int"}], "method_name": "removeLast", "is_static": false, "class_name": "Data", "method_description": "Removes the specified number of elements from the end of the collection.", "return_value": {"return_name": [], "return_description": [], "return_type": []}}, {"params": [{"param_description": "The number of elements to remove from the collection. k must be greater than or equal to zero and must not exceed the number of elements in the collection.", "param_name": ["k"], "param_type": "Int"}], "method_name": "removeLast", "is_static": false, "class_name": "Data", "method_description": "Removes the specified number of elements from the end of the collection.", "return_value": {"return_name": [], "return_description": [], "return_type": []}}, {"params": [{"param_description": "The range of the collection to be removed. The bounds of the range must be valid indices of the collection.", "param_name": ["bounds"], "param_type": "R"}], "method_name": "removeSubrange", "is_static": false, "class_name": "Data", "method_description": "Removes the elements in the specified subrange from the collection.", "return_value": {"return_name": [], "return_description": [], "return_type": []}}, {"params": [], "method_name": "reverse", "is_static": false, "class_name": "Data", "method_description": "Reverses the elements of the collection in place.", "return_value": {"return_name": [], "return_description": [], "return_type": []}}, {"params": [], "method_name": "shuffle", "is_static": false, "class_name": "Data", "method_description": "Shuffles the collection in place.", "return_value": {"return_name": [], "return_description": [], "return_type": []}}, {"params": [{"param_description": "The random number generator to use when shuffling the collection.", "param_name": ["using", "generator"], "param_type": "inout T"}], "method_name": "shuffle", "is_static": false, "class_name": "Data", "method_description": "Shuffles the collection in place, using the given generator as a source for randomness.", "return_value": {"return_name": [], "return_description": [], "return_type": []}}, {"params": [], "method_name": "shuffled", "is_static": false, "class_name": "Data", "method_description": "Returns the elements of the sequence, shuffled.", "return_value": {"return_name": [""], "return_description": ["A shuffled array of this sequence\u2019s elements."], "return_type": ["[UInt8]"]}}, {"params": [{"param_description": "The random number generator to use when shuffling the sequence.", "param_name": ["using", "generator"], "param_type": "inout T"}], "method_name": "shuffled", "is_static": false, "class_name": "Data", "method_description": "Returns the elements of the sequence, shuffled using the given generator as a source for randomness.", "return_value": {"return_name": [""], "return_description": ["An array of this sequence\u2019s elements in a shuffled order."], "return_type": ["[UInt8]"]}}, {"params": [], "method_name": "sort", "is_static": false, "class_name": "Data", "method_description": "Sorts the collection in place.", "return_value": {"return_name": [], "return_description": [], "return_type": []}}, {"params": [{"param_description": "A sequence to compare to this sequence.", "param_name": ["with", "possiblePrefix"], "param_type": "Sequence"}, {"param_description": "A predicate that returns true if its two arguments are equivalent; otherwise, false.", "param_name": ["by", "areEquivalent"], "param_type": "(UInt8, PossiblePrefix.Element) throws -> Bool"}], "method_name": "starts", "is_static": false, "class_name": "Data", "method_description": "Returns a Boolean value indicating whether the initial elements of the sequence are equivalent to the elements in another sequence, using the given predicate as the equivalence test.", "return_value": {"return_name": [""], "return_description": ["true if the initial elements of the sequence are equivalent to the elements of possiblePrefix; otherwise, false. If possiblePrefix has no elements, the return value is true."], "return_type": ["Bool"]}}, {"params": [{"param_description": "The index of the first value to swap.", "param_name": ["i"], "param_type": "Int"}, {"param_description": "The index of the second value to swap.", "param_name": ["j"], "param_type": "Int"}], "method_name": "swapAt", "is_static": false, "class_name": "Data", "method_description": "Exchanges the values at the specified indices of the collection.", "return_value": {"return_name": [], "return_description": [], "return_type": []}}, {"params": [{"param_description": "A value to compare.", "param_name": ["lhs"], "param_type": "Data"}, {"param_description": "Another value to compare.", "param_name": ["rhs"], "param_type": "Data"}], "method_name": "!=", "is_static": true, "class_name": "Data", "method_description": "Returns a Boolean value indicating whether two values are not equal.", "return_value": {"return_name": [""], "return_description": [], "return_type": ["Bool"]}}, {"params": [{"param_description": "A collection or finite sequence.", "param_name": ["lhs"], "param_type": "Sequence"}, {"param_description": "A range-replaceable collection.", "param_name": ["rhs"], "param_type": "Data"}], "method_name": "+", "is_static": true, "class_name": "Data", "method_description": "Creates a new collection by concatenating the elements of a sequence and a collection.", "return_value": {"return_name": [""], "return_description": [], "return_type": ["Data"]}}, {"params": [{"param_description": "A range-replaceable collection.", "param_name": ["lhs"], "param_type": "Data"}, {"param_description": "A collection or finite sequence.", "param_name": ["rhs"], "param_type": "Other"}], "method_name": "+", "is_static": true, "class_name": "Data", "method_description": "Creates a new collection by concatenating the elements of a collection and a sequence.", "return_value": {"return_name": [""], "return_description": [], "return_type": ["Data"]}}, {"params": [{"param_description": "A range-replaceable collection.", "param_name": ["lhs"], "param_type": "Data"}, {"param_description": "Another range-replaceable collection.", "param_name": ["rhs"], "param_type": "Other"}], "method_name": "+", "is_static": true, "class_name": "Data", "method_description": "Creates a new collection by concatenating the elements of two collections.", "return_value": {"return_name": [""], "return_description": [], "return_type": ["Data"]}}, {"params": [{"param_description": "The array to append to.", "param_name": ["lhs"], "param_type": "inout Data"}, {"param_description": "A collection or finite sequence.", "param_name": ["rhs"], "param_type": "Other"}], "method_name": "+=", "is_static": true, "class_name": "Data", "method_description": "Appends the elements of a sequence to a range-replaceable collection.", "return_value": {"return_name": [], "return_description": [], "return_type": []}}], "Vars": [{"var_type": "Bool", "var_description": "A Boolean value indicating whether the collection is empty.", "var_name": "isEmpty"}, {"var_type": "LazySequence<Data>", "var_description": "A sequence containing the same elements as this sequence, but on which some operations, such as map and filter, are implemented lazily.", "var_name": "lazy"}, {"var_type": "Data.Index", "var_description": "The beginning index into the data.", "var_name": "startIndex"}, {"var_type": "Data.Index", "var_description": "The end index into the data.", "var_name": "endIndex"}, {"var_type": "String", "var_description": "A textual description of the data.", "var_name": "description"}, {"var_type": "String", "var_description": "A textual description the data suitable for debugging.", "var_name": "debugDescription"}, {"var_type": "Mirror", "var_description": "A mirror that reflects the data.", "var_name": "customMirror"}, {"var_type": "Int", "var_description": "The hash value for the data.", "var_name": "hashValue"}, {"var_type": "Int", "var_description": "", "var_name": "count"}, {"var_type": "Int", "var_description": "", "var_name": "count"}, {"var_type": "UInt8", "var_description": "The first element of the collection.", "var_name": "first"}, {"var_type": "Range<Int>", "var_description": "", "var_name": "indices"}, {"var_type": "Range<Int>", "var_description": "", "var_name": "indices"}, {"var_type": "UInt8", "var_description": "The last element of the collection.", "var_name": "last"}, {"var_type": "Int", "var_description": "A value less than or equal to the number of elements in the collection.", "var_name": "underestimatedCount"}, {"var_type": "Int", "var_description": "A value less than or equal to the number of elements in the collection.", "var_name": "underestimatedCount"}], "interface_list": ["CKRecordValueProtocol", "CustomDebugStringConvertible", "CustomReflectable", "CustomStringConvertible", "Equatable", "Hashable", "MutableCollection", "RandomAccessCollection", "RangeReplaceableCollection", "ReferenceConvertible"], "package_name": "foundation", "subclass_list": [], "class_name": "Data", "class_description": "The Data value type allows simple byte buffers to take on the behavior of Foundation objects. You can create empty or pre-populated buffers from a variety of sources and later add or remove bytes. You can filter and sort the content, or compare against other buffers. You can manipulate subranges of bytes and iterate over some or all of them.\nData bridges to the NSData class and its mutable subclass, NSMutableData. You can use these interchangeably in code that interacts with Objective-C APIs.\n", "class_inherit_list": []}