{"Methods": [{"params": [], "method_name": "init", "is_static": false, "class_name": "DateInterval", "method_description": "Initializes an interval with start and end dates set to the current date and the duration set to 0.", "return_value": {"return_name": [], "return_description": [], "return_type": []}}, {"params": [{"param_description": "", "param_name": ["start"], "param_type": "Date"}, {"param_description": "", "param_name": ["duration"], "param_type": "TimeInterval"}], "method_name": "init", "is_static": false, "class_name": "DateInterval", "method_description": "Initializes an interval with the specified start date and duration.", "return_value": {"return_name": [], "return_description": [], "return_type": []}}, {"params": [{"param_description": "", "param_name": ["start"], "param_type": "Date"}, {"param_description": "", "param_name": ["end"], "param_type": "Date"}], "method_name": "init", "is_static": false, "class_name": "DateInterval", "method_description": "Initializes an interval with the specified start and end date.", "return_value": {"return_name": [], "return_description": [], "return_type": []}}, {"params": [{"param_description": "A value to compare.", "param_name": ["lhs"], "param_type": "DateInterval"}, {"param_description": "Another value to compare.", "param_name": ["rhs"], "param_type": "DateInterval"}], "method_name": "!=", "is_static": true, "class_name": "DateInterval", "method_description": "Returns a Boolean value indicating whether two values are not equal.", "return_value": {"return_name": [""], "return_description": [], "return_type": ["Bool"]}}, {"params": [{"param_description": "", "param_name": ["lhs"], "param_type": "DateInterval"}, {"param_description": "", "param_name": ["rhs"], "param_type": "DateInterval"}], "method_name": "func", "is_static": true, "class_name": "DateInterval", "method_description": "Indicates whether one date interval is strictly less than another.", "return_value": {"return_name": [""], "return_description": [], "return_type": ["Bool"]}}, {"params": [{"param_description": "A value to compare.", "param_name": ["lhs"], "param_type": "DateInterval"}, {"param_description": "Another value to compare.", "param_name": ["rhs"], "param_type": "DateInterval"}], "method_name": "func", "is_static": true, "class_name": "DateInterval", "method_description": "Returns a Boolean value indicating whether the value of the first argument is less than or equal to that of the second argument.", "return_value": {"return_name": [""], "return_description": [], "return_type": ["Bool"]}}, {"params": [{"param_description": "", "param_name": ["lhs"], "param_type": "DateInterval"}, {"param_description": "", "param_name": ["rhs"], "param_type": "DateInterval"}], "method_name": "==", "is_static": true, "class_name": "DateInterval", "method_description": "Indicates whether two date intervals are the same.", "return_value": {"return_name": [""], "return_description": [], "return_type": ["Bool"]}}, {"params": [{"param_description": "A value to compare.", "param_name": ["lhs"], "param_type": "DateInterval"}, {"param_description": "Another value to compare.", "param_name": ["rhs"], "param_type": "DateInterval"}], "method_name": ">", "is_static": true, "class_name": "DateInterval", "method_description": "Returns a Boolean value indicating whether the value of the first argument is greater than that of the second argument.", "return_value": {"return_name": [""], "return_description": [], "return_type": ["Bool"]}}, {"params": [{"param_description": "A value to compare.", "param_name": ["lhs"], "param_type": "DateInterval"}, {"param_description": "Another value to compare.", "param_name": ["rhs"], "param_type": "DateInterval"}], "method_name": ">=", "is_static": true, "class_name": "DateInterval", "method_description": "Returns a Boolean value indicating whether the value of the first argument is greater than or equal to that of the second argument.", "return_value": {"return_name": [""], "return_description": ["true if lhs is greater than or equal to rhs; otherwise, false."], "return_type": ["Bool"]}}, {"params": [{"param_description": "", "param_name": ["with", "dateInterval"], "param_type": "DateInterval"}], "method_name": "intersection", "is_static": false, "class_name": "DateInterval", "method_description": "Returns an interval that represents the interval where the given date interval and the current instance intersect.", "return_value": {"return_name": [""], "return_description": [], "return_type": ["DateInterval"]}}, {"params": [{"param_description": "", "param_name": ["dateInterval"], "param_type": "DateInterval"}], "method_name": "intersects", "is_static": false, "class_name": "DateInterval", "method_description": "Indicates whether this interval intersects the specified interval.", "return_value": {"return_name": [""], "return_description": [], "return_type": ["Bool"]}}, {"params": [{"param_description": "", "param_name": ["date"], "param_type": "Date"}], "method_name": "contains", "is_static": false, "class_name": "DateInterval", "method_description": "Indicates whether this interval contains the given date.", "return_value": {"return_name": [""], "return_description": [], "return_type": ["Bool"]}}, {"params": [{"param_description": "", "param_name": ["dateInterval"], "param_type": "DateInterval"}], "method_name": "compare", "is_static": false, "class_name": "DateInterval", "method_description": "Compares two intervals.", "return_value": {"return_name": [""], "return_description": [], "return_type": ["ComparisonResult"]}}, {"params": [{"param_description": "The lower bound for the range.", "param_name": ["minimum"], "param_type": "DateInterval"}], "method_name": "...", "is_static": true, "class_name": "DateInterval", "method_description": "Returns a partial range extending upward from a lower bound.", "return_value": {"return_name": [""], "return_description": [], "return_type": ["PartialRangeFrom<DateInterval>"]}}, {"params": [{"param_description": "The upper bound for the range.", "param_name": ["maximum"], "param_type": "DateInterval"}], "method_name": "...", "is_static": true, "class_name": "DateInterval", "method_description": "Returns a partial range up to, and including, its upper bound.", "return_value": {"return_name": [""], "return_description": [], "return_type": ["PartialRangeThrough<DateInterval>"]}}, {"params": [{"param_description": "The lower bound for the range.", "param_name": ["minimum"], "param_type": "DateInterval"}, {"param_description": "The upper bound for the range.", "param_name": ["maximum"], "param_type": "DateInterval"}], "method_name": "...", "is_static": true, "class_name": "DateInterval", "method_description": "Returns a closed range that contains both of its bounds.", "return_value": {"return_name": [""], "return_description": [], "return_type": ["ClosedRange<DateInterval>"]}}, {"params": [{"param_description": "The upper bound for the range.", "param_name": ["maximum"], "param_type": "DateInterval"}], "method_name": "..", "is_static": true, "class_name": "DateInterval", "method_description": "Returns a partial range up to, but not including, its upper bound.", "return_value": {"return_name": [""], "return_description": [], "return_type": ["PartialRangeUpTo<DateInterval>"]}}, {"params": [{"param_description": "The lower bound for the range.", "param_name": ["minimum"], "param_type": "DateInterval"}, {"param_description": "The upper bound for the range.", "param_name": ["maximum"], "param_type": "DateInterval"}], "method_name": "..", "is_static": true, "class_name": "DateInterval", "method_description": "Returns a half-open range that contains its lower bound but not its upper bound.", "return_value": {"return_name": [""], "return_description": [], "return_type": ["Range<DateInterval>"]}}], "Vars": [{"var_type": "Date", "var_description": "The start date.", "var_name": "start"}, {"var_type": "Date", "var_description": "The end date.", "var_name": "end"}, {"var_type": "TimeInterval", "var_description": "The duration.", "var_name": "duration"}, {"var_type": "String", "var_description": "A textual description of the date interval.", "var_name": "description"}, {"var_type": "String", "var_description": "A textual description of the date interval suitable for debugging.", "var_name": "debugDescription"}, {"var_type": "Mirror", "var_description": "A mirror that reflects the date interval.", "var_name": "customMirror"}, {"var_type": "Int", "var_description": "The computed hash value for the date interval.", "var_name": "hashValue"}], "interface_list": ["Comparable", "CustomDebugStringConvertible", "CustomReflectable", "CustomStringConvertible", "Decodable", "Encodable", "Hashable", "ReferenceConvertible"], "package_name": "foundation", "subclass_list": [], "class_name": "DateInterval", "class_description": "DateInterval represents a closed date interval in the form of [startDate, endDate].  It is possible for the start and end dates to be the same with a duration of 0.  DateInterval does not support reverse intervals i.e. intervals where the duration is less than 0 and the end date occurs earlier in time than the start date.\n", "class_inherit_list": []}