{"Methods": [{"params": [{"param_description": "", "param_name": ["calendar"], "param_type": "Calendar"}, {"param_description": "", "param_name": ["timeZone"], "param_type": "TimeZone"}, {"param_description": "", "param_name": ["era"], "param_type": "Int"}, {"param_description": "", "param_name": ["year"], "param_type": "Int"}, {"param_description": "", "param_name": ["month"], "param_type": "Int"}, {"param_description": "", "param_name": ["day"], "param_type": "Int"}, {"param_description": "", "param_name": ["hour"], "param_type": "Int"}, {"param_description": "", "param_name": ["minute"], "param_type": "Int"}, {"param_description": "", "param_name": ["second"], "param_type": "Int"}, {"param_description": "", "param_name": ["nanosecond"], "param_type": "Int"}, {"param_description": "", "param_name": ["weekday"], "param_type": "Int"}, {"param_description": "", "param_name": ["weekdayOrdinal"], "param_type": "Int"}, {"param_description": "", "param_name": ["quarter"], "param_type": "Int"}, {"param_description": "", "param_name": ["weekOfMonth"], "param_type": "Int"}, {"param_description": "", "param_name": ["weekOfYear"], "param_type": "Int"}, {"param_description": "", "param_name": ["yearForWeekOfYear"], "param_type": "Int = nil"}], "method_name": "init", "is_static": false, "class_name": "DateComponents", "method_description": "Initializes a date components value, optionally specifying values for its fields.", "return_value": {"return_name": [], "return_description": [], "return_type": []}}, {"params": [{"param_description": "", "param_name": ["in", "calendar"], "param_type": "Calendar"}], "method_name": "isValidDate", "is_static": false, "class_name": "DateComponents", "method_description": "Indicates whether the current combination of properties represents a date which exists in the specified calendar.", "return_value": {"return_name": [""], "return_description": [], "return_type": ["Bool"]}}, {"params": [{"param_description": "", "param_name": ["for", "component"], "param_type": "Calendar.Component"}], "method_name": "value", "is_static": false, "class_name": "DateComponents", "method_description": "Returns the value of one of the properties, using an enumeration value instead of a property name.", "return_value": {"return_name": [""], "return_description": [], "return_type": ["Int"]}}, {"params": [{"param_description": "", "param_name": ["value"], "param_type": "Int"}, {"param_description": "", "param_name": ["for", "component"], "param_type": "Calendar.Component"}], "method_name": "setValue", "is_static": false, "class_name": "DateComponents", "method_description": "Set the value of one of the properties, using an enumeration value instead of a property name.", "return_value": {"return_name": [], "return_description": [], "return_type": []}}, {"params": [{"param_description": "A value to compare.", "param_name": ["lhs"], "param_type": "DateComponents"}, {"param_description": "Another value to compare.", "param_name": ["rhs"], "param_type": "DateComponents"}], "method_name": "!=", "is_static": true, "class_name": "DateComponents", "method_description": "Returns a Boolean value indicating whether two values are not equal.", "return_value": {"return_name": [""], "return_description": [], "return_type": ["Bool"]}}, {"params": [{"param_description": "", "param_name": ["lhs"], "param_type": "DateComponents"}, {"param_description": "", "param_name": ["rhs"], "param_type": "DateComponents"}], "method_name": "==", "is_static": true, "class_name": "DateComponents", "method_description": "Indicates whether two date component instances are the same.", "return_value": {"return_name": [""], "return_description": [], "return_type": ["Bool"]}}, {"params": [{"param_description": "", "param_name": ["from", "decoder"], "param_type": "Decoder"}], "method_name": "init", "is_static": false, "class_name": "DateComponents", "method_description": "", "return_value": {"return_name": [], "return_description": [], "return_type": []}}, {"params": [{"param_description": "", "param_name": ["to", "encoder"], "param_type": "Encoder"}], "method_name": "encode", "is_static": false, "class_name": "DateComponents", "method_description": "", "return_value": {"return_name": [], "return_description": [], "return_type": []}}], "Vars": [{"var_type": "Calendar", "var_description": "The calendar used to interpret the other values in this structure.", "var_name": "calendar"}, {"var_type": "TimeZone", "var_description": "A time zone.", "var_name": "timeZone"}, {"var_type": "Bool", "var_description": "Indicates whether the current combination of properties represents a date which exists in the current calendar.", "var_name": "isValidDate"}, {"var_type": "Date", "var_description": "The date calculated from the current components using the stored calendar.", "var_name": "date"}, {"var_type": "Int", "var_description": "An era or count of eras.", "var_name": "era"}, {"var_type": "Int", "var_description": "A year or count of years.", "var_name": "year"}, {"var_type": "Int", "var_description": "The year corresponding to a week-counting week.", "var_name": "yearForWeekOfYear"}, {"var_type": "Int", "var_description": "A quarter or count of quarters.", "var_name": "quarter"}, {"var_type": "Int", "var_description": "A month or count of months.", "var_name": "month"}, {"var_type": "Bool", "var_description": "Set to true if these components represent a leap month.", "var_name": "isLeapMonth"}, {"var_type": "Int", "var_description": "A week of the month or a count of weeks of the month.", "var_name": "weekOfMonth"}, {"var_type": "Int", "var_description": "A week of the year or count of the weeks of the year.", "var_name": "weekOfYear"}, {"var_type": "Int", "var_description": "A weekday or count of weekdays.", "var_name": "weekday"}, {"var_type": "Int", "var_description": "A weekday ordinal or count of weekday ordinals. ", "var_name": "weekdayOrdinal"}, {"var_type": "Int", "var_description": "A day or count of days.", "var_name": "day"}, {"var_type": "Int", "var_description": "An hour or count of hours.", "var_name": "hour"}, {"var_type": "Int", "var_description": "A minute or count of minutes.", "var_name": "minute"}, {"var_type": "Int", "var_description": "A second or count of seconds.", "var_name": "second"}, {"var_type": "Int", "var_description": "A nanosecond or count of nanoseconds.", "var_name": "nanosecond"}, {"var_type": "String", "var_description": "A textual description of the date components.", "var_name": "description"}, {"var_type": "String", "var_description": "A textual description of the date components suitable for debugging.", "var_name": "debugDescription"}, {"var_type": "Mirror", "var_description": "A mirror that reflects the date.", "var_name": "customMirror"}, {"var_type": "Int", "var_description": "The computed hash value of the date.", "var_name": "hashValue"}], "interface_list": ["CustomDebugStringConvertible", "CustomReflectable", "CustomStringConvertible", "Equatable", "Hashable", "ReferenceConvertible"], "package_name": "foundation", "subclass_list": [], "class_name": "DateComponents", "class_description": "DateComponents encapsulates the components of a date in an extendable, structured manner.\nIt is used to specify a date by providing the temporal components that make up a date and time in a particular calendar: hour, minutes, seconds, day, month, year, and so on. It can also be used to specify a duration of time, for example, 5 hours and 16 minutes. A DateComponents is not required to define all the component fields.\nWhen a new instance of DateComponents is created, the date components are set to nil.\n", "class_inherit_list": []}