{"Methods": [], "Vars": [], "interface_list": [], "package_name": "foundation", "subclass_list": [], "class_name": "DateComponentsFormatter.UnitsStyle", "class_description": "All date and time values are localized and formatted according to the current user\u2019s language preferences.\nThe following table shows how the quantity of 9 hours, 41 minutes, and 30 seconds is displayed in the U.S. English locale for each style:\nStyle\nDisplayed result\nDateComponentsFormatter.UnitsStyle.spellOut\n\u201cnine hours, forty-one minutes, thirty seconds\u201d \nDateComponentsFormatter.UnitsStyle.full\n\u201c9 hours, 41 minutes, 30 seconds\u201d\nDateComponentsFormatter.UnitsStyle.short\n\u201c9 hr, 41 min, 30 sec\u201d\nDateComponentsFormatter.UnitsStyle.brief\n\u201c9hr 41min 30sec\u201d\nDateComponentsFormatter.UnitsStyle.abbreviated\n\u201c9h 41m 30s\u201d\nDateComponentsFormatter.UnitsStyle.positional\n\u201c9:31:30\u201d\n", "class_inherit_list": []}