{"Methods": [{"params": [], "method_name": "init", "is_static": false, "class_name": "Decimal", "method_description": "Creates a decimal initialized to 0.", "return_value": {"return_name": [], "return_description": [], "return_type": []}}, {"params": [{"param_description": "", "param_name": ["sign"], "param_type": "FloatingPointSign"}, {"param_description": "", "param_name": ["exponent"], "param_type": "Int"}, {"param_description": "", "param_name": ["significand"], "param_type": "Decimal"}], "method_name": "init", "is_static": false, "class_name": "Decimal", "method_description": "Creates a decimal initialized with the given sign, exponent, and significand.", "return_value": {"return_name": [], "return_description": [], "return_type": []}}, {"params": [{"param_description": "", "param_name": ["exponent"], "param_type": "Int32"}, {"param_description": "", "param_name": ["length"], "param_type": "UInt32"}, {"param_description": "", "param_name": ["isNegative"], "param_type": "UInt32"}, {"param_description": "", "param_name": ["isCompact"], "param_type": "UInt32"}, {"param_description": "", "param_name": ["reserved"], "param_type": "UInt32"}, {"param_description": "", "param_name": ["mantissa"], "param_type": "(UInt16, UInt16, UInt16, UInt16, UInt16, UInt16, UInt16, UInt16)"}], "method_name": "init", "is_static": false, "class_name": "Decimal", "method_description": "Creates a decimal initialized according to the provided characteristics.", "return_value": {"return_name": [], "return_description": [], "return_type": []}}, {"params": [{"param_description": "", "param_name": ["value"], "param_type": "Double"}], "method_name": "init", "is_static": false, "class_name": "Decimal", "method_description": "Creates and initializes a decimal with the provided floating point value.", "return_value": {"return_name": [], "return_description": [], "return_type": []}}, {"params": [{"param_description": "", "param_name": ["floatLiteral", "value"], "param_type": "Double"}], "method_name": "init", "is_static": false, "class_name": "Decimal", "method_description": "Creates and initializes a decimal with the provided floating point value.", "return_value": {"return_name": [], "return_description": [], "return_type": []}}, {"params": [{"param_description": "The integer to convert.", "param_name": ["exactly", "source"], "param_type": "T"}], "method_name": "init", "is_static": false, "class_name": "Decimal", "method_description": "Creates a new decimal value exactly representing the provided integer.", "return_value": {"return_name": [], "return_description": [], "return_type": []}}, {"params": [{"param_description": "", "param_name": ["value"], "param_type": "Int"}], "method_name": "init", "is_static": false, "class_name": "Decimal", "method_description": "Creates and initializes a decimal with the provided integer value.", "return_value": {"return_name": [], "return_description": [], "return_type": []}}, {"params": [{"param_description": "", "param_name": ["value"], "param_type": "Int8"}], "method_name": "init", "is_static": false, "class_name": "Decimal", "method_description": "Creates and initializes a decimal with the provided integer value.", "return_value": {"return_name": [], "return_description": [], "return_type": []}}, {"params": [{"param_description": "", "param_name": ["value"], "param_type": "Int16"}], "method_name": "init", "is_static": false, "class_name": "Decimal", "method_description": "Creates and initializes a decimal with the provided integer value.", "return_value": {"return_name": [], "return_description": [], "return_type": []}}, {"params": [{"param_description": "", "param_name": ["value"], "param_type": "Int32"}], "method_name": "init", "is_static": false, "class_name": "Decimal", "method_description": "Creates and initializes a decimal with the provided integer value.", "return_value": {"return_name": [], "return_description": [], "return_type": []}}, {"params": [{"param_description": "", "param_name": ["value"], "param_type": "Int64"}], "method_name": "init", "is_static": false, "class_name": "Decimal", "method_description": "Creates and initializes a decimal with the provided integer value.", "return_value": {"return_name": [], "return_description": [], "return_type": []}}, {"params": [{"param_description": "", "param_name": ["integerLiteral", "value"], "param_type": "Int"}], "method_name": "init", "is_static": false, "class_name": "Decimal", "method_description": "Creates and initializes a decimal with the provided integer value.", "return_value": {"return_name": [], "return_description": [], "return_type": []}}, {"params": [{"param_description": "", "param_name": ["value"], "param_type": "UInt"}], "method_name": "init", "is_static": false, "class_name": "Decimal", "method_description": "Creates and initializes a decimal with the provided unsigned integer value.", "return_value": {"return_name": [], "return_description": [], "return_type": []}}, {"params": [{"param_description": "", "param_name": ["value"], "param_type": "UInt8"}], "method_name": "init", "is_static": false, "class_name": "Decimal", "method_description": "Creates and initializes a decimal with the provided unsigned integer value.", "return_value": {"return_name": [], "return_description": [], "return_type": []}}, {"params": [{"param_description": "", "param_name": ["value"], "param_type": "UInt16"}], "method_name": "init", "is_static": false, "class_name": "Decimal", "method_description": "Creates and initializes a decimal with the provided unsigned integer value.", "return_value": {"return_name": [], "return_description": [], "return_type": []}}, {"params": [{"param_description": "", "param_name": ["value"], "param_type": "UInt32"}], "method_name": "init", "is_static": false, "class_name": "Decimal", "method_description": "Creates and initializes a decimal with the provided unsigned integer value.", "return_value": {"return_name": [], "return_description": [], "return_type": []}}, {"params": [{"param_description": "", "param_name": ["value"], "param_type": "UInt64"}], "method_name": "init", "is_static": false, "class_name": "Decimal", "method_description": "Creates and initializes a decimal with the provided unsigned integer value.", "return_value": {"return_name": [], "return_description": [], "return_type": []}}, {"params": [{"param_description": "", "param_name": ["signOf"], "param_type": "Decimal"}, {"param_description": "", "param_name": ["magnitudeOf", "magnitude"], "param_type": "Decimal"}], "method_name": "init", "is_static": false, "class_name": "Decimal", "method_description": "Creates and initializes a decimal with the sign and magnitude of the given decimals.", "return_value": {"return_name": [], "return_description": [], "return_type": []}}, {"params": [{"param_description": "", "param_name": ["destination"], "param_type": "UnsafeMutablePointer<Decimal>"}, {"param_description": "", "param_name": ["source"], "param_type": "UnsafePointer<Decimal>"}], "method_name": "NSDecimalCopy", "is_static": false, "class_name": "Decimal", "method_description": "Copies the value of a decimal number.", "return_value": {"return_name": [], "return_description": [], "return_type": []}}, {"params": [{"param_description": "The decimal value to represent.", "param_name": ["dcm"], "param_type": "UnsafePointer<Decimal>"}, {"param_description": "Either an instance of NSLocale or a dictionary with a string value corresponding to the decimalSeparator key. ", "param_name": ["locale"], "param_type": "Any"}], "method_name": "NSDecimalString", "is_static": false, "class_name": "Decimal", "method_description": "Returns a string representation of the decimal value appropriate for the specified locale.", "return_value": {"return_name": [""], "return_description": [], "return_type": ["String"]}}, {"params": [{"param_description": "", "param_name": ["lhs"], "param_type": "Decimal"}, {"param_description": "", "param_name": ["rhs"], "param_type": "Decimal"}], "method_name": "*", "is_static": true, "class_name": "Decimal", "method_description": "Multiplies two decimal numbers.", "return_value": {"return_name": [""], "return_description": [], "return_type": ["Decimal"]}}, {"params": [{"param_description": "", "param_name": ["lhs"], "param_type": "inout Decimal"}, {"param_description": "", "param_name": ["rhs"], "param_type": "Decimal"}], "method_name": "*=", "is_static": true, "class_name": "Decimal", "method_description": "Multiplies two decimal numbers, storing the result in the first number.", "return_value": {"return_name": [], "return_description": [], "return_type": []}}, {"params": [{"param_description": "", "param_name": ["lhs"], "param_type": "Decimal"}, {"param_description": "", "param_name": ["rhs"], "param_type": "Decimal"}], "method_name": "+", "is_static": true, "class_name": "Decimal", "method_description": "Adds two decimal numbers.", "return_value": {"return_name": [""], "return_description": [], "return_type": ["Decimal"]}}, {"params": [{"param_description": "", "param_name": ["lhs"], "param_type": "inout Decimal"}, {"param_description": "", "param_name": ["rhs"], "param_type": "Decimal"}], "method_name": "+=", "is_static": true, "class_name": "Decimal", "method_description": "Adds two decimal numbers, storing the result in the first number.", "return_value": {"return_name": [], "return_description": [], "return_type": []}}, {"params": [{"param_description": "", "param_name": ["lhs"], "param_type": "Decimal"}, {"param_description": "", "param_name": ["rhs"], "param_type": "Decimal"}], "method_name": "-", "is_static": true, "class_name": "Decimal", "method_description": "Subtracts one decimal number from another.", "return_value": {"return_name": [""], "return_description": [], "return_type": ["Decimal"]}}, {"params": [{"param_description": "", "param_name": ["lhs"], "param_type": "inout Decimal"}, {"param_description": "", "param_name": ["rhs"], "param_type": "Decimal"}], "method_name": "-=", "is_static": true, "class_name": "Decimal", "method_description": "Subtracts one decimal number from another, storing the result in the first number.", "return_value": {"return_name": [], "return_description": [], "return_type": []}}, {"params": [{"param_description": "", "param_name": ["lhs"], "param_type": "Decimal"}, {"param_description": "", "param_name": ["rhs"], "param_type": "Decimal"}], "method_name": "/", "is_static": true, "class_name": "Decimal", "method_description": "Divides one decimal number by another.", "return_value": {"return_name": [""], "return_description": [], "return_type": ["Decimal"]}}, {"params": [{"param_description": "", "param_name": ["lhs"], "param_type": "inout Decimal"}, {"param_description": "", "param_name": ["rhs"], "param_type": "Decimal"}], "method_name": "/=", "is_static": true, "class_name": "Decimal", "method_description": "Divides one decimal number by another, storing the result in the first number.", "return_value": {"return_name": [], "return_description": [], "return_type": []}}, {"params": [{"param_description": "", "param_name": ["x"], "param_type": "Decimal"}, {"param_description": "", "param_name": ["y"], "param_type": "Int"}], "method_name": "pow", "is_static": false, "class_name": "Decimal", "method_description": "Returns a decimal number raised to a given power.", "return_value": {"return_name": [""], "return_description": [], "return_type": ["Decimal"]}}, {"params": [], "method_name": "negate", "is_static": false, "class_name": "Decimal", "method_description": "Negates this decimal.", "return_value": {"return_name": [], "return_description": [], "return_type": []}}, {"params": [{"param_description": "", "param_name": ["number"], "param_type": "UnsafeMutablePointer<Decimal>"}], "method_name": "NSDecimalCompact", "is_static": false, "class_name": "Decimal", "method_description": "Compacts the decimal structure for efficiency.", "return_value": {"return_name": [], "return_description": [], "return_type": []}}, {"params": [{"param_description": "", "param_name": ["result"], "param_type": "UnsafeMutablePointer<Decimal>"}, {"param_description": "", "param_name": ["leftOperand"], "param_type": "UnsafePointer<Decimal>"}, {"param_description": "", "param_name": ["rightOperand"], "param_type": "UnsafePointer<Decimal>"}, {"param_description": "", "param_name": ["roundingMode"], "param_type": "NSDecimalNumber.RoundingMode"}], "method_name": "NSDecimalAdd", "is_static": false, "class_name": "Decimal", "method_description": "Adds two decimal values.", "return_value": {"return_name": [""], "return_description": [], "return_type": ["NSDecimalNumber.CalculationError"]}}, {"params": [{"param_description": "", "param_name": ["result"], "param_type": "UnsafeMutablePointer<Decimal>"}, {"param_description": "", "param_name": ["leftOperand"], "param_type": "UnsafePointer<Decimal>"}, {"param_description": "", "param_name": ["rightOperand"], "param_type": "UnsafePointer<Decimal>"}, {"param_description": "", "param_name": ["roundingMode"], "param_type": "NSDecimalNumber.RoundingMode"}], "method_name": "NSDecimalSubtract", "is_static": false, "class_name": "Decimal", "method_description": "Subtracts one decimal value from another.", "return_value": {"return_name": [""], "return_description": [], "return_type": ["NSDecimalNumber.CalculationError"]}}, {"params": [{"param_description": "", "param_name": ["result"], "param_type": "UnsafeMutablePointer<Decimal>"}, {"param_description": "", "param_name": ["leftOperand"], "param_type": "UnsafePointer<Decimal>"}, {"param_description": "", "param_name": ["rightOperand"], "param_type": "UnsafePointer<Decimal>"}, {"param_description": "", "param_name": ["roundingMode"], "param_type": "NSDecimalNumber.RoundingMode"}], "method_name": "NSDecimalDivide", "is_static": false, "class_name": "Decimal", "method_description": "Divides one decimal value by another.", "return_value": {"return_name": [""], "return_description": [], "return_type": ["NSDecimalNumber.CalculationError"]}}, {"params": [{"param_description": "", "param_name": ["result"], "param_type": "UnsafeMutablePointer<Decimal>"}, {"param_description": "", "param_name": ["leftOperand"], "param_type": "UnsafePointer<Decimal>"}, {"param_description": "", "param_name": ["rightOperand"], "param_type": "UnsafePointer<Decimal>"}, {"param_description": "", "param_name": ["roundingMode"], "param_type": "NSDecimalNumber.RoundingMode"}], "method_name": "NSDecimalMultiply", "is_static": false, "class_name": "Decimal", "method_description": "Multiplies two decimal numbers together.", "return_value": {"return_name": [""], "return_description": [], "return_type": ["NSDecimalNumber.CalculationError"]}}, {"params": [{"param_description": "", "param_name": ["result"], "param_type": "UnsafeMutablePointer<Decimal>"}, {"param_description": "", "param_name": ["number"], "param_type": "UnsafePointer<Decimal>"}, {"param_description": "", "param_name": ["power"], "param_type": "Int16"}, {"param_description": "", "param_name": ["roundingMode"], "param_type": "NSDecimalNumber.RoundingMode"}], "method_name": "NSDecimalMultiplyByPowerOf10", "is_static": false, "class_name": "Decimal", "method_description": "Multiplies a decimal by the specified power of 10.", "return_value": {"return_name": [""], "return_description": [], "return_type": ["NSDecimalNumber.CalculationError"]}}, {"params": [{"param_description": "", "param_name": ["result"], "param_type": "UnsafeMutablePointer<Decimal>"}, {"param_description": "", "param_name": ["number"], "param_type": "UnsafePointer<Decimal>"}, {"param_description": "", "param_name": ["scale"], "param_type": "Int"}, {"param_description": "", "param_name": ["roundingMode"], "param_type": "NSDecimalNumber.RoundingMode"}], "method_name": "NSDecimalRound", "is_static": false, "class_name": "Decimal", "method_description": "Rounds off the decimal value.", "return_value": {"return_name": [], "return_description": [], "return_type": []}}, {"params": [{"param_description": "", "param_name": ["result"], "param_type": "UnsafeMutablePointer<Decimal>"}, {"param_description": "", "param_name": ["number"], "param_type": "UnsafePointer<Decimal>"}, {"param_description": "", "param_name": ["power"], "param_type": "Int"}, {"param_description": "", "param_name": ["roundingMode"], "param_type": "NSDecimalNumber.RoundingMode"}], "method_name": "NSDecimalPower", "is_static": false, "class_name": "Decimal", "method_description": "Raises the decimal value to the specified power.", "return_value": {"return_name": [""], "return_description": [], "return_type": ["NSDecimalNumber.CalculationError"]}}, {"params": [{"param_description": "", "param_name": ["number1"], "param_type": "UnsafeMutablePointer<Decimal>"}, {"param_description": "", "param_name": ["number2"], "param_type": "UnsafeMutablePointer<Decimal>"}, {"param_description": "", "param_name": ["roundingMode"], "param_type": "NSDecimalNumber.RoundingMode"}], "method_name": "NSDecimalNormalize", "is_static": false, "class_name": "Decimal", "method_description": "Normalizes the internal format of two decimal numbers to simplify later operations.", "return_value": {"return_name": [""], "return_description": [], "return_type": ["NSDecimalNumber.CalculationError"]}}, {"params": [{"param_description": "", "param_name": ["lhs"], "param_type": "Decimal"}, {"param_description": "", "param_name": ["rhs"], "param_type": "Decimal"}], "method_name": "func", "is_static": true, "class_name": "Decimal", "method_description": "Returns a Boolean value indicating whether one decimal number is strictly less than another.", "return_value": {"return_name": [""], "return_description": [], "return_type": ["Bool"]}}, {"params": [{"param_description": "", "param_name": ["lhs"], "param_type": "Decimal"}, {"param_description": "", "param_name": ["rhs"], "param_type": "Decimal"}], "method_name": "==", "is_static": true, "class_name": "Decimal", "method_description": "Returns a Boolean value indicating whether two decimal numbers are equal.", "return_value": {"return_name": [""], "return_description": [], "return_type": ["Bool"]}}, {"params": [{"param_description": "", "param_name": ["to", "other"], "param_type": "Decimal"}], "method_name": "isEqual", "is_static": false, "class_name": "Decimal", "method_description": "Indicates whether this decimal is equal to the specified one.", "return_value": {"return_name": [""], "return_description": [], "return_type": ["Bool"]}}, {"params": [{"param_description": "", "param_name": ["than", "other"], "param_type": "Decimal"}], "method_name": "isLess", "is_static": false, "class_name": "Decimal", "method_description": "Indicates whether this decimal is less than the specified one.", "return_value": {"return_name": [""], "return_description": [], "return_type": ["Bool"]}}, {"params": [{"param_description": "", "param_name": ["other"], "param_type": "Decimal"}], "method_name": "isLessThanOrEqualTo", "is_static": false, "class_name": "Decimal", "method_description": "Indicates whether this decimal is less than or equal to the specified one.", "return_value": {"return_name": [""], "return_description": [], "return_type": ["Bool"]}}, {"params": [{"param_description": "", "param_name": ["belowOrEqualTo", "other"], "param_type": "Decimal"}], "method_name": "isTotallyOrdered", "is_static": false, "class_name": "Decimal", "method_description": "Returns a Boolean value indicating whether this instance should precede the given value in an ascending sort.", "return_value": {"return_name": [""], "return_description": [], "return_type": ["Bool"]}}, {"params": [{"param_description": "", "param_name": ["to", "other"], "param_type": "Decimal"}], "method_name": "distance", "is_static": false, "class_name": "Decimal", "method_description": "Returns the distance from this value to the specified value.", "return_value": {"return_name": [""], "return_description": [], "return_type": ["Decimal"]}}, {"params": [{"param_description": "", "param_name": ["by", "n"], "param_type": "Decimal"}], "method_name": "advanced", "is_static": false, "class_name": "Decimal", "method_description": "Returns a new value advanced by the given distance.", "return_value": {"return_name": [""], "return_description": [], "return_type": ["Decimal"]}}, {"params": [{"param_description": "", "param_name": ["leftOperand"], "param_type": "UnsafePointer<Decimal>"}, {"param_description": "", "param_name": ["rightOperand"], "param_type": "UnsafePointer<Decimal>"}], "method_name": "NSDecimalCompare", "is_static": false, "class_name": "Decimal", "method_description": "Compares two decimal values.", "return_value": {"return_name": [""], "return_description": ["NSOrderedDescending if leftOperand is bigger than rightOperand; NSOrderedAscending if rightOperand is bigger than leftOperand; or NSOrderedSame if the two operands are equal."], "return_type": ["ComparisonResult"]}}, {"params": [{"param_description": "", "param_name": ["to", "encoder"], "param_type": "Encoder"}], "method_name": "encode", "is_static": false, "class_name": "Decimal", "method_description": "Encodes this decimal value into the given encoder.", "return_value": {"return_name": [], "return_description": [], "return_type": []}}, {"params": [{"param_description": "", "param_name": ["from", "decoder"], "param_type": "Decoder"}], "method_name": "init", "is_static": false, "class_name": "Decimal", "method_description": "Creates a new decimal value by decoding from the given decoder.", "return_value": {"return_name": [], "return_description": [], "return_type": []}}], "Vars": [{"var_type": "FloatingPointSign", "var_description": "The sign of the decimal.", "var_name": "sign"}, {"var_type": "Int", "var_description": "The exponent of the decimal.", "var_name": "exponent"}, {"var_type": "Decimal", "var_description": "The significand of the decimal.", "var_name": "significand"}, {"var_type": "Decimal", "var_description": "The magnitude of this decimal.", "var_name": "magnitude"}, {"var_type": "FloatingPointClassification", "var_description": "The IEEE 754 class of this type.", "var_name": "floatingPointClass"}, {"var_type": "Bool", "var_description": "A Boolean value indicating whether the representation of this decimal is canonical.", "var_name": "isCanonical"}, {"var_type": "Bool", "var_description": "A Boolean value indicating whether this decimal is zero, subnormal, or normal (not infinity or NaN).", "var_name": "isFinite"}, {"var_type": "Bool", "var_description": "A Boolean value indicating whether this decimal is infinity.", "var_name": "isInfinite"}, {"var_type": "Bool", "var_description": "A Boolean value indicating whether this decimal is NaN.", "var_name": "isNaN"}, {"var_type": "Bool", "var_description": "A Boolean value indicating whether this decimal is normal (not zero, subnormal, infinity, or NaN).", "var_name": "isNormal"}, {"var_type": "Bool", "var_description": "A Boolean value indicating whether this decimal has a negative sign.", "var_name": "isSignMinus"}, {"var_type": "Bool", "var_description": "A Boolean value indicating whether this decimal is a signaling NaN.", "var_name": "isSignaling"}, {"var_type": "Bool", "var_description": "A Boolean value indicating whether this decimal is a signaling NaN.", "var_name": "isSignalingNaN"}, {"var_type": "Bool", "var_description": "A Boolean value indicating whether this decimal is subnormal.", "var_name": "isSubnormal"}, {"var_type": "Bool", "var_description": "A Boolean value indicating whether this value is zero.", "var_name": "isZero"}, {"var_type": "Decimal", "var_description": "The greatest representable value that is less than this decimal.", "var_name": "nextDown"}, {"var_type": "Decimal", "var_description": "The least representable value that is greater than this decimal.", "var_name": "nextUp"}, {"var_type": "Decimal", "var_description": "The unit in the last place of the decimal.", "var_name": "ulp"}, {"var_type": "Decimal", "var_description": "The decimal that contains the largest possible non-infinite magnitude for the underlying representation.", "var_name": "greatestFiniteMagnitude"}, {"var_type": "Decimal", "var_description": "The decimal that contains the smallest possible non-infinite magnitude for the underlying representation.", "var_name": "leastFiniteMagnitude"}, {"var_type": "Decimal", "var_description": "The decimal value that represents the smallest possible non-zero value for the underlying representation.", "var_name": "leastNonzeroMagnitude"}, {"var_type": "Decimal", "var_description": "The decimal value that represents the smallest possible normal magnitude for the underlying representation.", "var_name": "leastNormalMagnitude"}, {"var_type": "Decimal", "var_description": "The mathematical constant pi.", "var_name": "pi"}, {"var_type": "Decimal", "var_description": "The value that represents \"not a number.\"", "var_name": "nan"}, {"var_type": "Decimal", "var_description": "A quiet representation of not-a-number.", "var_name": "quietNaN"}, {"var_type": "Int", "var_description": "The radix used by decimal numbers.", "var_name": "radix"}, {"var_type": "Int32", "var_description": "The maximum size of Decimal.", "var_name": "NSDecimalMaxSize"}, {"var_type": "Int32", "var_description": "Specifies that the number of digits allowed after the decimal separator in a decimal number should not be limited.", "var_name": "NSDecimalNoScale"}, {"var_type": "String", "var_description": "A textual description of the decimal.", "var_name": "description"}, {"var_type": "Int", "var_description": "The computed hash value for the decimal.", "var_name": "hashValue"}], "interface_list": ["Comparable", "CustomStringConvertible", "Decodable", "Encodable", "ExpressibleByFloatLiteral", "ExpressibleByIntegerLiteral", "Hashable", "SignedNumeric", "Strideable"], "package_name": "foundation", "subclass_list": [], "class_name": "Decimal", "class_description": "", "class_inherit_list": []}