{"class_inherit_list": [], "interface_list": [], "Methods": [{"return_value": {"return_description": [], "return_name": [], "return_type": []}, "method_name": "init", "params": [{"param_name": ["codingPath"], "param_type": "[CodingKey]", "param_description": "The path of coding keys taken to get to the point of the failing decode call."}, {"param_name": ["debugDescription"], "param_type": "String", "param_description": "A description of what went wrong, for debugging purposes."}, {"param_name": ["underlyingError"], "param_type": "Error = nil", "param_description": "The underlying error which caused this error, if any."}], "method_description": "Creates a new context with the given path of coding keys and a description of what went wrong.", "class_name": "DecodingError.Context"}], "Vars": [{"var_name": "codingPath", "var_type": "[CodingKey]", "var_description": "The path of coding keys taken to get to the point of the failing decode call."}, {"var_name": "debugDescription", "var_type": "String", "var_description": "A description of what went wrong, for debugging purposes."}, {"var_name": "underlyingError", "var_type": "Error", "var_description": "The underlying error which caused this error, if any."}], "subclass_list": [], "class_description": "", "package_name": "swift", "class_name": "DecodingError.Context"}