{"class_inherit_list": [], "interface_list": ["Error", "LocalizedError"], "Methods": [{"return_value": {"return_description": ["A new .dataCorrupted error with the given information."], "return_name": [""], "return_type": ["DecodingError"]}, "method_name": "dataCorruptedError", "params": [{"param_name": ["forKey", "key"], "param_type": "KeyedDecodingContainerProtocol.Key", "param_description": ""}, {"param_name": ["in", "container"], "param_type": "KeyedDecodingContainerProtocol", "param_description": ""}, {"param_name": ["debugDescription"], "param_type": "String", "param_description": ""}], "method_description": "Returns a new .dataCorrupted error using a constructed coding path and the given debug description.", "class_name": "DecodingError"}, {"return_value": {"return_description": ["A new .dataCorrupted error with the given information."], "return_name": [""], "return_type": ["DecodingError"]}, "method_name": "dataCorruptedError", "params": [{"param_name": ["in", "container"], "param_type": "SingleValueDecodingContainer", "param_description": ""}, {"param_name": ["debugDescription"], "param_type": "String", "param_description": ""}], "method_description": "Returns a new .dataCorrupted error using a constructed coding path and the given debug description.", "class_name": "DecodingError"}, {"return_value": {"return_description": ["A new .dataCorrupted error with the given information."], "return_name": [""], "return_type": ["DecodingError"]}, "method_name": "dataCorruptedError", "params": [{"param_name": ["in", "container"], "param_type": "UnkeyedDecodingContainer", "param_description": ""}, {"param_name": ["debugDescription"], "param_type": "String", "param_description": ""}], "method_description": "Returns a new .dataCorrupted error using a constructed coding path and the given debug description.", "class_name": "DecodingError"}], "Vars": [], "subclass_list": [], "class_description": "", "package_name": "swift", "class_name": "DecodingError"}