{"Methods": [{"params": [{"param_description": "", "param_name": ["into", "hasher"], "param_type": "inout Hasher"}], "method_name": "hash", "is_static": false, "class_name": "Dictionary.Index", "method_description": "", "return_value": {"return_name": [], "return_description": [], "return_type": []}}, {"params": [{"param_description": "A value to compare.", "param_name": ["lhs"], "param_type": "Dictionary<Key, Value>.Index"}, {"param_description": "Another value to compare.", "param_name": ["rhs"], "param_type": "Dictionary<Key, Value>.Index"}], "method_name": "!=", "is_static": true, "class_name": "Dictionary.Index", "method_description": "Returns a Boolean value indicating whether two values are not equal.", "return_value": {"return_name": [""], "return_description": [], "return_type": ["Bool"]}}, {"params": [{"param_description": "The lower bound for the range.", "param_name": ["minimum"], "param_type": "Dictionary<Key, Value>.Index"}], "method_name": "...", "is_static": true, "class_name": "Dictionary.Index", "method_description": "Returns a partial range extending upward from a lower bound.", "return_value": {"return_name": ["", ""], "return_description": [], "return_type": ["PartialRangeFrom<Dictionary<Key", "Value>.Index>"]}}, {"params": [{"param_description": "The upper bound for the range.", "param_name": ["maximum"], "param_type": "Dictionary<Key, Value>.Index"}], "method_name": "...", "is_static": true, "class_name": "Dictionary.Index", "method_description": "Returns a partial range up to, and including, its upper bound.", "return_value": {"return_name": ["", ""], "return_description": [], "return_type": ["PartialRangeThrough<Dictionary<Key", "Value>.Index>"]}}, {"params": [{"param_description": "The lower bound for the range.", "param_name": ["minimum"], "param_type": "Dictionary<Key, Value>.Index"}, {"param_description": "The upper bound for the range.", "param_name": ["maximum"], "param_type": "Dictionary<Key, Value>.Index"}], "method_name": "...", "is_static": true, "class_name": "Dictionary.Index", "method_description": "Returns a closed range that contains both of its bounds.", "return_value": {"return_name": ["", ""], "return_description": [], "return_type": ["ClosedRange<Dictionary<Key", "Value>.Index>"]}}, {"params": [{"param_description": "The upper bound for the range.", "param_name": ["maximum"], "param_type": "Dictionary<Key, Value>.Index"}], "method_name": "..", "is_static": true, "class_name": "Dictionary.Index", "method_description": "Returns a partial range up to, but not including, its upper bound.", "return_value": {"return_name": ["", ""], "return_description": [], "return_type": ["PartialRangeUpTo<Dictionary<Key", "Value>.Index>"]}}, {"params": [{"param_description": "The lower bound for the range.", "param_name": ["minimum"], "param_type": "Dictionary<Key, Value>.Index"}, {"param_description": "The upper bound for the range.", "param_name": ["maximum"], "param_type": "Dictionary<Key, Value>.Index"}], "method_name": "..", "is_static": true, "class_name": "Dictionary.Index", "method_description": "Returns a half-open range that contains its lower bound but not its upper bound.", "return_value": {"return_name": ["", ""], "return_description": [], "return_type": ["Range<Dictionary<Key", "Value>.Index>"]}}, {"params": [{"param_description": "", "param_name": ["lhs"], "param_type": "Dictionary<Key, Value>.Index"}, {"param_description": "", "param_name": ["rhs"], "param_type": "Dictionary<Key, Value>.Index"}], "method_name": "func", "is_static": true, "class_name": "Dictionary.Index", "method_description": "", "return_value": {"return_name": [""], "return_description": [], "return_type": ["Bool"]}}, {"params": [{"param_description": "A value to compare.", "param_name": ["lhs"], "param_type": "Dictionary<Key, Value>.Index"}, {"param_description": "Another value to compare.", "param_name": ["rhs"], "param_type": "Dictionary<Key, Value>.Index"}], "method_name": "func", "is_static": true, "class_name": "Dictionary.Index", "method_description": "Returns a Boolean value indicating whether the value of the first argument is less than or equal to that of the second argument.", "return_value": {"return_name": [""], "return_description": [], "return_type": ["Bool"]}}, {"params": [{"param_description": "", "param_name": ["lhs"], "param_type": "Dictionary<Key, Value>.Index"}, {"param_description": "", "param_name": ["rhs"], "param_type": "Dictionary<Key, Value>.Index"}], "method_name": "==", "is_static": true, "class_name": "Dictionary.Index", "method_description": "", "return_value": {"return_name": [""], "return_description": [], "return_type": ["Bool"]}}, {"params": [{"param_description": "A value to compare.", "param_name": ["lhs"], "param_type": "Dictionary<Key, Value>.Index"}, {"param_description": "Another value to compare.", "param_name": ["rhs"], "param_type": "Dictionary<Key, Value>.Index"}], "method_name": ">", "is_static": true, "class_name": "Dictionary.Index", "method_description": "Returns a Boolean value indicating whether the value of the first argument is greater than that of the second argument.", "return_value": {"return_name": [""], "return_description": [], "return_type": ["Bool"]}}, {"params": [{"param_description": "A value to compare.", "param_name": ["lhs"], "param_type": "Dictionary<Key, Value>.Index"}, {"param_description": "Another value to compare.", "param_name": ["rhs"], "param_type": "Dictionary<Key, Value>.Index"}], "method_name": ">=", "is_static": true, "class_name": "Dictionary.Index", "method_description": "Returns a Boolean value indicating whether the value of the first argument is greater than or equal to that of the second argument.", "return_value": {"return_name": [""], "return_description": ["true if lhs is greater than or equal to rhs; otherwise, false."], "return_type": ["Bool"]}}], "Vars": [], "interface_list": [], "package_name": "foundation", "subclass_list": [], "class_name": "Dictionary.Index", "class_description": "Dictionary has two subscripting interfaces:\nSubscripting with a key, yielding an optional value:\nSubscripting with an index, yielding a key-value pair:\n", "class_inherit_list": []}