{"Methods": [{"params": [{"param_description": "", "param_name": [")", "->", "(key"], "param_type": "Key"}, {"param_description": "", "param_name": ["value"], "param_type": "Value"}], "method_name": "next", "is_static": false, "class_name": "Dictionary.Iterator", "method_description": "Advances to the next element and returns it, or nil if no next element exists.", "return_value": {"return_name": [["key"], ["value"]], "return_description": [], "return_type": ["Key", "Value"]}}], "Vars": [{"var_type": "Mirror", "var_description": "A mirror that reflects the iterator.", "var_name": "customMirror"}], "interface_list": [], "package_name": "foundation", "subclass_list": [], "class_name": "Dictionary.Iterator", "class_description": "", "class_inherit_list": []}