{"Methods": [{"params": [{"param_description": "", "param_name": ["rawValue"], "param_type": "String"}], "method_name": "init", "is_static": false, "class_name": "DistributedNotificationCenter.CenterType", "method_description": "", "return_value": {"return_name": [], "return_description": [], "return_type": []}}, {"params": [{"param_description": "", "param_name": ["rawValue"], "param_type": "String"}], "method_name": "init", "is_static": false, "class_name": "DistributedNotificationCenter.CenterType", "method_description": "", "return_value": {"return_name": [], "return_description": [], "return_type": []}}], "Vars": [{"var_type": "DistributedNotificationCenter.CenterType", "var_description": "Distributes notifications to all tasks on the sender\u2019s computer.", "var_name": "localNotificationCenterType"}], "interface_list": ["Equatable", "Hashable", "RawRepresentable"], "package_name": "foundation", "subclass_list": [], "class_name": "DistributedNotificationCenter.CenterType", "class_description": "", "class_inherit_list": []}