{"Methods": [{"params": [], "method_name": "`default`", "is_static": false, "class_name": "DistributedNotificationCenter", "method_description": "Returns the default distributed notification center, representing the local notification center for the computer.", "return_value": {"return_name": [""], "return_description": ["Default distributed notification center for the computer."], "return_type": ["DistributedNotificationCenter"]}}, {"params": [{"param_description": "Notification center type being inquired about.", "param_name": ["notificationCenterType"], "param_type": "DistributedNotificationCenter.CenterType"}], "method_name": "forType", "is_static": false, "class_name": "DistributedNotificationCenter", "method_description": "Returns the distributed notification center for a particular notification center type.", "return_value": {"return_name": [""], "return_description": ["Distributed notification center for notificationCenterType."], "return_type": ["DistributedNotificationCenter"]}}, {"params": [{"param_description": "An object registering as an observer.", "param_name": ["observer"], "param_type": "Any"}, {"param_description": "A selector that the notification center sends notificationObserver to notify when posting the notification.", "param_name": ["selector", "aSelector"], "param_type": "Selector"}, {"param_description": "The name of the notification for which to register the observer; that is, only notifications with this name are delivered to the observer. When nil, the notification center doesn\u2019t use a notification\u2019s name to decide whether to deliver it to the observer.", "param_name": ["name", "aName"], "param_type": "NSNotification.Name"}, {"param_description": "The object whose notifications the observer wants to receive; that is, only notifications sent by this sender are delivered to the observer. When nil, the notification center doesn\u2019t use a notification\u2019s sender to decide whether to deliver it to the observer.", "param_name": ["object", "anObject"], "param_type": "String"}], "method_name": "addObserver", "is_static": false, "class_name": "DistributedNotificationCenter", "method_description": "Adds an entry to the notification center's dispatch table with an observer, a selector, and an optional notification name and sender.", "return_value": {"return_name": [], "return_description": [], "return_type": []}}, {"params": [{"param_description": "", "param_name": ["observer"], "param_type": "Any"}, {"param_description": "", "param_name": ["selector"], "param_type": "Selector"}, {"param_description": "", "param_name": ["name"], "param_type": "NSNotification.Name"}, {"param_description": "", "param_name": ["object"], "param_type": "String"}, {"param_description": "", "param_name": ["suspensionBehavior"], "param_type": "DistributedNotificationCenter.SuspensionBehavior"}], "method_name": "addObserver", "is_static": false, "class_name": "DistributedNotificationCenter", "method_description": "Adds an entry to the receiver\u2019s dispatch table with a specific observer and suspended-notifications behavior, and optional notification name and sender.", "return_value": {"return_name": [], "return_description": [], "return_type": []}}, {"params": [{"param_description": "", "param_name": ["observer"], "param_type": "Any"}, {"param_description": "", "param_name": ["name", "aName"], "param_type": "NSNotification.Name"}, {"param_description": "", "param_name": ["object", "anObject"], "param_type": "String"}], "method_name": "removeObserver", "is_static": false, "class_name": "DistributedNotificationCenter", "method_description": "Removes matching entries from the receiver\u2019s dispatch table.", "return_value": {"return_name": [], "return_description": [], "return_type": []}}, {"params": [{"param_description": "", "param_name": ["name", "aName"], "param_type": "NSNotification.Name"}, {"param_description": "", "param_name": ["object", "anObject"], "param_type": "String"}], "method_name": "post", "is_static": false, "class_name": "DistributedNotificationCenter", "method_description": "Creates a notification, and posts it to the receiver.", "return_value": {"return_name": [], "return_description": [], "return_type": []}}, {"params": [{"param_description": "", "param_name": ["name", "aName"], "param_type": "NSNotification.Name"}, {"param_description": "", "param_name": ["object", "anObject"], "param_type": "String"}, {"param_description": "", "param_name": ["userInfo", "aUserInfo"], "param_type": "[AnyHashable"}, {"param_description": "", "param_name": ["[AnyHashable"], "param_type": "Any] = nil"}], "method_name": "post", "is_static": false, "class_name": "DistributedNotificationCenter", "method_description": "Creates a notification with information, and posts it to the receiver.", "return_value": {"return_name": [], "return_description": [], "return_type": []}}, {"params": [{"param_description": "", "param_name": ["name"], "param_type": "NSNotification.Name"}, {"param_description": "", "param_name": ["object"], "param_type": "String"}, {"param_description": "Dictionary containing additional information. May be nil.ImportantSandboxed apps can send notifications only if they do not contain a dictionary. If the sending application is in an App Sandbox, userInfo must be nil.", "param_name": ["userInfo"], "param_type": "[AnyHashable"}, {"param_description": "", "param_name": ["[AnyHashable"], "param_type": "Any]"}, {"param_description": "Specifies when to deliver the notification. When false, the receiver delivers notifications to their observers according to the suspended-notification behavior specified in the corresponding dispatch table entry. When true, the receiver delivers the notification immediately to its observers.", "param_name": ["deliverImmediately"], "param_type": "Bool"}], "method_name": "postNotificationName", "is_static": false, "class_name": "DistributedNotificationCenter", "method_description": "Creates a notification with information and an immediate-delivery specifier, and posts it to the receiver.", "return_value": {"return_name": [], "return_description": [], "return_type": []}}, {"params": [{"param_description": "", "param_name": ["name"], "param_type": "NSNotification.Name"}, {"param_description": "", "param_name": ["object"], "param_type": "String"}, {"param_description": "Dictionary containing additional information. May be nil.ImportantSandboxed apps can send notifications only if they do not contain a dictionary. If the sending application is in an App Sandbox, userInfo must be nil.", "param_name": ["userInfo"], "param_type": "[AnyHashable"}, {"param_description": "", "param_name": ["[AnyHashable"], "param_type": "Any]"}, {"param_description": "", "param_name": ["options"], "param_type": "DistributedNotificationCenter.Options = []"}], "method_name": "postNotificationName", "is_static": false, "class_name": "DistributedNotificationCenter", "method_description": "Creates a notification with information, and posts it to the receiver.", "return_value": {"return_name": [], "return_description": [], "return_type": []}}], "Vars": [{"var_type": "Bool", "var_description": "Suspends or resumes notification delivery.", "var_name": "suspended"}], "interface_list": ["CVarArg", "Equatable", "Hashable"], "package_name": "foundation", "subclass_list": [], "class_name": "DistributedNotificationCenter", "class_description": "A DistributedNotificationCenter instance broadcasts NSNotification objects to objects in other tasks that have registered for the notification with their task\u2019s default distributed notification center.\nNotification dispatch table. See \u201cClass at a Glance\u201d > \u201cPrincipal Attributes\u201d in NotificationCenter for information about the dispatch table.\nIn addition to the notification name and sender, dispatch table entries for distributed notification centers specify when the notification center delivers notifications to its observers. See the postNotificationName(_:object:userInfo:deliverImmediately:) method, Suspending and Resuming Notification Delivery, and DistributedNotificationCenter.SuspensionBehavior for details.\nAccesses the default distributed notification center.\nRegisters an object to receive a notification with a specified behavior when notification delivery is suspended.\nCreates and posts a notification.\nSpecifies that an object no longer wants to receive certain notifications.\nEach task has a default distributed notification center that you access with the default() class method. There may be different types of distributed notification centers. Currently there is a single type\u2014NSLocalNotificationCenterType. This type of distributed notification center handles notifications that can be sent between tasks on a single computer. For communication between tasks on different computers, use Distributed Objects Programming Topics.\nPosting a distributed notification is an expensive operation. The notification gets sent to a system-wide server that distributes it to all the tasks that have objects registered for distributed notifications. The latency between posting the notification and the notification\u2019s arrival in another task is unbounded. In fact, when too many notifications are posted and the server\u2019s queue fills up, notifications may be dropped.\nDistributed notifications are delivered via a task\u2019s run loop. A task must be running a run loop in one of the \u201ccommon\u201d modes, such as NSDefaultRunLoopMode, to receive a distributed notification. For multithreaded applications running in macOS 10.3 and later, distributed notifications are always delivered to the main thread. For multithreaded applications running in OS X v10.2.8 and earlier, notifications are delivered to the thread that first used the distributed notifications API, which in most cases is the main thread.\nImportant\nNSDistributedNotificationCenter does not implement a secure communications protocol. When using distributed notifications, your app should treat any data passed in the notification as untrusted. See Security Overview for general guidance on secure coding practices.\nNote\nNSDistributedNotificationCenter objects should not be used to send notifications between threads within the same task. Use Distributed Objects Programming Topics or the NSObject method performSelector(onMainThread:with:waitUntilDone:), instead. You can also setup an Port object to receive and distribute messages from other threads.\n", "class_inherit_list": ["NotificationCenter"]}