{"class_inherit_list": [], "interface_list": ["Sequence"], "Methods": [{"return_value": {"return_description": ["true if the sequence contains only elements that satisfy predicate; otherwise, false."], "return_name": [""], "return_type": ["Bool"]}, "method_name": "allSatisfy", "params": [{"param_name": ["predicate"], "param_type": "(Base.Element) throws -> Bool", "param_description": "A closure that takes an element of the sequence as its argument and returns a Boolean value that indicates whether the passed element satisfies a condition."}], "method_description": "Returns a Boolean value indicating whether every element of a sequence satisfies a given predicate.", "class_name": "DropWhileSequence"}, {"return_value": {"return_description": ["An array of the non-nil results of calling transform with each element of the sequence."], "return_name": [""], "return_type": ["[ElementOfResult]"]}, "method_name": "compactMap", "params": [{"param_name": ["transform"], "param_type": "(Base.Element) throws -> ElementOfResult", "param_description": "A closure that accepts an element of this sequence as its argument and returns an optional value."}], "method_description": "Returns an array containing the non-nil results of calling the given transformation with each element of this sequence.", "class_name": "DropWhileSequence"}, {"return_value": {"return_description": ["true if the element was found in the sequence; otherwise, false."], "return_name": [""], "return_type": ["Bool"]}, "method_name": "contains", "params": [{"param_name": ["element"], "param_type": "Base.Element", "param_description": "The element to find in the sequence."}], "method_description": "Returns a Boolean value indicating whether the sequence contains the given element.", "class_name": "DropWhileSequence"}, {"return_value": {"return_description": ["true if the sequence contains an element that satisfies predicate; otherwise, false."], "return_name": [""], "return_type": [""]}, "method_name": "contains", "params": [{"param_name": ["where", "predicate"], "param_type": "(Base.Element) throws -> Bool", "param_description": "A closure that takes an element of the sequence as its argument and returns a Boolean value that indicates whether the passed element represents a match."}], "method_description": "Returns a Boolean value indicating whether the sequence contains an element that satisfies the given predicate.", "class_name": "DropWhileSequence"}, {"return_value": {"return_description": ["The number of elements in the sequence that satisfy the given predicate."], "return_name": [""], "return_type": [""]}, "method_name": "count", "params": [{"param_name": ["where", "predicate"], "param_type": "(Base.Element) throws -> Bool", "param_description": "A closure that takes each element of the sequence as its argument and returns a Boolean value indicating whether the element should be included in the count."}], "method_description": "Returns the number of elements in the sequence that satisfy the given predicate.", "class_name": "DropWhileSequence"}, {"return_value": {"return_description": [], "return_name": [""], "return_type": ["DropWhileSequence<Base>"]}, "method_name": "drop", "params": [{"param_name": ["while", "predicate"], "param_type": "(DropWhileSequence<Base>.Element) throws -> Bool", "param_description": ""}], "method_description": "", "class_name": "DropWhileSequence"}, {"return_value": {"return_description": ["A sequence starting after the specified number of elements."], "return_name": [""], "return_type": ["DropFirstSequence<DropWhileSequence<Base>>"]}, "method_name": "dropFirst", "params": [{"param_name": ["k"], "param_type": "Int = 1", "param_description": "The number of elements to drop from the beginning of the sequence. k must be greater than or equal to zero."}], "method_description": "Returns a sequence containing all but the given number of initial elements.", "class_name": "DropWhileSequence"}, {"return_value": {"return_description": ["A sequence leaving off the specified number of elements."], "return_name": [""], "return_type": ["[Base.Element]"]}, "method_name": "dropLast", "params": [{"param_name": ["k"], "param_type": "Int = 1", "param_description": ""}], "method_description": "Returns a sequence containing all but the given number of final elements.", "class_name": "DropWhileSequence"}, {"return_value": {"return_description": ["true if this sequence and other contain the same elements in the same order."], "return_name": [""], "return_type": ["Bool"]}, "method_name": "elementsEqual", "params": [{"param_name": ["other"], "param_type": "OtherSequence", "param_description": "A sequence to compare to this sequence."}], "method_description": "Returns a Boolean value indicating whether this sequence and another sequence contain the same elements in the same order.", "class_name": "DropWhileSequence"}, {"return_value": {"return_description": ["true if this sequence and other contain equivalent items, using areEquivalent as the equivalence test; otherwise, false."], "return_name": [""], "return_type": ["Bool"]}, "method_name": "elementsEqual", "params": [{"param_name": ["other"], "param_type": "Sequence", "param_description": "A sequence to compare to this sequence."}, {"param_name": ["by", "areEquivalent"], "param_type": "(Base.Element, OtherSequence.Element) throws -> Bool", "param_description": "A predicate that returns true if its two arguments are equivalent; otherwise, false."}], "method_description": "Returns a Boolean value indicating whether this sequence and another sequence contain equivalent elements in the same order, using the given predicate as the equivalence test.", "class_name": "DropWhileSequence"}, {"return_value": {"return_description": ["A sequence of pairs enumerating the sequence."], "return_name": [""], "return_type": ["EnumeratedSequence<DropWhileSequence<Base>>"]}, "method_name": "enumerated", "params": [], "method_description": "Returns a sequence of pairs (n, x), where n represents a consecutive integer starting at zero and x represents an element of the sequence.", "class_name": "DropWhileSequence"}, {"return_value": {"return_description": ["An array of the elements that isIncluded allowed."], "return_name": [""], "return_type": ["[Base.Element]"]}, "method_name": "filter", "params": [{"param_name": ["isIncluded"], "param_type": "(Base.Element) throws -> Bool", "param_description": "A closure that takes an element of the sequence as its argument and returns a Boolean value indicating whether the element should be included in the returned array."}], "method_description": "Returns an array containing, in order, the elements of the sequence that satisfy the given predicate.", "class_name": "DropWhileSequence"}, {"return_value": {"return_description": ["The first element of the sequence that satisfies predicate, or nil if there is no element that satisfies predicate."], "return_name": [""], "return_type": [""]}, "method_name": "first", "params": [{"param_name": ["where", "predicate"], "param_type": "(Base.Element) throws -> Bool", "param_description": "A closure that takes an element of the sequence as its argument and returns a Boolean value indicating whether the element is a match."}], "method_description": "Returns the first element of the sequence that satisfies the given predicate.", "class_name": "DropWhileSequence"}, {"return_value": {"return_description": ["The resulting flattened array."], "return_name": [""], "return_type": ["[SegmentOfResult.Element]"]}, "method_name": "flatMap", "params": [{"param_name": ["transform"], "param_type": "(Base.Element) throws -> SegmentOfResult", "param_description": "A closure that accepts an element of this sequence as its argument and returns a sequence or collection."}], "method_description": "Returns an array containing the concatenated results of calling the given transformation with each element of this sequence.", "class_name": "DropWhileSequence"}, {"return_value": {"return_description": [], "return_name": [""], "return_type": ["[ElementOfResult]"]}, "method_name": "flatMap", "params": [{"param_name": ["transform"], "param_type": "(Base.Element) throws -> ElementOfResult", "param_description": ""}], "method_description": "", "class_name": "DropWhileSequence"}, {"return_value": {"return_description": [], "return_name": [""], "return_type": ["Void rethrows"]}, "method_name": "forEach", "params": [{"param_name": ["body"], "param_type": "(Base.Element) throws -> Void", "param_description": "A closure that takes an element of the sequence as a parameter."}], "method_description": "Calls the given closure on each element in the sequence in the same order as a for-in loop.", "class_name": "DropWhileSequence"}, {"return_value": {"return_description": ["A flattened view of the elements of this sequence of sequences."], "return_name": [""], "return_type": ["FlattenSequence<DropWhileSequence<Base>>"]}, "method_name": "joined", "params": [], "method_description": "Returns the elements of this sequence of sequences, concatenated.", "class_name": "DropWhileSequence"}, {"return_value": {"return_description": ["The joined sequence of elements."], "return_name": [""], "return_type": ["JoinedSequence<DropWhileSequence<Base>>"]}, "method_name": "joined", "params": [{"param_name": ["separator"], "param_type": "Separator", "param_description": "A sequence to insert between each of this sequence\u2019s elements."}], "method_description": "Returns the concatenated elements of this sequence of sequences, inserting the given separator between each element.", "class_name": "DropWhileSequence"}, {"return_value": {"return_description": ["A single, concatenated string."], "return_name": [""], "return_type": ["String"]}, "method_name": "joined", "params": [{"param_name": ["separator"], "param_type": "String = \"\"", "param_description": "A string to insert between each of the elements in this sequence. The default separator is an empty string."}], "method_description": "Returns a new string by concatenating the elements of the sequence, adding the given separator between each element.", "class_name": "DropWhileSequence"}, {"return_value": {"return_description": ["true if this sequence precedes other in a dictionary ordering; otherwise, false."], "return_name": [""], "return_type": ["Bool"]}, "method_name": "lexicographicallyPrecedes", "params": [{"param_name": ["other"], "param_type": "OtherSequence", "param_description": "A sequence to compare to this sequence."}], "method_description": "Returns a Boolean value indicating whether the sequence precedes another sequence in a lexicographical (dictionary) ordering, using the less-than operator (<) to compare elements.", "class_name": "DropWhileSequence"}, {"return_value": {"return_description": ["true if this sequence precedes other in a dictionary ordering as ordered by areInIncreasingOrder; otherwise, false."], "return_name": [""], "return_type": ["Bool"]}, "method_name": "lexicographicallyPrecedes", "params": [{"param_name": ["other"], "param_type": "Sequence", "param_description": "A sequence to compare to this sequence."}, {"param_name": ["by", "areInIncreasingOrder"], "param_type": "(Base.Element, Base.Element) throws -> Bool", "param_description": "A predicate that returns true if its first argument should be ordered before its second argument; otherwise, false."}], "method_description": "Returns a Boolean value indicating whether the sequence precedes another sequence in a lexicographical (dictionary) ordering, using the given predicate to compare elements.", "class_name": "DropWhileSequence"}, {"return_value": {"return_description": [], "return_name": [""], "return_type": ["DropWhileSequence<Base>.Iterator"]}, "method_name": "makeIterator", "params": [], "method_description": "", "class_name": "DropWhileSequence"}, {"return_value": {"return_description": ["An array containing the transformed elements of this sequence."], "return_name": [""], "return_type": ["[T]"]}, "method_name": "map", "params": [{"param_name": ["transform"], "param_type": "(Base.Element) throws -> T", "param_description": "A mapping closure. transform accepts an element of this sequence as its parameter and returns a transformed value of the same or of a different type."}], "method_description": "Returns an array containing the results of mapping the given closure over the sequence\u2019s elements.", "class_name": "DropWhileSequence"}, {"return_value": {"return_description": ["The sequence\u2019s maximum element. If the sequence has no elements, returns nil."], "return_name": [""], "return_type": ["Base.Element"]}, "method_name": "max", "params": [], "method_description": "Returns the maximum element in the sequence.", "class_name": "DropWhileSequence"}, {"return_value": {"return_description": ["The sequence\u2019s maximum element if the sequence is not empty; otherwise, nil."], "return_name": [""], "return_type": ["Base.Element"]}, "method_name": "max", "params": [{"param_name": ["by", "areInIncreasingOrder"], "param_type": "(Base.Element, Base.Element) throws -> Bool", "param_description": "A predicate that returns true if its first argument should be ordered before its second argument; otherwise, false."}], "method_description": "Returns the maximum element in the sequence, using the given predicate as the comparison between elements.", "class_name": "DropWhileSequence"}, {"return_value": {"return_description": ["The sequence\u2019s minimum element. If the sequence has no elements, returns nil."], "return_name": [""], "return_type": ["Base.Element"]}, "method_name": "min", "params": [], "method_description": "Returns the minimum element in the sequence.", "class_name": "DropWhileSequence"}, {"return_value": {"return_description": ["The sequence\u2019s minimum element, according to areInIncreasingOrder. If the sequence has no elements, returns nil."], "return_name": [""], "return_type": ["Base.Element"]}, "method_name": "min", "params": [{"param_name": ["by", "areInIncreasingOrder"], "param_type": "(Base.Element, Base.Element) throws -> Bool", "param_description": "A predicate that returns true if its first argument should be ordered before its second argument; otherwise, false."}], "method_description": "Returns the minimum element in the sequence, using the given predicate as the comparison between elements.", "class_name": "DropWhileSequence"}, {"return_value": {"return_description": ["A sequence starting at the beginning of this sequence with at most maxLength elements."], "return_name": [""], "return_type": ["PrefixSequence<DropWhileSequence<Base>>"]}, "method_name": "prefix", "params": [{"param_name": ["maxLength"], "param_type": "Int", "param_description": "The maximum number of elements to return. The value of maxLength must be greater than or equal to zero."}], "method_description": "Returns a sequence, up to the specified maximum length, containing the initial elements of the sequence.", "class_name": "DropWhileSequence"}, {"return_value": {"return_description": ["A sequence of the initial, consecutive elements that satisfy predicate."], "return_name": [""], "return_type": ["[Base.Element]"]}, "method_name": "prefix", "params": [{"param_name": ["while", "predicate"], "param_type": "(Base.Element) throws -> Bool", "param_description": "A closure that takes an element of the sequence as its argument and returns a Boolean value indicating whether the element should be included in the result."}], "method_description": "Returns a sequence containing the initial, consecutive elements that satisfy the given predicate.", "class_name": "DropWhileSequence"}, {"return_value": {"return_description": ["The final accumulated value. If the sequence has no elements, the result is initialResult."], "return_name": [""], "return_type": ["Result"]}, "method_name": "reduce", "params": [{"param_name": ["initialResult"], "param_type": "Result", "param_description": "The value to use as the initial accumulating value. initialResult is passed to nextPartialResult the first time the closure is executed."}, {"param_name": ["nextPartialResult"], "param_type": "(Result, Base.Element) throws -> Result", "param_description": "A closure that combines an accumulating value and an element of the sequence into a new accumulating value, to be used in the next call of the nextPartialResult closure or returned to the caller."}], "method_description": "Returns the result of combining the elements of the sequence using the given closure.", "class_name": "DropWhileSequence"}, {"return_value": {"return_description": ["The final accumulated value. If the sequence has no elements, the result is initialResult."], "return_name": [""], "return_type": ["Result"]}, "method_name": "reduce", "params": [{"param_name": ["into", "initialResult"], "param_type": "Result", "param_description": "The value to use as the initial accumulating value."}, {"param_name": ["updateAccumulatingResult"], "param_type": "(inout Result, Base.Element) throws -> ()", "param_description": "A closure that updates the accumulating value with an element of the sequence."}], "method_description": "Returns the result of combining the elements of the sequence using the given closure.", "class_name": "DropWhileSequence"}, {"return_value": {"return_description": ["An array containing the elements of this sequence in reverse order."], "return_name": [""], "return_type": ["[Base.Element]"]}, "method_name": "reversed", "params": [], "method_description": "Returns an array containing the elements of this sequence in reverse order.", "class_name": "DropWhileSequence"}, {"return_value": {"return_description": ["A shuffled array of this sequence\u2019s elements."], "return_name": [""], "return_type": ["[Base.Element]"]}, "method_name": "shuffled", "params": [], "method_description": "Returns the elements of the sequence, shuffled.", "class_name": "DropWhileSequence"}, {"return_value": {"return_description": ["An array of this sequence\u2019s elements in a shuffled order."], "return_name": [""], "return_type": ["[Base.Element]"]}, "method_name": "shuffled", "params": [{"param_name": ["using", "generator"], "param_type": "inout T", "param_description": "The random number generator to use when shuffling the sequence."}], "method_description": "Returns the elements of the sequence, shuffled using the given generator as a source for randomness.", "class_name": "DropWhileSequence"}, {"return_value": {"return_description": ["A sorted array of the sequence\u2019s elements."], "return_name": [""], "return_type": ["[Base.Element]"]}, "method_name": "sorted", "params": [], "method_description": "Returns the elements of the sequence, sorted.", "class_name": "DropWhileSequence"}, {"return_value": {"return_description": ["A sorted array of the sequence\u2019s elements."], "return_name": [""], "return_type": ["[Base.Element]"]}, "method_name": "sorted", "params": [{"param_name": ["by", "areInIncreasingOrder"], "param_type": "(Base.Element, Base.Element) throws -> Bool", "param_description": "A predicate that returns true if its first argument should be ordered before its second argument; otherwise, false."}], "method_description": "Returns the elements of the sequence, sorted using the given predicate as the comparison between elements.", "class_name": "DropWhileSequence"}, {"return_value": {"return_description": ["An array of subsequences, split from this sequence\u2019s elements."], "return_name": [""], "return_type": [""]}, "method_name": "split", "params": [{"param_name": ["maxSplits"], "param_type": "Int", "param_description": "The maximum number of times to split the sequence, or one less than the number of subsequences to return. If maxSplits + 1 subsequences are returned, the last one is a suffix of the original sequence containing the remaining elements. maxSplits must be greater than or equal to zero. The default value is Int.max."}, {"param_name": ["omittingEmptySubsequences"], "param_type": "Bool", "param_description": "If false, an empty subsequence is returned in the result for each pair of consecutive elements satisfying the isSeparator predicate and for each element at the start or end of the sequence satisfying the isSeparator predicate. If true, only nonempty subsequences are returned. The default value is true."}, {"param_name": ["whereSeparator", "isSeparator"], "param_type": "(Base.Element) throws -> Bool", "param_description": "A closure that returns true if its argument should be used to split the sequence; otherwise, false."}], "method_description": "Returns the longest possible subsequences of the sequence, in order, that don\u2019t contain elements satisfying the given predicate. Elements that are used to split the sequence are not returned as part of any subsequence.", "class_name": "DropWhileSequence"}, {"return_value": {"return_description": ["An array of subsequences, split from this sequence\u2019s elements."], "return_name": [""], "return_type": ["[ArraySlice<Base.Element>]"]}, "method_name": "split", "params": [{"param_name": ["separator"], "param_type": "Base.Element", "param_description": "The element that should be split upon."}, {"param_name": ["maxSplits"], "param_type": "Int", "param_description": "The maximum number of times to split the sequence, or one less than the number of subsequences to return. If maxSplits + 1 subsequences are returned, the last one is a suffix of the original sequence containing the remaining elements. maxSplits must be greater than or equal to zero. The default value is Int.max."}, {"param_name": ["omittingEmptySubsequences"], "param_type": "Bool = true", "param_description": "If false, an empty subsequence is returned in the result for each consecutive pair of separator elements in the sequence and for each instance of separator at the start or end of the sequence. If true, only nonempty subsequences are returned. The default value is true."}], "method_description": "Returns the longest possible subsequences of the sequence, in order, around elements equal to the given element.", "class_name": "DropWhileSequence"}, {"return_value": {"return_description": ["true if the initial elements of the sequence are the same as the elements of possiblePrefix; otherwise, false. If possiblePrefix has no elements, the return value is true."], "return_name": [""], "return_type": ["Bool"]}, "method_name": "starts", "params": [{"param_name": ["with", "possiblePrefix"], "param_type": "PossiblePrefix", "param_description": "A sequence to compare to this sequence."}], "method_description": "Returns a Boolean value indicating whether the initial elements of the sequence are the same as the elements in another sequence.", "class_name": "DropWhileSequence"}, {"return_value": {"return_description": ["true if the initial elements of the sequence are equivalent to the elements of possiblePrefix; otherwise, false. If possiblePrefix has no elements, the return value is true."], "return_name": [""], "return_type": ["Bool"]}, "method_name": "starts", "params": [{"param_name": ["with", "possiblePrefix"], "param_type": "Sequence", "param_description": "A sequence to compare to this sequence."}, {"param_name": ["by", "areEquivalent"], "param_type": "(Base.Element, PossiblePrefix.Element) throws -> Bool", "param_description": "A predicate that returns true if its two arguments are equivalent; otherwise, false."}], "method_description": "Returns a Boolean value indicating whether the initial elements of the sequence are equivalent to the elements in another sequence, using the given predicate as the equivalence test.", "class_name": "DropWhileSequence"}, {"return_value": {"return_description": [], "return_name": [""], "return_type": ["[Base.Element]"]}, "method_name": "suffix", "params": [{"param_name": ["maxLength"], "param_type": "Int", "param_description": "The maximum number of elements to return. The value of maxLength must be greater than or equal to zero."}], "method_description": "Returns a subsequence, up to the given maximum length, containing the final elements of the sequence.", "class_name": "DropWhileSequence"}, {"return_value": {"return_description": [], "return_name": [""], "return_type": ["R"]}, "method_name": "withContiguousStorageIfAvailable", "params": [{"param_name": ["body"], "param_type": "(UnsafeBufferPointer<Base.Element>) throws -> R", "param_description": ""}], "method_description": "", "class_name": "DropWhileSequence"}], "Vars": [{"var_name": "lazy", "var_type": "LazySequence<DropWhileSequence<Base>>", "var_description": "A sequence containing the same elements as this sequence, but on which some operations, such as map and filter, are implemented lazily."}, {"var_name": "underestimatedCount", "var_type": "Int", "var_description": "A value less than or equal to the number of elements in the sequence, calculated nondestructively."}], "subclass_list": [], "class_description": "The underlying iterator\u2019s sequence may be infinite.\n", "package_name": "swift", "class_name": "DropWhileSequence"}