{"class_inherit_list": [], "interface_list": ["Equatable", "MutableCollection", "RandomAccessCollection", "Sequence"], "Methods": [{"return_value": {"return_description": [], "return_name": [], "return_type": []}, "method_name": "init", "params": [], "method_description": "Creates an instance.", "class_name": "EmptyCollection"}, {"return_value": {"return_description": ["true if the sequence contains only elements that satisfy predicate; otherwise, false."], "return_name": [""], "return_type": ["Bool"]}, "method_name": "allSatisfy", "params": [{"param_name": ["predicate"], "param_type": "(Element) throws -> Bool", "param_description": "A closure that takes an element of the sequence as its argument and returns a Boolean value that indicates whether the passed element satisfies a condition."}], "method_description": "Returns a Boolean value indicating whether every element of a sequence satisfies a given predicate.", "class_name": "EmptyCollection"}, {"return_value": {"return_description": ["An array of the non-nil results of calling transform with each element of the sequence."], "return_name": [""], "return_type": ["[ElementOfResult]"]}, "method_name": "compactMap", "params": [{"param_name": ["transform"], "param_type": "(Element) throws -> ElementOfResult", "param_description": "A closure that accepts an element of this sequence as its argument and returns an optional value."}], "method_description": "Returns an array containing the non-nil results of calling the given transformation with each element of this sequence.", "class_name": "EmptyCollection"}, {"return_value": {"return_description": ["true if the element was found in the sequence; otherwise, false."], "return_name": [""], "return_type": ["Bool"]}, "method_name": "contains", "params": [{"param_name": ["element"], "param_type": "Element", "param_description": "The element to find in the sequence."}], "method_description": "Returns a Boolean value indicating whether the sequence contains the given element.", "class_name": "EmptyCollection"}, {"return_value": {"return_description": ["true if the sequence contains an element that satisfies predicate; otherwise, false."], "return_name": [""], "return_type": [""]}, "method_name": "contains", "params": [{"param_name": ["where", "predicate"], "param_type": "(Element) throws -> Bool", "param_description": "A closure that takes an element of the sequence as its argument and returns a Boolean value that indicates whether the passed element represents a match."}], "method_description": "Returns a Boolean value indicating whether the sequence contains an element that satisfies the given predicate.", "class_name": "EmptyCollection"}, {"return_value": {"return_description": [], "return_name": [""], "return_type": ["Int"]}, "method_name": "distance", "params": [{"param_name": ["from", "start"], "param_type": "EmptyCollection<Element>.Index", "param_description": ""}, {"param_name": ["to", "end"], "param_type": "EmptyCollection<Element>.Index", "param_description": ""}], "method_description": "The distance between two indexes (always zero).", "class_name": "EmptyCollection"}, {"return_value": {"return_description": [], "return_name": [""], "return_type": ["EmptyCollection<Element>"]}, "method_name": "drop", "params": [{"param_name": ["while", "predicate"], "param_type": "(Element) throws -> Bool", "param_description": "A closure that takes an element of the sequence as its argument and returns true if the element should be skipped or false if it should be included. Once the predicate returns false it will not be called again."}], "method_description": "Returns a subsequence by skipping elements while predicate returns true and returning the remaining elements.", "class_name": "EmptyCollection"}, {"return_value": {"return_description": ["A subsequence starting after the specified number of elements."], "return_name": [""], "return_type": ["EmptyCollection<Element>"]}, "method_name": "dropFirst", "params": [{"param_name": ["k"], "param_type": "Int = 1", "param_description": "The number of elements to drop from the beginning of the collection. k must be greater than or equal to zero."}], "method_description": "Returns a subsequence containing all but the given number of initial elements.", "class_name": "EmptyCollection"}, {"return_value": {"return_description": ["A subsequence that leaves off k elements from the end."], "return_name": [""], "return_type": ["EmptyCollection<Element>"]}, "method_name": "dropLast", "params": [{"param_name": ["k"], "param_type": "Int", "param_description": "The number of elements to drop off the end of the collection. k must be greater than or equal to zero."}], "method_description": "Returns a subsequence containing all but the specified number of final elements.", "class_name": "EmptyCollection"}, {"return_value": {"return_description": ["true if this sequence and other contain the same elements in the same order."], "return_name": [""], "return_type": ["Bool"]}, "method_name": "elementsEqual", "params": [{"param_name": ["other"], "param_type": "OtherSequence", "param_description": "A sequence to compare to this sequence."}], "method_description": "Returns a Boolean value indicating whether this sequence and another sequence contain the same elements in the same order.", "class_name": "EmptyCollection"}, {"return_value": {"return_description": ["true if this sequence and other contain equivalent items, using areEquivalent as the equivalence test; otherwise, false."], "return_name": [""], "return_type": ["Bool"]}, "method_name": "elementsEqual", "params": [{"param_name": ["other"], "param_type": "Sequence", "param_description": "A sequence to compare to this sequence."}, {"param_name": ["by", "areEquivalent"], "param_type": "(Element, OtherSequence.Element) throws -> Bool", "param_description": "A predicate that returns true if its two arguments are equivalent; otherwise, false."}], "method_description": "Returns a Boolean value indicating whether this sequence and another sequence contain equivalent elements in the same order, using the given predicate as the equivalence test.", "class_name": "EmptyCollection"}, {"return_value": {"return_description": ["A sequence of pairs enumerating the sequence."], "return_name": [""], "return_type": ["EnumeratedSequence<EmptyCollection<Element>>"]}, "method_name": "enumerated", "params": [], "method_description": "Returns a sequence of pairs (n, x), where n represents a consecutive integer starting at zero and x represents an element of the sequence.", "class_name": "EmptyCollection"}, {"return_value": {"return_description": ["An array of the elements that isIncluded allowed."], "return_name": [""], "return_type": ["[Element]"]}, "method_name": "filter", "params": [{"param_name": ["isIncluded"], "param_type": "(Element) throws -> Bool", "param_description": "A closure that takes an element of the sequence as its argument and returns a Boolean value indicating whether the element should be included in the returned array."}], "method_description": "Returns an array containing, in order, the elements of the sequence that satisfy the given predicate.", "class_name": "EmptyCollection"}, {"return_value": {"return_description": ["The first element of the sequence that satisfies predicate, or nil if there is no element that satisfies predicate."], "return_name": [""], "return_type": [""]}, "method_name": "first", "params": [{"param_name": ["where", "predicate"], "param_type": "(Element) throws -> Bool", "param_description": "A closure that takes an element of the sequence as its argument and returns a Boolean value indicating whether the element is a match."}], "method_description": "Returns the first element of the sequence that satisfies the given predicate.", "class_name": "EmptyCollection"}, {"return_value": {"return_description": ["The first index where element is found. If element is not found in the collection, returns nil."], "return_name": [""], "return_type": ["Int"]}, "method_name": "firstIndex", "params": [{"param_name": ["of", "element"], "param_type": "Element", "param_description": "An element to search for in the collection."}], "method_description": "Returns the first index where the specified value appears in the collection.", "class_name": "EmptyCollection"}, {"return_value": {"return_description": ["The index of the first element for which predicate returns true. If no elements in the collection satisfy the given predicate, returns nil."], "return_name": [""], "return_type": [""]}, "method_name": "firstIndex", "params": [{"param_name": ["where", "predicate"], "param_type": "(Element) throws -> Bool", "param_description": "A closure that takes an element as its argument and returns a Boolean value that indicates whether the passed element represents a match."}], "method_description": "Returns the first index in which an element of the collection satisfies the given predicate.", "class_name": "EmptyCollection"}, {"return_value": {"return_description": [], "return_name": [""], "return_type": ["Void rethrows"]}, "method_name": "forEach", "params": [{"param_name": ["body"], "param_type": "(Element) throws -> Void", "param_description": "A closure that takes an element of the sequence as a parameter."}], "method_description": "Calls the given closure on each element in the sequence in the same order as a for-in loop.", "class_name": "EmptyCollection"}, {"return_value": {"return_description": [], "return_name": [], "return_type": []}, "method_name": "formIndex", "params": [{"param_name": ["i"], "param_type": "inout Int", "param_description": "A valid index of the collection."}, {"param_name": ["offsetBy", "distance"], "param_type": "Int", "param_description": "The distance to offset i. distance must not be negative unless the collection conforms to the BidirectionalCollection protocol."}], "method_description": "Offsets the given index by the specified distance.", "class_name": "EmptyCollection"}, {"return_value": {"return_description": ["true if i has been offset by exactly distance steps without going beyond limit; otherwise, false. When the return value is false, the value of i is equal to limit."], "return_name": [""], "return_type": ["Bool"]}, "method_name": "formIndex", "params": [{"param_name": ["i"], "param_type": "inout Int", "param_description": "A valid index of the collection."}, {"param_name": ["offsetBy", "distance"], "param_type": "Int", "param_description": "The distance to offset i. distance must not be negative unless the collection conforms to the BidirectionalCollection protocol."}, {"param_name": ["limitedBy", "limit"], "param_type": "Int", "param_description": "A valid index of the collection to use as a limit. If distance > 0, a limit that is less than i has no effect. Likewise, if distance < 0, a limit that is greater than i has no effect."}], "method_description": "Offsets the given index by the specified distance, or so that it equals the given limiting index.", "class_name": "EmptyCollection"}, {"return_value": {"return_description": [], "return_name": [], "return_type": []}, "method_name": "formIndex", "params": [{"param_name": ["after", "i"], "param_type": "inout Int", "param_description": "A valid index of the collection. i must be less than endIndex."}], "method_description": "Replaces the given index with its successor.", "class_name": "EmptyCollection"}, {"return_value": {"return_description": [], "return_name": [], "return_type": []}, "method_name": "formIndex", "params": [{"param_name": ["before", "i"], "param_type": "inout Int", "param_description": "A valid index of the collection. i must be greater than startIndex."}], "method_description": "Replaces the given index with its predecessor.", "class_name": "EmptyCollection"}, {"return_value": {"return_description": [], "return_name": [""], "return_type": ["EmptyCollection<Element>.Index"]}, "method_name": "index", "params": [{"param_name": ["i"], "param_type": "EmptyCollection<Element>.Index", "param_description": ""}, {"param_name": ["offsetBy", "n"], "param_type": "Int", "param_description": ""}], "method_description": "", "class_name": "EmptyCollection"}, {"return_value": {"return_description": [], "return_name": [""], "return_type": ["EmptyCollection<Element>.Index"]}, "method_name": "index", "params": [{"param_name": ["i"], "param_type": "EmptyCollection<Element>.Index", "param_description": ""}, {"param_name": ["offsetBy", "n"], "param_type": "Int", "param_description": ""}, {"param_name": ["limitedBy", "limit"], "param_type": "EmptyCollection<Element>.Index", "param_description": ""}], "method_description": "", "class_name": "EmptyCollection"}, {"return_value": {"return_description": [], "return_name": [""], "return_type": ["EmptyCollection<Element>.Index"]}, "method_name": "index", "params": [{"param_name": ["after", "i"], "param_type": "EmptyCollection<Element>.Index", "param_description": ""}], "method_description": "Always traps.", "class_name": "EmptyCollection"}, {"return_value": {"return_description": [], "return_name": [""], "return_type": ["EmptyCollection<Element>.Index"]}, "method_name": "index", "params": [{"param_name": ["before", "i"], "param_type": "EmptyCollection<Element>.Index", "param_description": ""}], "method_description": "Always traps.", "class_name": "EmptyCollection"}, {"return_value": {"return_description": ["A flattened view of the elements of this sequence of sequences."], "return_name": [""], "return_type": ["FlattenSequence<EmptyCollection<Element>>"]}, "method_name": "joined", "params": [], "method_description": "Returns the elements of this sequence of sequences, concatenated.", "class_name": "EmptyCollection"}, {"return_value": {"return_description": ["The joined sequence of elements."], "return_name": [""], "return_type": ["JoinedSequence<EmptyCollection<Element>>"]}, "method_name": "joined", "params": [{"param_name": ["separator"], "param_type": "Separator", "param_description": "A sequence to insert between each of this sequence\u2019s elements."}], "method_description": "Returns the concatenated elements of this sequence of sequences, inserting the given separator between each element.", "class_name": "EmptyCollection"}, {"return_value": {"return_description": ["A single, concatenated string."], "return_name": [""], "return_type": ["String"]}, "method_name": "joined", "params": [{"param_name": ["separator"], "param_type": "String = \"\"", "param_description": "A string to insert between each of the elements in this sequence. The default separator is an empty string."}], "method_description": "Returns a new string by concatenating the elements of the sequence, adding the given separator between each element.", "class_name": "EmptyCollection"}, {"return_value": {"return_description": ["A single, concatenated string."], "return_name": [""], "return_type": ["String"]}, "method_name": "joined", "params": [{"param_name": ["separator"], "param_type": "String = \"\"", "param_description": "A string to insert between each of the elements in this sequence. The default separator is an empty string."}], "method_description": "Returns a new string by concatenating the elements of the sequence, adding the given separator between each element.", "class_name": "EmptyCollection"}, {"return_value": {"return_description": ["The last element of the sequence that satisfies predicate, or nil if there is no element that satisfies predicate."], "return_name": [""], "return_type": [""]}, "method_name": "last", "params": [{"param_name": ["where", "predicate"], "param_type": "(Element) throws -> Bool", "param_description": "A closure that takes an element of the sequence as its argument and returns a Boolean value indicating whether the element is a match."}], "method_description": "Returns the last element of the sequence that satisfies the given predicate.", "class_name": "EmptyCollection"}, {"return_value": {"return_description": ["The last index where element is found. If element is not found in the collection, this method returns nil."], "return_name": [""], "return_type": ["Int"]}, "method_name": "lastIndex", "params": [{"param_name": ["of", "element"], "param_type": "Element", "param_description": "An element to search for in the collection."}], "method_description": "Returns the last index where the specified value appears in the collection.", "class_name": "EmptyCollection"}, {"return_value": {"return_description": ["The index of the last element in the collection that matches predicate, or nil if no elements match."], "return_name": [""], "return_type": [""]}, "method_name": "lastIndex", "params": [{"param_name": ["where", "predicate"], "param_type": "(Element) throws -> Bool", "param_description": "A closure that takes an element as its argument and returns a Boolean value that indicates whether the passed element represents a match."}], "method_description": "Returns the index of the last element in the collection that matches the given predicate.", "class_name": "EmptyCollection"}, {"return_value": {"return_description": ["true if this sequence precedes other in a dictionary ordering; otherwise, false."], "return_name": [""], "return_type": ["Bool"]}, "method_name": "lexicographicallyPrecedes", "params": [{"param_name": ["other"], "param_type": "OtherSequence", "param_description": "A sequence to compare to this sequence."}], "method_description": "Returns a Boolean value indicating whether the sequence precedes another sequence in a lexicographical (dictionary) ordering, using the less-than operator (<) to compare elements.", "class_name": "EmptyCollection"}, {"return_value": {"return_description": ["true if this sequence precedes other in a dictionary ordering as ordered by areInIncreasingOrder; otherwise, false."], "return_name": [""], "return_type": ["Bool"]}, "method_name": "lexicographicallyPrecedes", "params": [{"param_name": ["other"], "param_type": "Sequence", "param_description": "A sequence to compare to this sequence."}, {"param_name": ["by", "areInIncreasingOrder"], "param_type": "(Element, Element) throws -> Bool", "param_description": "A predicate that returns true if its first argument should be ordered before its second argument; otherwise, false."}], "method_description": "Returns a Boolean value indicating whether the sequence precedes another sequence in a lexicographical (dictionary) ordering, using the given predicate to compare elements.", "class_name": "EmptyCollection"}, {"return_value": {"return_description": [], "return_name": [""], "return_type": ["EmptyCollection<Element>.Iterator"]}, "method_name": "makeIterator", "params": [], "method_description": "Returns an empty iterator.", "class_name": "EmptyCollection"}, {"return_value": {"return_description": ["An array containing the transformed elements of this sequence."], "return_name": [""], "return_type": ["[T]"]}, "method_name": "map", "params": [{"param_name": ["transform"], "param_type": "(Element) throws -> T", "param_description": "A mapping closure. transform accepts an element of this sequence as its parameter and returns a transformed value of the same or of a different type."}], "method_description": "Returns an array containing the results of mapping the given closure over the sequence\u2019s elements.", "class_name": "EmptyCollection"}, {"return_value": {"return_description": ["An array containing the transformed elements of this sequence."], "return_name": [""], "return_type": ["[T]"]}, "method_name": "map", "params": [{"param_name": ["transform"], "param_type": "(Element) throws -> T", "param_description": "A mapping closure. transform accepts an element of this sequence as its parameter and returns a transformed value of the same or of a different type."}], "method_description": "Returns an array containing the results of mapping the given closure over the sequence\u2019s elements.", "class_name": "EmptyCollection"}, {"return_value": {"return_description": ["The sequence\u2019s maximum element. If the sequence has no elements, returns nil."], "return_name": [""], "return_type": ["Element"]}, "method_name": "max", "params": [], "method_description": "Returns the maximum element in the sequence.", "class_name": "EmptyCollection"}, {"return_value": {"return_description": ["The sequence\u2019s maximum element if the sequence is not empty; otherwise, nil."], "return_name": [""], "return_type": ["Element"]}, "method_name": "max", "params": [{"param_name": ["by", "areInIncreasingOrder"], "param_type": "(Element, Element) throws -> Bool", "param_description": "A predicate that returns true if its first argument should be ordered before its second argument; otherwise, false."}], "method_description": "Returns the maximum element in the sequence, using the given predicate as the comparison between elements.", "class_name": "EmptyCollection"}, {"return_value": {"return_description": ["The sequence\u2019s minimum element. If the sequence has no elements, returns nil."], "return_name": [""], "return_type": ["Element"]}, "method_name": "min", "params": [], "method_description": "Returns the minimum element in the sequence.", "class_name": "EmptyCollection"}, {"return_value": {"return_description": ["The sequence\u2019s minimum element, according to areInIncreasingOrder. If the sequence has no elements, returns nil."], "return_name": [""], "return_type": ["Element"]}, "method_name": "min", "params": [{"param_name": ["by", "areInIncreasingOrder"], "param_type": "(Element, Element) throws -> Bool", "param_description": "A predicate that returns true if its first argument should be ordered before its second argument; otherwise, false."}], "method_description": "Returns the minimum element in the sequence, using the given predicate as the comparison between elements.", "class_name": "EmptyCollection"}, {"return_value": {"return_description": ["The index of the first element in the reordered collection that matches belongsInSecondPartition. If no elements in the collection match belongsInSecondPartition, the returned index is equal to the collection\u2019s endIndex."], "return_name": [""], "return_type": ["Int"]}, "method_name": "partition", "params": [{"param_name": ["by", "belongsInSecondPartition"], "param_type": "(Element) throws -> Bool", "param_description": "A predicate used to partition the collection. All elements satisfying this predicate are ordered after all elements not satisfying it."}], "method_description": "Reorders the elements of the collection such that all the elements that match the given predicate are after all the elements that don\u2019t match.", "class_name": "EmptyCollection"}, {"return_value": {"return_description": ["The index of the first element in the reordered collection that matches belongsInSecondPartition. If no elements in the collection match belongsInSecondPartition, the returned index is equal to the collection\u2019s endIndex."], "return_name": [""], "return_type": ["Int"]}, "method_name": "partition", "params": [{"param_name": ["by", "belongsInSecondPartition"], "param_type": "(Element) throws -> Bool", "param_description": "A predicate used to partition the collection. All elements satisfying this predicate are ordered after all elements not satisfying it."}], "method_description": "Reorders the elements of the collection such that all the elements that match the given predicate are after all the elements that don\u2019t match.", "class_name": "EmptyCollection"}, {"return_value": {"return_description": ["The first element of the collection if the collection is not empty; otherwise, nil."], "return_name": [""], "return_type": ["Element"]}, "method_name": "popFirst", "params": [], "method_description": "Removes and returns the first element of the collection.", "class_name": "EmptyCollection"}, {"return_value": {"return_description": ["The last element of the collection if the collection has one or more elements; otherwise, nil."], "return_name": [""], "return_type": ["Element"]}, "method_name": "popLast", "params": [], "method_description": "Removes and returns the last element of the collection.", "class_name": "EmptyCollection"}, {"return_value": {"return_description": ["A subsequence starting at the beginning of this collection with at most maxLength elements."], "return_name": [""], "return_type": ["EmptyCollection<Element>"]}, "method_name": "prefix", "params": [{"param_name": ["maxLength"], "param_type": "Int", "param_description": "The maximum number of elements to return. maxLength must be greater than or equal to zero."}], "method_description": "Returns a subsequence, up to the specified maximum length, containing the initial elements of the collection.", "class_name": "EmptyCollection"}, {"return_value": {"return_description": ["A subsequence up to, and including, the end position."], "return_name": [""], "return_type": ["EmptyCollection<Element>"]}, "method_name": "prefix", "params": [{"param_name": ["through", "position"], "param_type": "Int", "param_description": ""}], "method_description": "Returns a subsequence from the start of the collection through the specified position.", "class_name": "EmptyCollection"}, {"return_value": {"return_description": ["A subsequence up to, but not including, the end position."], "return_name": [""], "return_type": ["EmptyCollection<Element>"]}, "method_name": "prefix", "params": [{"param_name": ["upTo", "end"], "param_type": "Int", "param_description": "The \u201cpast the end\u201d index of the resulting subsequence. end must be a valid index of the collection."}], "method_description": "Returns a subsequence from the start of the collection up to, but not including, the specified position.", "class_name": "EmptyCollection"}, {"return_value": {"return_description": [], "return_name": [""], "return_type": ["EmptyCollection<Element>"]}, "method_name": "prefix", "params": [{"param_name": ["while", "predicate"], "param_type": "(Element) throws -> Bool", "param_description": "A closure that takes an element of the sequence as its argument and returns true if the element should be included or false if it should be excluded. Once the predicate returns false it will not be called again."}], "method_description": "Returns a subsequence containing the initial elements until predicate returns false and skipping the remaining elements.", "class_name": "EmptyCollection"}, {"return_value": {"return_description": ["A random element from the collection. If the collection is empty, the method returns nil."], "return_name": [""], "return_type": ["Element"]}, "method_name": "randomElement", "params": [], "method_description": "Returns a random element of the collection.", "class_name": "EmptyCollection"}, {"return_value": {"return_description": ["A random element from the collection. If the collection is empty, the method returns nil."], "return_name": [""], "return_type": ["Element"]}, "method_name": "randomElement", "params": [{"param_name": ["using", "generator"], "param_type": "inout T", "param_description": "The random number generator to use when choosing a random element."}], "method_description": "Returns a random element of the collection, using the given generator as a source for randomness.", "class_name": "EmptyCollection"}, {"return_value": {"return_description": ["The final accumulated value. If the sequence has no elements, the result is initialResult."], "return_name": [""], "return_type": ["Result"]}, "method_name": "reduce", "params": [{"param_name": ["initialResult"], "param_type": "Result", "param_description": "The value to use as the initial accumulating value. initialResult is passed to nextPartialResult the first time the closure is executed."}, {"param_name": ["nextPartialResult"], "param_type": "(Result, Element) throws -> Result", "param_description": "A closure that combines an accumulating value and an element of the sequence into a new accumulating value, to be used in the next call of the nextPartialResult closure or returned to the caller."}], "method_description": "Returns the result of combining the elements of the sequence using the given closure.", "class_name": "EmptyCollection"}, {"return_value": {"return_description": ["The first element of the collection."], "return_name": [""], "return_type": ["Element"]}, "method_name": "removeFirst", "params": [], "method_description": "Removes and returns the first element of the collection.", "class_name": "EmptyCollection"}, {"return_value": {"return_description": [], "return_name": [], "return_type": []}, "method_name": "removeFirst", "params": [{"param_name": ["k"], "param_type": "Int", "param_description": "The number of elements to remove. k must be greater than or equal to zero, and must be less than or equal to the number of elements in the collection."}], "method_description": "Removes the specified number of elements from the beginning of the collection.", "class_name": "EmptyCollection"}, {"return_value": {"return_description": ["The last element of the collection."], "return_name": [""], "return_type": ["Element"]}, "method_name": "removeLast", "params": [], "method_description": "Removes and returns the last element of the collection.", "class_name": "EmptyCollection"}, {"return_value": {"return_description": [], "return_name": [], "return_type": []}, "method_name": "removeLast", "params": [{"param_name": ["k"], "param_type": "Int", "param_description": "The number of elements to remove. k must be greater than or equal to zero, and must be less than or equal to the number of elements in the collection."}], "method_description": "Removes the given number of elements from the end of the collection.", "class_name": "EmptyCollection"}, {"return_value": {"return_description": [], "return_name": [], "return_type": []}, "method_name": "reverse", "params": [], "method_description": "Reverses the elements of the collection in place.", "class_name": "EmptyCollection"}, {"return_value": {"return_description": [], "return_name": [""], "return_type": ["ReversedCollection<EmptyCollection<Element>>"]}, "method_name": "reversed", "params": [], "method_description": "Returns a view presenting the elements of the collection in reverse order.", "class_name": "EmptyCollection"}, {"return_value": {"return_description": [], "return_name": [], "return_type": []}, "method_name": "shuffle", "params": [], "method_description": "Shuffles the collection in place.", "class_name": "EmptyCollection"}, {"return_value": {"return_description": [], "return_name": [], "return_type": []}, "method_name": "shuffle", "params": [{"param_name": ["using", "generator"], "param_type": "inout T", "param_description": "The random number generator to use when shuffling the collection."}], "method_description": "Shuffles the collection in place, using the given generator as a source for randomness.", "class_name": "EmptyCollection"}, {"return_value": {"return_description": ["A shuffled array of this sequence\u2019s elements."], "return_name": [""], "return_type": ["[Element]"]}, "method_name": "shuffled", "params": [], "method_description": "Returns the elements of the sequence, shuffled.", "class_name": "EmptyCollection"}, {"return_value": {"return_description": ["An array of this sequence\u2019s elements in a shuffled order."], "return_name": [""], "return_type": ["[Element]"]}, "method_name": "shuffled", "params": [{"param_name": ["using", "generator"], "param_type": "inout T", "param_description": "The random number generator to use when shuffling the sequence."}], "method_description": "Returns the elements of the sequence, shuffled using the given generator as a source for randomness.", "class_name": "EmptyCollection"}, {"return_value": {"return_description": [], "return_name": [], "return_type": []}, "method_name": "sort", "params": [], "method_description": "Sorts the collection in place.", "class_name": "EmptyCollection"}, {"return_value": {"return_description": [], "return_name": [""], "return_type": ["Bool rethrows"]}, "method_name": "sort", "params": [{"param_name": ["by", "areInIncreasingOrder"], "param_type": "(Element, Element) throws -> Bool", "param_description": "A predicate that returns true if its first argument should be ordered before its second argument; otherwise, false. If areInIncreasingOrder throws an error during the sort, the elements may be in a different order, but none will be lost."}], "method_description": "Sorts the collection in place, using the given predicate as the comparison between elements.", "class_name": "EmptyCollection"}, {"return_value": {"return_description": ["A sorted array of the sequence\u2019s elements."], "return_name": [""], "return_type": ["[Element]"]}, "method_name": "sorted", "params": [], "method_description": "Returns the elements of the sequence, sorted.", "class_name": "EmptyCollection"}, {"return_value": {"return_description": ["A sorted array of the sequence\u2019s elements."], "return_name": [""], "return_type": ["[Element]"]}, "method_name": "sorted", "params": [{"param_name": ["by", "areInIncreasingOrder"], "param_type": "(Element, Element) throws -> Bool", "param_description": "A predicate that returns true if its first argument should be ordered before its second argument; otherwise, false."}], "method_description": "Returns the elements of the sequence, sorted using the given predicate as the comparison between elements.", "class_name": "EmptyCollection"}, {"return_value": {"return_description": ["An array of subsequences, split from this collection\u2019s elements."], "return_name": [""], "return_type": [""]}, "method_name": "split", "params": [{"param_name": ["maxSplits"], "param_type": "Int", "param_description": "The maximum number of times to split the collection, or one less than the number of subsequences to return. If maxSplits + 1 subsequences are returned, the last one is a suffix of the original collection containing the remaining elements. maxSplits must be greater than or equal to zero. The default value is Int.max."}, {"param_name": ["omittingEmptySubsequences"], "param_type": "Bool", "param_description": "If false, an empty subsequence is returned in the result for each pair of consecutive elements satisfying the isSeparator predicate and for each element at the start or end of the collection satisfying the isSeparator predicate. The default value is true."}, {"param_name": ["whereSeparator", "isSeparator"], "param_type": "(Element) throws -> Bool", "param_description": "A closure that takes an element as an argument and returns a Boolean value indicating whether the collection should be split at that element."}], "method_description": "Returns the longest possible subsequences of the collection, in order, that don\u2019t contain elements satisfying the given predicate.", "class_name": "EmptyCollection"}, {"return_value": {"return_description": ["An array of subsequences, split from this collection\u2019s elements."], "return_name": [""], "return_type": ["[EmptyCollection<Element>]"]}, "method_name": "split", "params": [{"param_name": ["separator"], "param_type": "Element", "param_description": "The element that should be split upon."}, {"param_name": ["maxSplits"], "param_type": "Int", "param_description": "The maximum number of times to split the collection, or one less than the number of subsequences to return. If maxSplits + 1 subsequences are returned, the last one is a suffix of the original collection containing the remaining elements. maxSplits must be greater than or equal to zero. The default value is Int.max."}, {"param_name": ["omittingEmptySubsequences"], "param_type": "Bool = true", "param_description": "If false, an empty subsequence is returned in the result for each consecutive pair of separator elements in the collection and for each instance of separator at the start or end of the collection. If true, only nonempty subsequences are returned. The default value is true."}], "method_description": "Returns the longest possible subsequences of the collection, in order, around elements equal to the given element.", "class_name": "EmptyCollection"}, {"return_value": {"return_description": ["true if the initial elements of the sequence are the same as the elements of possiblePrefix; otherwise, false. If possiblePrefix has no elements, the return value is true."], "return_name": [""], "return_type": ["Bool"]}, "method_name": "starts", "params": [{"param_name": ["with", "possiblePrefix"], "param_type": "PossiblePrefix", "param_description": "A sequence to compare to this sequence."}], "method_description": "Returns a Boolean value indicating whether the initial elements of the sequence are the same as the elements in another sequence.", "class_name": "EmptyCollection"}, {"return_value": {"return_description": ["true if the initial elements of the sequence are equivalent to the elements of possiblePrefix; otherwise, false. If possiblePrefix has no elements, the return value is true."], "return_name": [""], "return_type": ["Bool"]}, "method_name": "starts", "params": [{"param_name": ["with", "possiblePrefix"], "param_type": "Sequence", "param_description": "A sequence to compare to this sequence."}, {"param_name": ["by", "areEquivalent"], "param_type": "(Element, PossiblePrefix.Element) throws -> Bool", "param_description": "A predicate that returns true if its two arguments are equivalent; otherwise, false."}], "method_description": "Returns a Boolean value indicating whether the initial elements of the sequence are equivalent to the elements in another sequence, using the given predicate as the equivalence test.", "class_name": "EmptyCollection"}, {"return_value": {"return_description": ["A subsequence terminating at the end of the collection with at most maxLength elements."], "return_name": [""], "return_type": ["EmptyCollection<Element>"]}, "method_name": "suffix", "params": [{"param_name": ["maxLength"], "param_type": "Int", "param_description": "The maximum number of elements to return. maxLength must be greater than or equal to zero."}], "method_description": "Returns a subsequence, up to the given maximum length, containing the final elements of the collection.", "class_name": "EmptyCollection"}, {"return_value": {"return_description": ["A subsequence starting at the start position."], "return_name": [""], "return_type": ["EmptyCollection<Element>"]}, "method_name": "suffix", "params": [{"param_name": ["from", "start"], "param_type": "Int", "param_description": "The index at which to start the resulting subsequence. start must be a valid index of the collection."}], "method_description": "Returns a subsequence from the specified position to the end of the collection.", "class_name": "EmptyCollection"}, {"return_value": {"return_description": [], "return_name": [], "return_type": []}, "method_name": "swapAt", "params": [{"param_name": ["i"], "param_type": "Int", "param_description": "The index of the first value to swap."}, {"param_name": ["j"], "param_type": "Int", "param_description": "The index of the second value to swap."}], "method_description": "Exchanges the values at the specified indices of the collection.", "class_name": "EmptyCollection"}, {"return_value": {"return_description": [], "return_name": [""], "return_type": ["Bool"]}, "method_name": "!=", "params": [{"param_name": ["lhs"], "param_type": "EmptyCollection<Element>", "param_description": "A value to compare."}, {"param_name": ["rhs"], "param_type": "EmptyCollection<Element>", "param_description": "Another value to compare."}], "method_description": "Returns a Boolean value indicating whether two values are not equal.", "class_name": "EmptyCollection"}, {"return_value": {"return_description": [], "return_name": [""], "return_type": ["Bool"]}, "method_name": "==", "params": [{"param_name": ["lhs"], "param_type": "EmptyCollection<Element>", "param_description": ""}, {"param_name": ["rhs"], "param_type": "EmptyCollection<Element>", "param_description": ""}], "method_description": "", "class_name": "EmptyCollection"}], "Vars": [{"var_name": "count", "var_type": "Int", "var_description": "The number of elements (always zero)."}, {"var_name": "count", "var_type": "Int", "var_description": "The number of elements (always zero)."}, {"var_name": "endIndex", "var_type": "EmptyCollection<Element>.Index", "var_description": "Always zero, just like startIndex."}, {"var_name": "first", "var_type": "Element", "var_description": "The first element of the collection."}, {"var_name": "indices", "var_type": "Range<Int>", "var_description": "The indices that are valid for subscripting the collection, in ascending order."}, {"var_name": "isEmpty", "var_type": "Bool", "var_description": "A Boolean value indicating whether the collection is empty."}, {"var_name": "last", "var_type": "Element", "var_description": "The last element of the collection."}, {"var_name": "lazy", "var_type": "LazySequence<EmptyCollection<Element>>", "var_description": "A sequence containing the same elements as this sequence, but on which some operations, such as map and filter, are implemented lazily."}, {"var_name": "startIndex", "var_type": "EmptyCollection<Element>.Index", "var_description": "Always zero, just like endIndex."}, {"var_name": "underestimatedCount", "var_type": "Int", "var_description": "A value less than or equal to the number of elements in the collection."}, {"var_name": "underestimatedCount", "var_type": "Int", "var_description": "A value less than or equal to the number of elements in the collection."}], "subclass_list": [], "class_description": "", "package_name": "swift", "class_name": "EmptyCollection"}