{"Methods": [{"params": [{"param_description": "An output parameter. If overridden, this parameter should contain the object created from the provided string.", "param_name": ["obj"], "param_type": "AutoreleasingUnsafeMutablePointer<AnyObject>"}, {"param_description": "A string representation of the object.", "param_name": ["for", "string"], "param_type": "String"}, {"param_description": "An output parameter. If overridden, this parameter should contain a description of any errors that occur. If you do not want to receive error messages, set this parameter to NULL.", "param_name": ["errorDescription", "error"], "param_type": "AutoreleasingUnsafeMutablePointer<NSString>"}], "method_name": "getObjectValue", "is_static": false, "class_name": "EnergyFormatter", "method_description": "This method is not supported for the NSEnergyFormatter class. ", "return_value": {"return_name": [""], "return_description": ["true if the conversion from string was successful; otherwise, false."], "return_type": ["Bool"]}}, {"params": [{"param_description": "The energy value in joules.", "param_name": ["fromJoules", "numberInJoules"], "param_type": "Double"}], "method_name": "string", "is_static": false, "class_name": "EnergyFormatter", "method_description": "Returns an energy string for the provided value.", "return_value": {"return_name": [""], "return_description": ["A string that combines a value and a unit string appropriate for the formatter\u2019s locale."], "return_type": ["String"]}}, {"params": [{"param_description": "The energy value in the given unit.", "param_name": ["fromValue", "value"], "param_type": "Double"}, {"param_description": "The unit used in the resulting energy string.", "param_name": ["unit"], "param_type": "EnergyFormatter.Unit"}], "method_name": "string", "is_static": false, "class_name": "EnergyFormatter", "method_description": "Returns a properly formatted energy string for the given value and unit.", "return_value": {"return_name": [""], "return_description": ["A localized string that combines the provided value and unit."], "return_type": ["String"]}}, {"params": [{"param_description": "The energy value in joules.", "param_name": ["fromJoules", "numberInJoules"], "param_type": "Double"}, {"param_description": "An output parameter. This will hold the EnergyFormatter.Unit value that corresponds to the returned units.", "param_name": ["usedUnit", "unitp"], "param_type": "UnsafeMutablePointer<EnergyFormatter.Unit>"}], "method_name": "unitString", "is_static": false, "class_name": "EnergyFormatter", "method_description": "Returns the unit string for the provided value.", "return_value": {"return_name": [""], "return_description": ["A localized string representing the unit."], "return_type": ["String"]}}, {"params": [{"param_description": "The energy value in the provided unit.", "param_name": ["fromValue", "value"], "param_type": "Double"}, {"param_description": "The unit to use in the resulting energy string.", "param_name": ["unit"], "param_type": "EnergyFormatter.Unit"}], "method_name": "unitString", "is_static": false, "class_name": "EnergyFormatter", "method_description": "Returns the unit string based on the provided value and unit.", "return_value": {"return_name": [""], "return_description": ["A localized string representing the given unit. The provided value determines whether the unit is plural or singular."], "return_type": ["String"]}}], "Vars": [{"var_type": "Bool", "var_description": "A Boolean value that indicates whether the energy value is used to measure food energy.", "var_name": "isForFoodEnergyUse"}, {"var_type": "NumberFormatter!", "var_description": "The number formatter used to format the numbers in energy strings.", "var_name": "numberFormatter"}, {"var_type": "Formatter.UnitStyle", "var_description": "The unit style used by this formatter.", "var_name": "unitStyle"}], "interface_list": ["CVarArg", "Equatable", "Hashable"], "package_name": "foundation", "subclass_list": [], "class_name": "EnergyFormatter", "class_description": "Note\nAs of iOS 10, macOS 10.12, tvOS 10, and watchOS 3, Foundation provides the MeasurementFormatter class, which can be used to represent quantities of UnitEnergy to provide equivalent functionality to EnergyFormatter. You are encouraged to transition to these new Foundation Units and Measurements APIs whenever possible.\n", "class_inherit_list": ["Formatter"]}