{"Methods": [{"params": [{"param_description": "An initial value for the structure composed as the bitwise OR of zero or more of the valid values.", "param_name": ["rawValue"], "param_type": "UInt"}], "method_name": "init", "is_static": false, "class_name": "FileManager.DirectoryEnumerationOptions", "method_description": "Creates a directory enumeration options value.", "return_value": {"return_name": [], "return_description": [], "return_type": []}}], "Vars": [{"var_type": "FileManager.DirectoryEnumerationOptions", "var_description": "An option to perform a shallow enumeration that doesn\u2019t descend into directories.", "var_name": "skipsSubdirectoryDescendants"}, {"var_type": "FileManager.DirectoryEnumerationOptions", "var_description": "An option to treat packages like files and not descend into their contents.", "var_name": "skipsPackageDescendants"}, {"var_type": "FileManager.DirectoryEnumerationOptions", "var_description": "An option to skip hidden files.", "var_name": "skipsHiddenFiles"}], "interface_list": ["OptionSet"], "package_name": "foundation", "subclass_list": [], "class_name": "FileManager.DirectoryEnumerationOptions", "class_description": "These options are used with the contentsOfDirectory(at:includingPropertiesForKeys:options:) method.\n", "class_inherit_list": []}