{"Methods": [{"params": [{"param_description": "The string value representing the file attribute type.", "param_name": ["rawValue"], "param_type": "String"}], "method_name": "init", "is_static": false, "class_name": "FileAttributeType", "method_description": "Creates a file attribute type value.", "return_value": {"return_name": [], "return_description": [], "return_type": []}}], "Vars": [{"var_type": "FileAttributeType", "var_description": "A block special file.", "var_name": "typeBlockSpecial"}, {"var_type": "FileAttributeType", "var_description": "A character special file.", "var_name": "typeCharacterSpecial"}, {"var_type": "FileAttributeType", "var_description": "A directory.", "var_name": "typeDirectory"}, {"var_type": "FileAttributeType", "var_description": "A regular file.", "var_name": "typeRegular"}, {"var_type": "FileAttributeType", "var_description": "A socket.", "var_name": "typeSocket"}, {"var_type": "FileAttributeType", "var_description": "A symbolic link.", "var_name": "typeSymbolicLink"}, {"var_type": "FileAttributeType", "var_description": "A file whose type is unknown.", "var_name": "typeUnknown"}], "interface_list": ["Equatable", "Hashable", "RawRepresentable"], "package_name": "foundation", "subclass_list": [], "class_name": "FileAttributeType", "class_description": "These strings are the possible values for the type attribute key contained in the dictionary object returned by attributesOfItem(atPath:).\n", "class_inherit_list": []}