{"Methods": [{"params": [{"param_description": "The string value representing the file protection type.", "param_name": ["rawValue"], "param_type": "String"}], "method_name": "init", "is_static": false, "class_name": "FileProtectionType", "method_description": "Creates a file protection type value.", "return_value": {"return_name": [], "return_description": [], "return_type": []}}], "Vars": [{"var_type": "FileProtectionType", "var_description": "The file is stored in an encrypted format on disk and cannot be read from or written to while the device is locked or booting.", "var_name": "complete"}, {"var_type": "FileProtectionType", "var_description": "The file is stored in an encrypted format on disk after it is closed.", "var_name": "completeUnlessOpen"}, {"var_type": "FileProtectionType", "var_description": "The file is stored in an encrypted format on disk and cannot be accessed until after the device has booted.", "var_name": "completeUntilFirstUserAuthentication"}, {"var_type": "FileProtectionType", "var_description": "The file has no special protections associated with it.", "var_name": "none"}], "interface_list": ["Equatable", "Hashable", "RawRepresentable"], "package_name": "foundation", "subclass_list": [], "class_name": "FileProtectionType", "class_description": "These values are associated with the FileAttributeKey key protectionKey.\n", "class_inherit_list": []}