{"Methods": [{"params": [{"param_description": "", "param_name": ["rawValue"], "param_type": "UInt"}], "method_name": "init", "is_static": false, "class_name": "FileManager.UnmountOptions", "method_description": "Creates an unmount option set from the given raw value.", "return_value": {"return_name": [], "return_description": [], "return_type": []}}], "Vars": [{"var_type": "FileManager.UnmountOptions", "var_description": "Specifies that all partitions on an unmountable disk should be unmounted.", "var_name": "allPartitionsAndEjectDisk"}, {"var_type": "FileManager.UnmountOptions", "var_description": "Specifies that no UI should accompany the unmount operation.", "var_name": "withoutUI"}], "interface_list": ["OptionSet"], "package_name": "foundation", "subclass_list": [], "class_name": "FileManager.UnmountOptions", "class_description": "", "class_inherit_list": []}