{"Methods": [{"params": [{"param_description": "An initial value for the structure composed as the bitwise OR of zero or more of the valid values.", "param_name": ["rawValue"], "param_type": "UInt"}], "method_name": "init", "is_static": false, "class_name": "FileManager.SearchPathDomainMask", "method_description": "Creates a search path domain mask.", "return_value": {"return_name": [], "return_description": [], "return_type": []}}], "Vars": [{"var_type": "FileManager.SearchPathDomainMask", "var_description": "The user\u2019s home directory\u2014the place to install user\u2019s personal items (~).", "var_name": "userDomainMask"}, {"var_type": "FileManager.SearchPathDomainMask", "var_description": "The place to install items available to everyone on this machine.", "var_name": "localDomainMask"}, {"var_type": "FileManager.SearchPathDomainMask", "var_description": "The place to install items available on the network (/Network).", "var_name": "networkDomainMask"}, {"var_type": "FileManager.SearchPathDomainMask", "var_description": "A directory for system files provided by Apple (/System) .", "var_name": "systemDomainMask"}, {"var_type": "FileManager.SearchPathDomainMask", "var_description": "All domains. ", "var_name": "allDomainsMask"}], "interface_list": ["OptionSet"], "package_name": "foundation", "subclass_list": [], "class_name": "FileManager.SearchPathDomainMask", "class_description": "These constants are used by the urls(for:in:) and url(for:in:appropriateFor:create:) methods of FileManager.\n", "class_inherit_list": []}