{"Methods": [{"params": [{"param_description": "An initial value for the structure composed as the bitwise OR of zero or more of the valid values.", "param_name": ["rawValue"], "param_type": "UInt"}], "method_name": "init", "is_static": false, "class_name": "FileManager.VolumeEnumerationOptions", "method_description": "Create a volume enumeration options value.", "return_value": {"return_name": [], "return_description": [], "return_type": []}}], "Vars": [{"var_type": "FileManager.VolumeEnumerationOptions", "var_description": "The enumeration skips hidden volumes.", "var_name": "skipHiddenVolumes"}, {"var_type": "FileManager.VolumeEnumerationOptions", "var_description": "The enumeration produces file reference URLs rather than path-based URLs.", "var_name": "produceFileReferenceURLs"}], "interface_list": ["OptionSet"], "package_name": "foundation", "subclass_list": [], "class_name": "FileManager.VolumeEnumerationOptions", "class_description": "", "class_inherit_list": []}