{"Methods": [{"params": [{"param_description": "", "param_name": ["rawValue"], "param_type": "UInt"}], "method_name": "init", "is_static": false, "class_name": "FileWrapper.WritingOptions", "method_description": "", "return_value": {"return_name": [], "return_description": [], "return_type": []}}], "Vars": [{"var_type": "FileWrapper.WritingOptions", "var_description": "Whether writing is done atomically.", "var_name": "atomic"}, {"var_type": "FileWrapper.WritingOptions", "var_description": "Whether descendant file wrappers\u2019filename properties are set if the writing succeeds.", "var_name": "withNameUpdating"}], "interface_list": ["OptionSet"], "package_name": "foundation", "subclass_list": [], "class_name": "FileWrapper.WritingOptions", "class_description": "", "class_inherit_list": []}