{"Methods": [{"params": [{"param_description": "An initial value for the structure composed as the bitwise OR of zero or more of the valid values.", "param_name": ["rawValue"], "param_type": "UInt"}], "method_name": "init", "is_static": false, "class_name": "FileManager.ItemReplacementOptions", "method_description": "Creates a value for a file replacement operation.", "return_value": {"return_name": [], "return_description": [], "return_type": []}}], "Vars": [{"var_type": "FileManager.ItemReplacementOptions", "var_description": "Only metadata from the new item is used, and metadata from the original item isn\u2019t preserved (default).", "var_name": "usingNewMetadataOnly"}, {"var_type": "FileManager.ItemReplacementOptions", "var_description": "The backup item remains in place after a successful replacement.", "var_name": "withoutDeletingBackupItem"}], "interface_list": ["OptionSet"], "package_name": "foundation", "subclass_list": [], "class_name": "FileManager.ItemReplacementOptions", "class_description": "These options are used by replaceItem(at:withItemAt:backupItemName:options:resultingItemURL:).\n", "class_inherit_list": []}