{"Methods": [{"params": [{"param_description": "The path to the file, device, or named socket to access.", "param_name": ["forReadingAtPath", "path"], "param_type": "String"}], "method_name": "init", "is_static": false, "class_name": "FileHandle", "method_description": "Returns a file handle initialized for reading the file, device, or named socket at the specified path.", "return_value": {"return_name": [], "return_description": ["The initialized file handle object or nil if no file exists at path."], "return_type": []}}, {"params": [{"param_description": "The URL of the file, device, or named socket to access.", "param_name": ["forReadingFrom", "url"], "param_type": "URL"}], "method_name": "init", "is_static": false, "class_name": "FileHandle", "method_description": "Returns a file handle initialized for reading the file, device, or named socket at the specified URL.", "return_value": {"return_name": [], "return_description": ["The initialized file handle object or nil if no file exists at url."], "return_type": []}}, {"params": [{"param_description": "The path to the file, device, or named socket to access.", "param_name": ["forWritingAtPath", "path"], "param_type": "String"}], "method_name": "init", "is_static": false, "class_name": "FileHandle", "method_description": "Returns a file handle initialized for writing to the file, device, or named socket at the specified path.", "return_value": {"return_name": [], "return_description": ["The initialized file handle object or nil if no file exists at path."], "return_type": []}}, {"params": [{"param_description": "The URL of the file, device, or named socket to access.", "param_name": ["forWritingTo", "url"], "param_type": "URL"}], "method_name": "init", "is_static": false, "class_name": "FileHandle", "method_description": "Returns a file handle initialized for writing to the file, device, or named socket at the specified URL.", "return_value": {"return_name": [], "return_description": ["The initialized file handle object or nil if no file exists at url."], "return_type": []}}, {"params": [{"param_description": "The path to the file, device, or named socket to access.", "param_name": ["forUpdatingAtPath", "path"], "param_type": "String"}], "method_name": "init", "is_static": false, "class_name": "FileHandle", "method_description": "Returns a file handle initialized for reading and writing to the file, device, or named socket at the specified path.", "return_value": {"return_name": [], "return_description": ["The initialized file handle object or nil if no file exists at path."], "return_type": []}}, {"params": [{"param_description": "The URL of the file, device, or named socket to access.", "param_name": ["forUpdating", "url"], "param_type": "URL"}], "method_name": "init", "is_static": false, "class_name": "FileHandle", "method_description": "Returns a file handle initialized for reading and writing to the file, device, or named socket at the specified URL.", "return_value": {"return_name": [], "return_description": ["The initialized file handle object or nil if no file exists at url."], "return_type": []}}, {"params": [{"param_description": "The POSIX file descriptor with which to initialize the file handle. This descriptor represents an open file or socket that you created previously. For example, when creating a file handle for a socket, you would pass the value returned by the socket function.", "param_name": ["fileDescriptor", "fd"], "param_type": "Int32"}], "method_name": "init", "is_static": false, "class_name": "FileHandle", "method_description": "Initializes and returns a file handle object associated with the specified file descriptor.", "return_value": {"return_name": [], "return_description": ["A file handle initialized with fileDescriptor."], "return_type": []}}, {"params": [{"param_description": "The POSIX file descriptor with which to initialize the file handle.", "param_name": ["fileDescriptor", "fd"], "param_type": "Int32"}, {"param_description": "", "param_name": ["closeOnDealloc", "closeopt"], "param_type": "Bool"}], "method_name": "init", "is_static": false, "class_name": "FileHandle", "method_description": "Initializes and returns a file handle object associated with the specified file descriptor and deallocation policy.", "return_value": {"return_name": [], "return_description": ["An initialized file handle object."], "return_type": []}}, {"params": [], "method_name": "readDataToEndOfFile", "is_static": false, "class_name": "FileHandle", "method_description": "Synchronously reads the available data up to the end of file or maximum number of bytes.", "return_value": {"return_name": [""], "return_description": ["The data available through the receiver up to maximum size that can be represented by an NSData object or, if a communications channel, until an end-of-file indicator is returned."], "return_type": ["Data"]}}, {"params": [{"param_description": "The number of bytes to read from the receiver.", "param_name": ["ofLength", "length"], "param_type": "Int"}], "method_name": "readData", "is_static": false, "class_name": "FileHandle", "method_description": "Synchronously reads data up to the specified number of bytes.", "return_value": {"return_name": [""], "return_description": ["The data available through the receiver up to a maximum of length bytes, or the maximum size that can be represented by an NSData object, whichever is the smaller."], "return_type": ["Data"]}}, {"params": [{"param_description": "The data to be written.", "param_name": ["data"], "param_type": "Data"}], "method_name": "write", "is_static": false, "class_name": "FileHandle", "method_description": "Synchronously writes the specified data to the receiver.", "return_value": {"return_name": [], "return_description": [], "return_type": []}}, {"params": [], "method_name": "acceptConnectionInBackgroundAndNotify", "is_static": false, "class_name": "FileHandle", "method_description": "Accepts a socket connection (for stream-type sockets only) in the background and creates a file handle for the \u201cnear\u201d (client) end of the communications channel.", "return_value": {"return_name": [], "return_description": [], "return_type": []}}, {"params": [{"param_description": "The runloop modes in which the connection accepted notification can be posted.", "param_name": ["forModes", "modes"], "param_type": "[RunLoop.Mode]"}], "method_name": "acceptConnectionInBackgroundAndNotify", "is_static": false, "class_name": "FileHandle", "method_description": "Accepts a socket connection (for stream-type sockets only) in the background and creates a file handle for the \u201cnear\u201d (client) end of the communications channel.", "return_value": {"return_name": [], "return_description": [], "return_type": []}}, {"params": [], "method_name": "readInBackgroundAndNotify", "is_static": false, "class_name": "FileHandle", "method_description": "Reads from the file or communications channel in the background and posts a notification when finished.", "return_value": {"return_name": [], "return_description": [], "return_type": []}}, {"params": [{"param_description": "The runloop modes in which the read completion notification can be posted.", "param_name": ["forModes", "modes"], "param_type": "[RunLoop.Mode]"}], "method_name": "readInBackgroundAndNotify", "is_static": false, "class_name": "FileHandle", "method_description": "Reads from the file or communications channel in the background and posts a notification when finished.", "return_value": {"return_name": [], "return_description": [], "return_type": []}}, {"params": [], "method_name": "readToEndOfFileInBackgroundAndNotify", "is_static": false, "class_name": "FileHandle", "method_description": "Reads to the end of file from the file or communications channel in the background and posts a notification when finished.", "return_value": {"return_name": [], "return_description": [], "return_type": []}}, {"params": [{"param_description": "The runloop modes in which the read completion notification can be posted.", "param_name": ["forModes", "modes"], "param_type": "[RunLoop.Mode]"}], "method_name": "readToEndOfFileInBackgroundAndNotify", "is_static": false, "class_name": "FileHandle", "method_description": "Reads to the end of file from the file or communications channel in the background and posts a notification when finished.", "return_value": {"return_name": [], "return_description": [], "return_type": []}}, {"params": [], "method_name": "waitForDataInBackgroundAndNotify", "is_static": false, "class_name": "FileHandle", "method_description": "Asynchronously checks to see if data is available.", "return_value": {"return_name": [], "return_description": [], "return_type": []}}, {"params": [{"param_description": "The runloop modes in which the data available notification can be posted.", "param_name": ["forModes", "modes"], "param_type": "[RunLoop.Mode]"}], "method_name": "waitForDataInBackgroundAndNotify", "is_static": false, "class_name": "FileHandle", "method_description": "Asynchronously checks to see if data is available.", "return_value": {"return_name": [], "return_description": [], "return_type": []}}, {"params": [], "method_name": "seekToEndOfFile", "is_static": false, "class_name": "FileHandle", "method_description": "Puts the file pointer at the end of the file referenced by the receiver and returns the new file offset.", "return_value": {"return_name": [""], "return_description": ["The file offset with the file pointer at the end of the file. This is therefore equal to the size of the file."], "return_type": ["UInt64"]}}, {"params": [{"param_description": "The offset to seek to.", "param_name": ["toFileOffset", "offset"], "param_type": "UInt64"}], "method_name": "seek", "is_static": false, "class_name": "FileHandle", "method_description": "Moves the file pointer to the specified offset within the file represented by the receiver.", "return_value": {"return_name": [], "return_description": [], "return_type": []}}, {"params": [], "method_name": "closeFile", "is_static": false, "class_name": "FileHandle", "method_description": "Disallows further access to the represented file or communications channel and signals end of file on communications channels that permit writing.", "return_value": {"return_name": [], "return_description": [], "return_type": []}}, {"params": [], "method_name": "synchronizeFile", "is_static": false, "class_name": "FileHandle", "method_description": "Causes all in-memory data and attributes of the file represented by the receiver to be written to permanent storage.", "return_value": {"return_name": [], "return_description": [], "return_type": []}}, {"params": [{"param_description": "The offset within the file that will mark the new end of the file.", "param_name": ["atOffset", "offset"], "param_type": "UInt64"}], "method_name": "truncateFile", "is_static": false, "class_name": "FileHandle", "method_description": "Truncates or extends the file represented by the receiver to a specified offset within the file and puts the file pointer at that position.", "return_value": {"return_name": [], "return_description": [], "return_type": []}}, {"params": [{"param_description": "", "param_name": ["coder"], "param_type": "NSCoder"}], "method_name": "init", "is_static": false, "class_name": "FileHandle", "method_description": "", "return_value": {"return_name": [], "return_description": [], "return_type": []}}], "Vars": [{"var_type": "FileHandle", "var_description": "Returns the file handle associated with the standard error file.", "var_name": "standardError"}, {"var_type": "FileHandle", "var_description": "Returns the file handle associated with the standard input file.", "var_name": "standardInput"}, {"var_type": "FileHandle", "var_description": "Returns the file handle associated with the standard output file.", "var_name": "standardOutput"}, {"var_type": "FileHandle", "var_description": "Returns a file handle associated with a null device.", "var_name": "nullDevice"}, {"var_type": "Int32", "var_description": "The POSIX file descriptor associated with the receiver.", "var_name": "fileDescriptor"}, {"var_type": "Data", "var_description": "The data currently available in the receiver.", "var_name": "availableData"}, {"var_type": "((FileHandle)", "var_description": "The block to use for reading the contents of the file handle asynchronously.", "var_name": "readabilityHandler"}, {"var_type": "((FileHandle)", "var_description": "The block to use for writing the contents of the file handle asynchronously.", "var_name": "writeabilityHandler"}, {"var_type": "UInt64", "var_description": "The position of the file pointer within the file represented by the receiver.", "var_name": "offsetInFile"}, {"var_type": "String", "var_description": "A key in the userinfo dictionary in a NSFileHandleConnectionAccepted notification.", "var_name": "NSFileHandleNotificationFileHandleItem"}, {"var_type": "String", "var_description": "A key in the userinfo dictionary in a readCompletionNotification and NSFileHandleReadToEndOfFileCompletion.", "var_name": "NSFileHandleNotificationDataItem"}, {"var_type": "String", "var_description": "Currently unused.", "var_name": "NSFileHandleNotificationMonitorModes"}, {"var_type": "NSExceptionName", "var_description": "Raised by NSFileHandle if attempts to determine file-handle type fail or if attempts to read from a file or channel fail.", "var_name": "fileHandleOperationException"}, {"var_type": "NSNotification.Name", "var_description": "This notification is posted when an NSFileHandle object establishes a socket connection between two processes, creates an NSFileHandle object for one end of the connection, and makes this object available to observers by putting it in the userInfo dictionary.", "var_name": "NSFileHandleConnectionAccepted"}, {"var_type": "NSNotification.Name", "var_description": "This notification is posted when the file handle determines that data is currently available for reading in a file or at a communications channel.", "var_name": "NSFileHandleDataAvailable"}, {"var_type": "NSNotification.Name", "var_description": "This notification is posted when the file handle reads the data currently available in a file or at a communications channel.", "var_name": "readCompletionNotification"}, {"var_type": "NSNotification.Name", "var_description": "This notification is posted when the file handle reads all data in the file or, if a communications channel, until the other process signals the end of data.", "var_name": "NSFileHandleReadToEndOfFileCompletion"}], "interface_list": ["CVarArg", "Equatable", "Hashable", "NSSecureCoding"], "package_name": "foundation", "subclass_list": [], "class_name": "FileHandle", "class_description": "You use file handle objects to access data associated with files, sockets, pipes, and devices. For files, you can read, write, and seek within the file. For sockets, pipes, and devices, you can use a file handle object to monitor the device and process data asynchronously.\nMost creation methods for FileHandle cause the file handle object to take ownership of the associated file descriptor. This means that the file handle object both creates the file descriptor and is responsible for closing it later, usually when the file handle object itself is deallocated. If you want to use a file handle object with a file descriptor that you created, use the init(fileDescriptor:) method or use the init(fileDescriptor:closeOnDealloc:) method and pass false for the flag parameter.\nWhen using a file handle object to communicate asynchronously with a socket, you must initiate the corresponding operations from a thread with an active run loop. Although the read, accept, and wait operations themselves are performed asynchronously on background threads, the file handle uses a run loop source to monitor the operations and notify your code appropriately. Therefore, you must call those methods from your application\u2019s main thread or from any thread where you have configured a run loop and are using it to process events.\nFor more information about configuring and using run loops, see Threading Programming Guide.  \n", "class_inherit_list": ["NSObject"]}