{"class_inherit_list": [], "interface_list": ["BinaryFloatingPoint", "CustomDebugStringConvertible", "CustomStringConvertible", "ExpressibleByIntegerLiteral", "Hashable", "LosslessStringConvertible", "Strideable"], "Methods": [{"return_value": {"return_description": [], "return_name": [], "return_type": []}, "method_name": "init", "params": [], "method_description": "Creates a value initialized to zero.", "class_name": "Float80"}, {"return_value": {"return_description": [], "return_name": [], "return_type": []}, "method_name": "init", "params": [{"param_name": ["other"], "param_type": "Float80", "param_description": "The value to use for the new instance."}], "method_description": "Creates a new instance initialized to the given value.", "class_name": "Float80"}, {"return_value": {"return_description": [], "return_name": [], "return_type": []}, "method_name": "init", "params": [{"param_name": ["other"], "param_type": "Double", "param_description": "The value to use for the new instance."}], "method_description": "Creates a new instance that approximates the given value.", "class_name": "Float80"}, {"return_value": {"return_description": [], "return_name": [], "return_type": []}, "method_name": "init", "params": [{"param_name": ["v"], "param_type": "Int", "param_description": ""}], "method_description": "Creates the closest representable value to the given integer.", "class_name": "Float80"}, {"return_value": {"return_description": [], "return_name": [], "return_type": []}, "method_name": "init", "params": [{"param_name": ["other"], "param_type": "Float", "param_description": "The value to use for the new instance."}], "method_description": "Creates a new instance that approximates the given value.", "class_name": "Float80"}, {"return_value": {"return_description": [], "return_name": [], "return_type": []}, "method_name": "init", "params": [{"param_name": ["text"], "param_type": "S", "param_description": "The input string to convert to a Float80 instance. If text has invalid characters or is in an invalid format, the result is nil."}], "method_description": "Creates a new instance from the given string.", "class_name": "Float80"}, {"return_value": {"return_description": [], "return_name": [], "return_type": []}, "method_name": "init", "params": [{"param_name": ["value"], "param_type": "Source", "param_description": "The integer to convert to a floating-point value."}], "method_description": "Creates a new value, rounded to the closest possible representation.", "class_name": "Float80"}, {"return_value": {"return_description": [], "return_name": [], "return_type": []}, "method_name": "init", "params": [{"param_name": ["value"], "param_type": "Source", "param_description": "A floating-point value to be converted."}], "method_description": "Creates a new instance from the given value, rounded to the closest possible representation.", "class_name": "Float80"}, {"return_value": {"return_description": [], "return_name": [], "return_type": []}, "method_name": "init", "params": [{"param_name": ["exactly", "other"], "param_type": "Float", "param_description": "The value to use for the new instance."}], "method_description": "Creates a new instance initialized to the given value, if it can be represented without rounding.", "class_name": "Float80"}, {"return_value": {"return_description": [], "return_name": [], "return_type": []}, "method_name": "init", "params": [{"param_name": ["exactly", "other"], "param_type": "Float80", "param_description": "The value to use for the new instance."}], "method_description": "Creates a new instance initialized to the given value, if it can be represented without rounding.", "class_name": "Float80"}, {"return_value": {"return_description": [], "return_name": [], "return_type": []}, "method_name": "init", "params": [{"param_name": ["exactly", "other"], "param_type": "Double", "param_description": "The value to use for the new instance."}], "method_description": "Creates a new instance initialized to the given value, if it can be represented without rounding.", "class_name": "Float80"}, {"return_value": {"return_description": [], "return_name": [], "return_type": []}, "method_name": "init", "params": [{"param_name": ["exactly", "value"], "param_type": "Source", "param_description": "A floating-point value to be converted."}], "method_description": "Creates a new instance from the given value, if it can be represented exactly.", "class_name": "Float80"}, {"return_value": {"return_description": [], "return_name": [], "return_type": []}, "method_name": "init", "params": [{"param_name": ["floatLiteral", "value"], "param_type": "Float80", "param_description": "The new floating-point value."}], "method_description": "Creates a new value from the given floating-point literal.", "class_name": "Float80"}, {"return_value": {"return_description": [], "return_name": [], "return_type": []}, "method_name": "init", "params": [{"param_name": ["integerLiteral", "value"], "param_type": "Int64", "param_description": "The new value."}], "method_description": "Creates a new value from the given integer literal.", "class_name": "Float80"}, {"return_value": {"return_description": [], "return_name": [], "return_type": []}, "method_name": "init", "params": [{"param_name": ["integerLiteral", "value"], "param_type": "Float80", "param_description": "The value to create."}], "method_description": "Creates an instance initialized to the specified integer value.", "class_name": "Float80"}, {"return_value": {"return_description": [], "return_name": [], "return_type": []}, "method_name": "init", "params": [{"param_name": ["nan", "payload"], "param_type": "Float80.RawSignificand", "param_description": "The payload to use for the new NaN value."}, {"param_name": ["signaling"], "param_type": "Bool", "param_description": "Pass true to create a signaling NaN or false to create a quiet NaN."}], "method_description": "Creates a NaN (\u201cnot a number\u201d) value with the specified payload.", "class_name": "Float80"}, {"return_value": {"return_description": [], "return_name": [], "return_type": []}, "method_name": "init", "params": [{"param_name": ["sign"], "param_type": "FloatingPointSign", "param_description": "The sign to use for the new value."}, {"param_name": ["exponent"], "param_type": "Int", "param_description": "The new value\u2019s exponent."}, {"param_name": ["significand"], "param_type": "Float80", "param_description": "The new value\u2019s significand."}], "method_description": "Creates a new value from the given sign, exponent, and significand.", "class_name": "Float80"}, {"return_value": {"return_description": [], "return_name": [], "return_type": []}, "method_name": "init", "params": [{"param_name": ["sign"], "param_type": "FloatingPointSign", "param_description": "The sign of the new value."}, {"param_name": ["exponentBitPattern"], "param_type": "UInt", "param_description": "The bit pattern to use for the exponent field of the new value."}, {"param_name": ["significandBitPattern"], "param_type": "UInt64", "param_description": "The bit pattern to use for the significand field of the new value."}], "method_description": "Creates a new instance from the specified sign and bit patterns.", "class_name": "Float80"}, {"return_value": {"return_description": [], "return_name": [], "return_type": []}, "method_name": "init", "params": [{"param_name": ["signOf"], "param_type": "Float80", "param_description": "A value from which to use the sign. The result of the initializer has the same sign as signOf."}, {"param_name": ["magnitudeOf"], "param_type": "Float80", "param_description": "A value from which to use the magnitude. The result of the initializer has the same magnitude as magnitudeOf."}], "method_description": "Creates a new floating-point value using the sign of one value and the magnitude of another.", "class_name": "Float80"}, {"return_value": {"return_description": [], "return_name": [], "return_type": []}, "method_name": "addProduct", "params": [{"param_name": ["lhs"], "param_type": "Float80", "param_description": "One of the values to multiply before adding to this value."}, {"param_name": ["rhs"], "param_type": "Float80", "param_description": "The other value to multiply."}], "method_description": "Adds the product of the two given values to this value in place, computed without intermediate rounding.", "class_name": "Float80"}, {"return_value": {"return_description": ["The product of lhs and rhs, added to this value."], "return_name": [""], "return_type": ["Float80"]}, "method_name": "addingProduct", "params": [{"param_name": ["lhs"], "param_type": "Float80", "param_description": "One of the values to multiply before adding to this value."}, {"param_name": ["rhs"], "param_type": "Float80", "param_description": "The other value to multiply."}], "method_description": "Returns the result of adding the product of the two given values to this value, computed without intermediate rounding.", "class_name": "Float80"}, {"return_value": {"return_description": ["A new value that is amount added to this value."], "return_name": [""], "return_type": ["Float80"]}, "method_name": "advanced", "params": [{"param_name": ["by", "amount"], "param_type": "Float80", "param_description": "The distance to advance this value."}], "method_description": "Returns a new value advanced by the given distance.", "class_name": "Float80"}, {"return_value": {"return_description": ["The distance between this value and other."], "return_name": [""], "return_type": ["Float80"]}, "method_name": "distance", "params": [{"param_name": ["to", "other"], "param_type": "Float80", "param_description": "A value to calculate the distance to."}], "method_description": "Returns the distance from this value to the specified value.", "class_name": "Float80"}, {"return_value": {"return_description": [], "return_name": [], "return_type": []}, "method_name": "formRemainder", "params": [{"param_name": ["dividingBy", "other"], "param_type": "Float80", "param_description": "The value to use when dividing this value."}], "method_description": "Replaces this value with the remainder of itself divided by the given value.", "class_name": "Float80"}, {"return_value": {"return_description": [], "return_name": [], "return_type": []}, "method_name": "formSquareRoot", "params": [], "method_description": "Replaces this value with its square root, rounded to a representable value.", "class_name": "Float80"}, {"return_value": {"return_description": [], "return_name": [], "return_type": []}, "method_name": "formTruncatingRemainder", "params": [{"param_name": ["dividingBy", "other"], "param_type": "Float80", "param_description": "The value to use when dividing this value."}], "method_description": "Replaces this value with the remainder of itself divided by the given value using truncating division.", "class_name": "Float80"}, {"return_value": {"return_description": [], "return_name": [], "return_type": []}, "method_name": "hash", "params": [{"param_name": ["into", "hasher"], "param_type": "inout Hasher", "param_description": "The hasher to use when combining the components of this instance."}], "method_description": "Hashes the essential components of this value by feeding them into the given hasher.", "class_name": "Float80"}, {"return_value": {"return_description": ["true if other has the same value as this instance; otherwise, false."], "return_name": [""], "return_type": ["Bool"]}, "method_name": "isEqual", "params": [{"param_name": ["to", "other"], "param_type": "Float80", "param_description": "The value to compare with this value."}], "method_description": "Returns a Boolean value indicating whether this instance is equal to the given value.", "class_name": "Float80"}, {"return_value": {"return_description": ["true if other is less than this value; otherwise, false."], "return_name": [""], "return_type": ["Bool"]}, "method_name": "isLess", "params": [{"param_name": ["than", "other"], "param_type": "Float80", "param_description": "The value to compare with this value."}], "method_description": "Returns a Boolean value indicating whether this instance is less than the given value.", "class_name": "Float80"}, {"return_value": {"return_description": ["true if other is less than this value; otherwise, false."], "return_name": [""], "return_type": ["Bool"]}, "method_name": "isLessThanOrEqualTo", "params": [{"param_name": ["other"], "param_type": "Float80", "param_description": "The value to compare with this value."}], "method_description": "Returns a Boolean value indicating whether this instance is less than or equal to the given value.", "class_name": "Float80"}, {"return_value": {"return_description": ["true if this value is ordered below or the same as other in a total ordering of the floating-point type; otherwise, false."], "return_name": [""], "return_type": ["Bool"]}, "method_name": "isTotallyOrdered", "params": [{"param_name": ["belowOrEqualTo", "other"], "param_type": "Float80", "param_description": "A floating-point value to compare to this value."}], "method_description": "Returns a Boolean value indicating whether this instance should precede or tie positions with the given value in an ascending sort.", "class_name": "Float80"}, {"return_value": {"return_description": [], "return_name": [], "return_type": []}, "method_name": "negate", "params": [], "method_description": "Replaces this value with its additive inverse.", "class_name": "Float80"}, {"return_value": {"return_description": [], "return_name": [], "return_type": []}, "method_name": "negate", "params": [], "method_description": "Replaces this value with its additive inverse.", "class_name": "Float80"}, {"return_value": {"return_description": ["The remainder of this value divided by other."], "return_name": [""], "return_type": ["Float80"]}, "method_name": "remainder", "params": [{"param_name": ["dividingBy", "other"], "param_type": "Float80", "param_description": "The value to use when dividing this value."}], "method_description": "Returns the remainder of this value divided by the given value.", "class_name": "Float80"}, {"return_value": {"return_description": [], "return_name": [], "return_type": []}, "method_name": "round", "params": [], "method_description": "Rounds this value to an integral value using \u201cschoolbook rounding.\u201d", "class_name": "Float80"}, {"return_value": {"return_description": [], "return_name": [], "return_type": []}, "method_name": "round", "params": [{"param_name": ["rule"], "param_type": "FloatingPointRoundingRule", "param_description": "The rounding rule to use."}], "method_description": "Rounds the value to an integral value using the specified rounding rule.", "class_name": "Float80"}, {"return_value": {"return_description": ["The nearest integral value, or, if two integral values are equally close, the integral value with greater magnitude."], "return_name": [""], "return_type": ["Float80"]}, "method_name": "rounded", "params": [], "method_description": "Returns this value rounded to an integral value using \u201cschoolbook rounding.\u201d", "class_name": "Float80"}, {"return_value": {"return_description": ["The integral value found by rounding using rule."], "return_name": [""], "return_type": ["Float80"]}, "method_name": "rounded", "params": [{"param_name": ["rule"], "param_type": "FloatingPointRoundingRule", "param_description": "The rounding rule to use."}], "method_description": "Returns this value rounded to an integral value using the specified rounding rule.", "class_name": "Float80"}, {"return_value": {"return_description": ["The square root of the value."], "return_name": [""], "return_type": ["Float80"]}, "method_name": "squareRoot", "params": [], "method_description": "Returns the square root of the value, rounded to a representable value.", "class_name": "Float80"}, {"return_value": {"return_description": ["The remainder of this value divided by other using truncating division."], "return_name": [""], "return_type": ["Float80"]}, "method_name": "truncatingRemainder", "params": [{"param_name": ["dividingBy", "other"], "param_type": "Float80", "param_description": "The value to use when dividing this value."}], "method_description": "Returns the remainder of this value divided by the given value using truncating division.", "class_name": "Float80"}, {"return_value": {"return_description": ["The greater of x and y, or whichever is a number if the other is NaN."], "return_name": [""], "return_type": ["Float80"]}, "method_name": "maximum", "params": [{"param_name": ["x"], "param_type": "Float80", "param_description": "A floating-point value."}, {"param_name": ["y"], "param_type": "Float80", "param_description": "Another floating-point value."}], "method_description": "Returns the greater of the two given values.", "class_name": "Float80"}, {"return_value": {"return_description": ["Whichever of x or y has greater magnitude, or whichever is a number if the other is NaN."], "return_name": [""], "return_type": ["Float80"]}, "method_name": "maximumMagnitude", "params": [{"param_name": ["x"], "param_type": "Float80", "param_description": "A floating-point value."}, {"param_name": ["y"], "param_type": "Float80", "param_description": "Another floating-point value."}], "method_description": "Returns the value with greater magnitude.", "class_name": "Float80"}, {"return_value": {"return_description": ["The minimum of x and y, or whichever is a number if the other is NaN."], "return_name": [""], "return_type": ["Float80"]}, "method_name": "minimum", "params": [{"param_name": ["x"], "param_type": "Float80", "param_description": "A floating-point value."}, {"param_name": ["y"], "param_type": "Float80", "param_description": "Another floating-point value."}], "method_description": "Returns the lesser of the two given values.", "class_name": "Float80"}, {"return_value": {"return_description": ["Whichever of x or y has lesser magnitude, or whichever is a number if the other is NaN."], "return_name": [""], "return_type": ["Float80"]}, "method_name": "minimumMagnitude", "params": [{"param_name": ["x"], "param_type": "Float80", "param_description": "A floating-point value."}, {"param_name": ["y"], "param_type": "Float80", "param_description": "Another floating-point value."}], "method_description": "Returns the value with lesser magnitude.", "class_name": "Float80"}, {"return_value": {"return_description": ["A random value within the bounds of range."], "return_name": [""], "return_type": ["Float80"]}, "method_name": "random", "params": [{"param_name": ["in", "range"], "param_type": "ClosedRange<Float80>", "param_description": "The range in which to create a random value. Must be finite."}], "method_description": "Returns a random value within the specified range.", "class_name": "Float80"}, {"return_value": {"return_description": ["A random value within the bounds of range."], "return_name": [""], "return_type": ["Float80"]}, "method_name": "random", "params": [{"param_name": ["in", "range"], "param_type": "Range<Float80>", "param_description": "The range in which to create a random value. range must be finite and non-empty."}], "method_description": "Returns a random value within the specified range.", "class_name": "Float80"}, {"return_value": {"return_description": ["A random value within the bounds of range."], "return_name": [""], "return_type": ["Float80"]}, "method_name": "random", "params": [{"param_name": ["in", "range"], "param_type": "ClosedRange<Float80>", "param_description": "The range in which to create a random value. Must be finite."}, {"param_name": ["using", "generator"], "param_type": "inout T", "param_description": "The random number generator to use when creating the new random value."}], "method_description": "Returns a random value within the specified range, using the given generator as a source for randomness.", "class_name": "Float80"}, {"return_value": {"return_description": ["A random value within the bounds of range."], "return_name": [""], "return_type": ["Float80"]}, "method_name": "random", "params": [{"param_name": ["in", "range"], "param_type": "Range<Float80>", "param_description": "The range in which to create a random value. range must be finite and non-empty."}, {"param_name": ["using", "generator"], "param_type": "inout T", "param_description": "The random number generator to use when creating the new random value."}], "method_description": "Returns a random value within the specified range, using the given generator as a source for randomness.", "class_name": "Float80"}, {"return_value": {"return_description": [], "return_name": [""], "return_type": ["Bool"]}, "method_name": "!=", "params": [{"param_name": ["lhs"], "param_type": "Float80", "param_description": "A value to compare."}, {"param_name": ["rhs"], "param_type": "Float80", "param_description": "Another value to compare."}], "method_description": "Returns a Boolean value indicating whether two values are not equal.", "class_name": "Float80"}, {"return_value": {"return_description": [], "return_name": [""], "return_type": ["Float80"]}, "method_name": "*", "params": [{"param_name": ["lhs"], "param_type": "Float80", "param_description": ""}, {"param_name": ["rhs"], "param_type": "Float80", "param_description": ""}], "method_description": "", "class_name": "Float80"}, {"return_value": {"return_description": [], "return_name": [], "return_type": []}, "method_name": "*=", "params": [{"param_name": ["lhs"], "param_type": "inout Float80", "param_description": ""}, {"param_name": ["rhs"], "param_type": "Float80", "param_description": ""}], "method_description": "", "class_name": "Float80"}, {"return_value": {"return_description": ["The given argument without any changes."], "return_name": [""], "return_type": ["Float80"]}, "method_name": "+", "params": [{"param_name": ["x"], "param_type": "Float80", "param_description": ""}], "method_description": "Returns the given number unchanged.", "class_name": "Float80"}, {"return_value": {"return_description": [], "return_name": [""], "return_type": ["Float80"]}, "method_name": "+", "params": [{"param_name": ["lhs"], "param_type": "Float80", "param_description": ""}, {"param_name": ["rhs"], "param_type": "Float80", "param_description": ""}], "method_description": "", "class_name": "Float80"}, {"return_value": {"return_description": [], "return_name": [], "return_type": []}, "method_name": "+=", "params": [{"param_name": ["lhs"], "param_type": "inout Float80", "param_description": ""}, {"param_name": ["rhs"], "param_type": "Float80", "param_description": ""}], "method_description": "", "class_name": "Float80"}, {"return_value": {"return_description": ["The additive inverse of the argument."], "return_name": [""], "return_type": ["Float80"]}, "method_name": "-", "params": [{"param_name": ["operand"], "param_type": "Float80", "param_description": ""}], "method_description": "Returns the additive inverse of the specified value.", "class_name": "Float80"}, {"return_value": {"return_description": [], "return_name": [""], "return_type": ["Float80"]}, "method_name": "-", "params": [{"param_name": ["x"], "param_type": "Float80", "param_description": ""}], "method_description": "", "class_name": "Float80"}, {"return_value": {"return_description": [], "return_name": [""], "return_type": ["Float80"]}, "method_name": "-", "params": [{"param_name": ["lhs"], "param_type": "Float80", "param_description": ""}, {"param_name": ["rhs"], "param_type": "Float80", "param_description": ""}], "method_description": "", "class_name": "Float80"}, {"return_value": {"return_description": [], "return_name": [], "return_type": []}, "method_name": "-=", "params": [{"param_name": ["lhs"], "param_type": "inout Float80", "param_description": ""}, {"param_name": ["rhs"], "param_type": "Float80", "param_description": ""}], "method_description": "", "class_name": "Float80"}, {"return_value": {"return_description": [], "return_name": [""], "return_type": ["PartialRangeFrom<Float80>"]}, "method_name": "...", "params": [{"param_name": ["minimum"], "param_type": "Float80", "param_description": "The lower bound for the range."}], "method_description": "Returns a partial range extending upward from a lower bound.", "class_name": "Float80"}, {"return_value": {"return_description": [], "return_name": [""], "return_type": ["PartialRangeThrough<Float80>"]}, "method_name": "...", "params": [{"param_name": ["maximum"], "param_type": "Float80", "param_description": "The upper bound for the range."}], "method_description": "Returns a partial range up to, and including, its upper bound.", "class_name": "Float80"}, {"return_value": {"return_description": [], "return_name": [""], "return_type": ["ClosedRange<Float80>"]}, "method_name": "...", "params": [{"param_name": ["minimum"], "param_type": "Float80", "param_description": "The lower bound for the range."}, {"param_name": ["maximum"], "param_type": "Float80", "param_description": "The upper bound for the range."}], "method_description": "Returns a closed range that contains both of its bounds.", "class_name": "Float80"}, {"return_value": {"return_description": [], "return_name": [""], "return_type": ["PartialRangeUpTo<Float80>"]}, "method_name": "..", "params": [{"param_name": ["maximum"], "param_type": "Float80", "param_description": "The upper bound for the range."}], "method_description": "Returns a partial range up to, but not including, its upper bound.", "class_name": "Float80"}, {"return_value": {"return_description": [], "return_name": [""], "return_type": ["Range<Float80>"]}, "method_name": "..", "params": [{"param_name": ["minimum"], "param_type": "Float80", "param_description": "The lower bound for the range."}, {"param_name": ["maximum"], "param_type": "Float80", "param_description": "The upper bound for the range."}], "method_description": "Returns a half-open range that contains its lower bound but not its upper bound.", "class_name": "Float80"}, {"return_value": {"return_description": [], "return_name": [""], "return_type": ["Float80"]}, "method_name": "/", "params": [{"param_name": ["lhs"], "param_type": "Float80", "param_description": ""}, {"param_name": ["rhs"], "param_type": "Float80", "param_description": ""}], "method_description": "", "class_name": "Float80"}, {"return_value": {"return_description": [], "return_name": [], "return_type": []}, "method_name": "/=", "params": [{"param_name": ["lhs"], "param_type": "inout Float80", "param_description": ""}, {"param_name": ["rhs"], "param_type": "Float80", "param_description": ""}], "method_description": "", "class_name": "Float80"}, {"return_value": {"return_description": [], "return_name": [""], "return_type": ["Bool"]}, "method_name": "func", "params": [{"param_name": ["lhs"], "param_type": "Float80", "param_description": "A value to compare."}, {"param_name": ["rhs"], "param_type": "Float80", "param_description": "Another value to compare."}], "method_description": "Returns a Boolean value indicating whether the value of the first argument is less than that of the second argument.", "class_name": "Float80"}, {"return_value": {"return_description": [], "return_name": [""], "return_type": ["Bool"]}, "method_name": "func", "params": [{"param_name": ["x"], "param_type": "Float80", "param_description": ""}, {"param_name": ["y"], "param_type": "Float80", "param_description": ""}], "method_description": "Returns a Boolean value indicating whether the value of the first argument is less than that of the second argument.", "class_name": "Float80"}, {"return_value": {"return_description": [], "return_name": [""], "return_type": ["Bool"]}, "method_name": "func", "params": [{"param_name": ["lhs"], "param_type": "Float80", "param_description": "A value to compare."}, {"param_name": ["rhs"], "param_type": "Float80", "param_description": "Another value to compare."}], "method_description": "Returns a Boolean value indicating whether the value of the first argument is less than or equal to that of the second argument.", "class_name": "Float80"}, {"return_value": {"return_description": [], "return_name": [""], "return_type": ["Bool"]}, "method_name": "func", "params": [{"param_name": ["lhs"], "param_type": "Float80", "param_description": "A value to compare."}, {"param_name": ["rhs"], "param_type": "Float80", "param_description": "Another value to compare."}], "method_description": "Returns a Boolean value indicating whether the value of the first argument is less than or equal to that of the second argument.", "class_name": "Float80"}, {"return_value": {"return_description": [], "return_name": [""], "return_type": ["Bool"]}, "method_name": "==", "params": [{"param_name": ["lhs"], "param_type": "Float80", "param_description": "A value to compare."}, {"param_name": ["rhs"], "param_type": "Float80", "param_description": "Another value to compare."}], "method_description": "Returns a Boolean value indicating whether two values are equal.", "class_name": "Float80"}, {"return_value": {"return_description": [], "return_name": [""], "return_type": ["Bool"]}, "method_name": "==", "params": [{"param_name": ["x"], "param_type": "Float80", "param_description": ""}, {"param_name": ["y"], "param_type": "Float80", "param_description": ""}], "method_description": "Returns a Boolean value indicating whether two values are equal.", "class_name": "Float80"}, {"return_value": {"return_description": [], "return_name": [""], "return_type": ["Bool"]}, "method_name": ">", "params": [{"param_name": ["lhs"], "param_type": "Float80", "param_description": "A value to compare."}, {"param_name": ["rhs"], "param_type": "Float80", "param_description": "Another value to compare."}], "method_description": "Returns a Boolean value indicating whether the value of the first argument is greater than that of the second argument.", "class_name": "Float80"}, {"return_value": {"return_description": [], "return_name": [""], "return_type": ["Bool"]}, "method_name": ">", "params": [{"param_name": ["lhs"], "param_type": "Float80", "param_description": "A value to compare."}, {"param_name": ["rhs"], "param_type": "Float80", "param_description": "Another value to compare."}], "method_description": "Returns a Boolean value indicating whether the value of the first argument is greater than that of the second argument.", "class_name": "Float80"}, {"return_value": {"return_description": [], "return_name": [""], "return_type": ["Bool"]}, "method_name": ">=", "params": [{"param_name": ["lhs"], "param_type": "Float80", "param_description": "A value to compare."}, {"param_name": ["rhs"], "param_type": "Float80", "param_description": "Another value to compare."}], "method_description": "Returns a Boolean value indicating whether the value of the first argument is greater than or equal to that of the second argument.", "class_name": "Float80"}, {"return_value": {"return_description": ["true if lhs is greater than or equal to rhs; otherwise, false."], "return_name": [""], "return_type": ["Bool"]}, "method_name": ">=", "params": [{"param_name": ["lhs"], "param_type": "Float80", "param_description": "A value to compare."}, {"param_name": ["rhs"], "param_type": "Float80", "param_description": "Another value to compare."}], "method_description": "Returns a Boolean value indicating whether the value of the first argument is greater than or equal to that of the second argument.", "class_name": "Float80"}], "Vars": [{"var_name": "binade", "var_type": "Float80", "var_description": "The floating-point value with the same sign and exponent as this value, but with a significand of 1.0."}, {"var_name": "debugDescription", "var_type": "String", "var_description": "A textual representation of the value, suitable for debugging."}, {"var_name": "description", "var_type": "String", "var_description": "A textual representation of the value."}, {"var_name": "exponent", "var_type": "Int", "var_description": "The exponent of the floating-point value."}, {"var_name": "exponentBitPattern", "var_type": "UInt", "var_description": "The raw encoding of the value\u2019s exponent field."}, {"var_name": "floatingPointClass", "var_type": "FloatingPointClassification", "var_description": "The classification of this value."}, {"var_name": "isCanonical", "var_type": "Bool", "var_description": "A Boolean value indicating whether the instance\u2019s representation is in the canonical form."}, {"var_name": "isFinite", "var_type": "Bool", "var_description": "A Boolean value indicating whether this instance is finite."}, {"var_name": "isInfinite", "var_type": "Bool", "var_description": "A Boolean value indicating whether the instance is infinite."}, {"var_name": "isNaN", "var_type": "Bool", "var_description": "A Boolean value indicating whether the instance is NaN (\u201cnot a number\u201d)."}, {"var_name": "isNormal", "var_type": "Bool", "var_description": "A Boolean value indicating whether this instance is normal."}, {"var_name": "isSignalingNaN", "var_type": "Bool", "var_description": "A Boolean value indicating whether the instance is a signaling NaN."}, {"var_name": "isSubnormal", "var_type": "Bool", "var_description": "A Boolean value indicating whether the instance is subnormal."}, {"var_name": "isZero", "var_type": "Bool", "var_description": "A Boolean value indicating whether the instance is equal to zero."}, {"var_name": "magnitude", "var_type": "Float80", "var_description": "The magnitude of this value."}, {"var_name": "nextDown", "var_type": "Float80", "var_description": "The greatest representable value that compares less than this value."}, {"var_name": "nextUp", "var_type": "Float80", "var_description": "The least representable value that compares greater than this value."}, {"var_name": "sign", "var_type": "FloatingPointSign", "var_description": "The sign of the floating-point value."}, {"var_name": "significand", "var_type": "Float80", "var_description": "The significand of the floating-point value."}, {"var_name": "significandBitPattern", "var_type": "UInt64", "var_description": "The raw encoding of the value\u2019s significand field."}, {"var_name": "significandWidth", "var_type": "Int", "var_description": "The number of bits required to represent the value\u2019s significand."}, {"var_name": "ulp", "var_type": "Float80", "var_description": "The unit in the last place of this value."}, {"var_name": "exponentBitCount", "var_type": "Int", "var_description": "The number of bits used to represent the type\u2019s exponent."}, {"var_name": "greatestFiniteMagnitude", "var_type": "Float80", "var_description": "The greatest finite number representable by this type."}, {"var_name": "infinity", "var_type": "Float80", "var_description": "Positive infinity."}, {"var_name": "leastNonzeroMagnitude", "var_type": "Float80", "var_description": "The least positive number."}, {"var_name": "leastNormalMagnitude", "var_type": "Float80", "var_description": "The least positive normal number."}, {"var_name": "nan", "var_type": "Float80", "var_description": "A quiet NaN (\u201cnot a number\u201d)."}, {"var_name": "pi", "var_type": "Float80", "var_description": "The mathematical constant pi."}, {"var_name": "radix", "var_type": "Int", "var_description": "The radix, or base of exponentiation, for this floating-point type."}, {"var_name": "signalingNaN", "var_type": "Float80", "var_description": "A signaling NaN (\u201cnot a number\u201d)."}, {"var_name": "significandBitCount", "var_type": "Int", "var_description": "The available number of fractional significand bits."}, {"var_name": "ulpOfOne", "var_type": "Float80", "var_description": "The unit in the last place of 1.0."}, {"var_name": "ulpOfOne", "var_type": "Float80", "var_description": "The unit in the last place of 1.0."}], "subclass_list": [], "class_description": "", "package_name": "swift", "class_name": "Float80"}