{"Methods": [], "Vars": [], "interface_list": [], "package_name": "foundation", "subclass_list": [], "class_name": "Formatter.Context", "class_description": "Use formatting contexts to specify where the result of formatting will appear, so that the formatter can provide the most appropriate result.\nFor example, when formatting a date or date symbol for a French locale, you want the month name to be capitalized if it appears at the beginning of the sentence (\u201cJuin est mon mois de naissance\u201d), but not if it appears elsewhere (\u201cMon mois de naissance est juin\u201d).\nIf the formatting context isn't known ahead of time, specify Formatter.Context.dynamic to have the system determine the context automatically.\n", "class_inherit_list": []}