{"Methods": [{"params": [], "method_name": "current", "is_static": false, "class_name": "Host", "method_description": "Returns an NSHost object representing the host the process is running on.", "return_value": {"return_name": [""], "return_description": ["NSHost object for the process\u2019s host."], "return_type": ["Self"]}}, {"params": [{"param_description": "Network address to look up. For example, \"127.0.0.1\" or \"fe80::1\".", "param_name": ["address"], "param_type": "String"}], "method_name": "init", "is_static": false, "class_name": "Host", "method_description": "Returns the NSHost with the Internet address address.", "return_value": {"return_name": [], "return_description": ["The host for address."], "return_type": []}}, {"params": [{"param_description": "", "param_name": ["name"], "param_type": "String"}], "method_name": "init", "is_static": false, "class_name": "Host", "method_description": "Returns a host with a specific name.", "return_value": {"return_name": [], "return_description": ["The host named hostname."], "return_type": []}}, {"params": [{"param_description": "", "param_name": ["to", "aHost"], "param_type": "Host"}], "method_name": "isEqual", "is_static": false, "class_name": "Host", "method_description": "Indicates whether the receiver represents the same host as another NSHost object.", "return_value": {"return_name": [""], "return_description": ["true when the receiver and host share at least one network address; false otherwise."], "return_type": ["Bool"]}}], "Vars": [{"var_type": "String", "var_description": "Returns one of the network addresses of the receiver.", "var_name": "address"}, {"var_type": "[String]", "var_description": "Returns all the network addresses of the receiver.", "var_name": "addresses"}, {"var_type": "String", "var_description": "Returns one of the hostnames of the receiver.", "var_name": "name"}, {"var_type": "String", "var_description": "Returns the name used as by default when publishing NSNetServices.", "var_name": "localizedName"}, {"var_type": "[String]", "var_description": "Returns all the hostnames of the receiver.", "var_name": "names"}], "interface_list": ["CVarArg", "Equatable", "Hashable"], "package_name": "foundation", "subclass_list": [], "class_name": "Host", "class_description": "The Host class provides methods to access the network name and address information for a host. Instances of the Host class represent individual hosts on a network. Use Host objects  to get the current host\u2019s names and addresses and to look up other hosts by name or by address.\nTo create an Host object, use the current(), init(address:), or init(name:) class methods (don\u2019t use alloc and init). These methods use available network administration services to discover all names and addresses for the host requested. They don\u2019t attempt to contact the host itself, however. This approach avoids untimely delays due to a host being unavailable, but it may result in incomplete information about the host.\nAn Host object contains all of the network addresses and names discovered for a given host by the network administration services. Each Host object may contain several addresses and have more than one name. If an Host object has more than one name, the additional names are variations on the same name, typically the basic host name plus the fully qualified domain name. For example, with a host name \"sales\" in the domain \"anycorp.com\", an Host object can hold both the names \"sales\" and \"sales.anycorp.com\".\nHost methods are thread-safe.\n", "class_inherit_list": ["NSObject"]}