{"Methods": [{"params": [{"param_description": "The header fields used to create the HTTPCookie objects.", "param_name": ["withResponseHeaderFields", "headerFields"], "param_type": "[String"}, {"param_description": "", "param_name": ["[String"], "param_type": "String]"}, {"param_description": "The URL associated with the created cookies.", "param_name": ["for", "URL"], "param_type": "URL"}], "method_name": "cookies", "is_static": false, "class_name": "HTTPCookie", "method_description": "Creates an array HTTP cookies corresponding to the provided response header fields for the provided URL.", "return_value": {"return_name": [""], "return_description": ["The array of created cookies."], "return_type": ["[HTTPCookie]"]}}, {"params": [{"param_description": "The properties for the new cookie object, expressed as key-value pairs.", "param_name": ["properties"], "param_type": "[HTTPCookiePropertyKey"}, {"param_description": "", "param_name": ["[HTTPCookiePropertyKey"], "param_type": "Any]"}], "method_name": "init", "is_static": false, "class_name": "HTTPCookie", "method_description": "Creates an HTTP cookie instance with the given cookie properties.", "return_value": {"return_name": [], "return_description": ["A new cookie object, with the given properies."], "return_type": []}}, {"params": [{"param_description": "The cookies from which the header fields are created.", "param_name": ["with", "cookies"], "param_type": "[HTTPCookie]"}], "method_name": "requestHeaderFields", "is_static": false, "class_name": "HTTPCookie", "method_description": "Converts an array of cookies to a dictionary of header fields.", "return_value": {"return_name": [["[String"]], "return_description": ["The dictionary of header fields created from the provided cookies."], "return_type": ["String]"]}}], "Vars": [{"var_type": "String", "var_description": "The domain of the cookie.", "var_name": "domain"}, {"var_type": "String", "var_description": "The cookie\u2019s path.", "var_name": "path"}, {"var_type": "[NSNumber]", "var_description": "The cookie\u2019s port list.", "var_name": "portList"}, {"var_type": "String", "var_description": "The cookie\u2019s name.", "var_name": "name"}, {"var_type": "String", "var_description": "The cookie\u2018s string value.", "var_name": "value"}, {"var_type": "Int", "var_description": "The cookie\u2019s version.", "var_name": "version"}, {"var_type": "Date", "var_description": "The cookie\u2019s expiration date.", "var_name": "expiresDate"}, {"var_type": "Bool", "var_description": "A Boolean value that indicates whether the cookie should be discarded at the end of the session (regardless of expiration date).", "var_name": "isSessionOnly"}, {"var_type": "Bool", "var_description": "A Boolean value that indicates whether the cookie should only be sent to HTTP servers.", "var_name": "isHTTPOnly"}, {"var_type": "Bool", "var_description": "A Boolean value that indicates whether this cookie should only be sent over secure channels.", "var_name": "isSecure"}, {"var_type": "[HTTPCookiePropertyKey", "var_description": "The cookie\u2019s properties.", "var_name": "properties"}, {"var_type": "String", "var_description": "The cookie\u2019s comment string.", "var_name": "comment"}, {"var_type": "URL", "var_description": "The cookie\u2019s comment URL.", "var_name": "commentURL"}], "interface_list": ["CVarArg", "Equatable", "Hashable"], "package_name": "foundation", "subclass_list": [], "class_name": "HTTPCookie", "class_description": "An HTTPCookie object is immutable, initialized from a dictionary containing the attributes of the cookie. This class supports two different cookie versions:\nVersion 0: The original cookie format defined by Netscape.Most cookies are in this format.\nVersion 1: The cookie format defined in RFC 6265, HTTP State Management Mechanism.\n", "class_inherit_list": ["NSObject"]}