{"Methods": [{"params": [{"param_description": "The string to use as a key.", "param_name": ["rawValue"], "param_type": "String"}], "method_name": "init", "is_static": false, "class_name": "HTTPCookiePropertyKey", "method_description": "Creates an HTTP cookie property key using the given string.", "return_value": {"return_name": [], "return_description": [], "return_type": []}}, {"params": [{"param_description": "The string to use as a key.", "param_name": ["rawValue"], "param_type": "String"}], "method_name": "init", "is_static": false, "class_name": "HTTPCookiePropertyKey", "method_description": "Creates an HTTP cookie property key using the given string.", "return_value": {"return_name": [], "return_description": [], "return_type": []}}], "Vars": [{"var_type": "HTTPCookiePropertyKey", "var_description": "An NSString object containing the comment for the cookie.", "var_name": "comment"}, {"var_type": "HTTPCookiePropertyKey", "var_description": "An NSURL object or NSString object containing the comment URL for the cookie.", "var_name": "commentURL"}, {"var_type": "HTTPCookiePropertyKey", "var_description": "An NSString object stating whether the cookie should be discarded at the end of the session. ", "var_name": "discard"}, {"var_type": "HTTPCookiePropertyKey", "var_description": "An NSString object containing the domain for the cookie. ", "var_name": "domain"}, {"var_type": "HTTPCookiePropertyKey", "var_description": "An NSDate object or NSString object specifying the expiration date for the cookie. ", "var_name": "expires"}, {"var_type": "HTTPCookiePropertyKey", "var_description": "An NSString object containing an integer value stating how long in seconds the cookie should be kept, at most.", "var_name": "maximumAge"}, {"var_type": "HTTPCookiePropertyKey", "var_description": "An NSString object containing the name of the cookie (required).", "var_name": "name"}, {"var_type": "HTTPCookiePropertyKey", "var_description": "An NSURL or NSString object containing the URL that set this cookie. ", "var_name": "originURL"}, {"var_type": "HTTPCookiePropertyKey", "var_description": "An NSString object containing the path for the cookie.", "var_name": "path"}, {"var_type": "HTTPCookiePropertyKey", "var_description": "An NSString object containing comma-separated integer values specifying the ports for the cookie.", "var_name": "port"}, {"var_type": "HTTPCookiePropertyKey", "var_description": "An NSString object indicating that the cookie should be transmitted only over secure channels.", "var_name": "secure"}, {"var_type": "HTTPCookiePropertyKey", "var_description": "An NSString object containing the value of the cookie. ", "var_name": "value"}, {"var_type": "HTTPCookiePropertyKey", "var_description": "An NSString object that specifies the version of the cookie.", "var_name": "version"}], "interface_list": ["Equatable", "Hashable", "RawRepresentable"], "package_name": "foundation", "subclass_list": [], "class_name": "HTTPCookiePropertyKey", "class_description": "", "class_inherit_list": []}