{"Methods": [{"params": [{"param_description": "The URL from which the response was generated.", "param_name": ["url"], "param_type": "URL"}, {"param_description": "The HTTP status code to return (404, for example). See RFC 2616 for details.", "param_name": ["statusCode"], "param_type": "Int"}, {"param_description": "The version of the HTTP response as returned by the server. This is typically represented as \"HTTP/1.1\".", "param_name": ["httpVersion", "HTTPVersion"], "param_type": "String"}, {"param_description": "A dictionary representing the keys and values from the server\u2019s response header.", "param_name": ["headerFields"], "param_type": "[String"}, {"param_description": "", "param_name": ["[String"], "param_type": "String]"}], "method_name": "init", "is_static": false, "class_name": "HTTPURLResponse", "method_description": "Initializes an HTTP URL response object with a status code, protocol version, and response headers.", "return_value": {"return_name": [], "return_description": ["An initialized HTTPURLResponse object or nil if an error occurred during initialization."], "return_type": []}}, {"params": [{"param_description": "The HTTP status code. See RFC 2616 for details.", "param_name": ["forStatusCode", "statusCode"], "param_type": "Int"}], "method_name": "localizedString", "is_static": false, "class_name": "HTTPURLResponse", "method_description": "Returns a localized string corresponding to a specified HTTP status code.", "return_value": {"return_name": [""], "return_description": ["A localized string suitable for displaying to users that describes the specified status code."], "return_type": ["String"]}}], "Vars": [{"var_type": "[AnyHashable", "var_description": "All HTTP header fields of the response.", "var_name": "allHeaderFields"}, {"var_type": "Int", "var_description": "The response\u2019s HTTP status code.", "var_name": "statusCode"}], "interface_list": ["CVarArg", "Equatable", "Hashable"], "package_name": "foundation", "subclass_list": [], "class_name": "HTTPURLResponse", "class_description": "The HTTPURLResponse class is a subclass of URLResponse that provides methods for accessing information specific to HTTP protocol responses. Whenever you make HTTP URL load requests, any response objects you get back from the URLSession, NSURLConnection, or NSURLDownload class are instances of the HTTPURLResponse class.\n", "class_inherit_list": ["URLResponse"]}