{"Methods": [{"params": [{"param_description": "", "param_name": ["after", "i"], "param_type": "IndexSet.RangeView.Index"}], "method_name": "index", "is_static": false, "class_name": "IndexSet.RangeView", "method_description": "Returns the index in the range after the specified one.", "return_value": {"return_name": [""], "return_description": [], "return_type": ["IndexSet.RangeView.Index"]}}, {"params": [{"param_description": "", "param_name": ["before", "i"], "param_type": "IndexSet.RangeView.Index"}], "method_name": "index", "is_static": false, "class_name": "IndexSet.RangeView", "method_description": "Returns the index in the range before the specified one.", "return_value": {"return_name": [""], "return_description": [], "return_type": ["IndexSet.RangeView.Index"]}}, {"params": [{"param_description": "The maximum number of elements to return. maxLength must be greater than or equal to zero.", "param_name": ["maxLength"], "param_type": "Int"}], "method_name": "prefix", "is_static": false, "class_name": "IndexSet.RangeView", "method_description": "Returns a subsequence, up to the specified maximum length, containing the initial elements of the collection.", "return_value": {"return_name": [""], "return_description": ["A subsequence starting at the beginning of this collection with at most maxLength elements."], "return_type": ["Slice<IndexSet.RangeView>"]}}, {"params": [{"param_description": "", "param_name": ["through", "position"], "param_type": "Int"}], "method_name": "prefix", "is_static": false, "class_name": "IndexSet.RangeView", "method_description": "Returns a subsequence from the start of the collection through the specified position.", "return_value": {"return_name": [""], "return_description": ["A subsequence up to, and including, the end position."], "return_type": ["Slice<IndexSet.RangeView>"]}}, {"params": [{"param_description": "The \u201cpast the end\u201d index of the resulting subsequence. end must be a valid index of the collection.", "param_name": ["upTo", "end"], "param_type": "Int"}], "method_name": "prefix", "is_static": false, "class_name": "IndexSet.RangeView", "method_description": "Returns a subsequence from the start of the collection up to, but not including, the specified position.", "return_value": {"return_name": [""], "return_description": ["A subsequence up to, but not including, the end position."], "return_type": ["Slice<IndexSet.RangeView>"]}}, {"params": [{"param_description": "The maximum number of elements to return. maxLength must be greater than or equal to zero.", "param_name": ["maxLength"], "param_type": "Int"}], "method_name": "suffix", "is_static": false, "class_name": "IndexSet.RangeView", "method_description": "Returns a subsequence, up to the given maximum length, containing the final elements of the collection.", "return_value": {"return_name": [""], "return_description": ["A subsequence terminating at the end of the collection with at most maxLength elements."], "return_type": ["Slice<IndexSet.RangeView>"]}}, {"params": [{"param_description": "The index at which to start the resulting subsequence. start must be a valid index of the collection.", "param_name": ["from", "start"], "param_type": "Int"}], "method_name": "suffix", "is_static": false, "class_name": "IndexSet.RangeView", "method_description": "Returns a subsequence from the specified position to the end of the collection.", "return_value": {"return_name": [""], "return_description": ["A subsequence starting at the start position."], "return_type": ["Slice<IndexSet.RangeView>"]}}, {"params": [{"param_description": "The number of elements to drop from the beginning of the collection. k must be greater than or equal to zero.", "param_name": ["k"], "param_type": "Int = 1"}], "method_name": "dropFirst", "is_static": false, "class_name": "IndexSet.RangeView", "method_description": "Returns a subsequence containing all but the given number of initial elements.", "return_value": {"return_name": [""], "return_description": ["A subsequence starting after the specified number of elements."], "return_type": ["Slice<IndexSet.RangeView>"]}}, {"params": [{"param_description": "The number of elements to drop off the end of the collection. k must be greater than or equal to zero.", "param_name": ["k"], "param_type": "Int"}], "method_name": "dropLast", "is_static": false, "class_name": "IndexSet.RangeView", "method_description": "Returns a subsequence containing all but the specified number of final elements.", "return_value": {"return_name": [""], "return_description": ["A subsequence that leaves off k elements from the end."], "return_type": ["Slice<IndexSet.RangeView>"]}}, {"params": [], "method_name": "enumerated", "is_static": false, "class_name": "IndexSet.RangeView", "method_description": "Returns a sequence of pairs (n, x), where n represents a consecutive integer starting at zero and x represents an element of the sequence.", "return_value": {"return_name": [""], "return_description": ["A sequence of pairs enumerating the sequence."], "return_type": ["EnumeratedSequence<IndexSet.RangeView>"]}}, {"params": [], "method_name": "makeIterator", "is_static": false, "class_name": "IndexSet.RangeView", "method_description": "Returns an iterator over the indexes of this range view.", "return_value": {"return_name": [""], "return_description": [], "return_type": ["IndexingIterator<IndexSet.RangeView>"]}}, {"params": [], "method_name": "reversed", "is_static": false, "class_name": "IndexSet.RangeView", "method_description": "Returns a view presenting the elements of the collection in reverse order.", "return_value": {"return_name": [""], "return_description": [], "return_type": ["ReversedCollection<IndexSet.RangeView>"]}}, {"params": [{"param_description": "The element that should be split upon.", "param_name": ["separator"], "param_type": "Range<IndexSet.Element>"}, {"param_description": "The maximum number of times to split the collection, or one less than the number of subsequences to return. If maxSplits + 1 subsequences are returned, the last one is a suffix of the original collection containing the remaining elements. maxSplits must be greater than or equal to zero. The default value is Int.max.", "param_name": ["maxSplits"], "param_type": "Int"}, {"param_description": "If false, an empty subsequence is returned in the result for each consecutive pair of separator elements in the collection and for each instance of separator at the start or end of the collection. If true, only nonempty subsequences are returned. The default value is true.", "param_name": ["omittingEmptySubsequences"], "param_type": "Bool = true"}], "method_name": "split", "is_static": false, "class_name": "IndexSet.RangeView", "method_description": "Returns the longest possible subsequences of the collection, in order, around elements equal to the given element.", "return_value": {"return_name": [""], "return_description": ["An array of subsequences, split from this collection\u2019s elements."], "return_type": ["[Slice<IndexSet.RangeView>]"]}}, {"params": [{"param_description": "A sequence to insert between each of this sequence\u2019s elements.", "param_name": ["separator"], "param_type": "Separator"}], "method_name": "joined", "is_static": false, "class_name": "IndexSet.RangeView", "method_description": "Returns the concatenated elements of this sequence of sequences, inserting the given separator between each element.", "return_value": {"return_name": [""], "return_description": ["The joined sequence of elements."], "return_type": ["JoinedSequence<IndexSet.RangeView>"]}}, {"params": [{"param_description": "The element to find in the sequence.", "param_name": ["element"], "param_type": "Range<IndexSet.Element>"}], "method_name": "contains", "is_static": false, "class_name": "IndexSet.RangeView", "method_description": "Returns a Boolean value indicating whether the sequence contains the given element.", "return_value": {"return_name": [""], "return_description": ["true if the element was found in the sequence; otherwise, false."], "return_type": ["Bool"]}}, {"params": [{"param_description": "The number of elements to drop from the beginning of the collection. k must be greater than or equal to zero.", "param_name": ["k"], "param_type": "Int = 1"}], "method_name": "dropFirst", "is_static": false, "class_name": "IndexSet.RangeView", "method_description": "Returns a subsequence containing all but the given number of initial elements.", "return_value": {"return_name": [""], "return_description": ["A subsequence starting after the specified number of elements."], "return_type": ["Slice<IndexSet.RangeView>"]}}, {"params": [{"param_description": "The number of elements to drop off the end of the collection. k must be greater than or equal to zero.", "param_name": ["k"], "param_type": "Int"}], "method_name": "dropLast", "is_static": false, "class_name": "IndexSet.RangeView", "method_description": "Returns a subsequence containing all but the specified number of final elements.", "return_value": {"return_name": [""], "return_description": ["A subsequence that leaves off k elements from the end."], "return_type": ["Slice<IndexSet.RangeView>"]}}, {"params": [{"param_description": "A sequence to compare to this sequence.", "param_name": ["other"], "param_type": "OtherSequence"}], "method_name": "elementsEqual", "is_static": false, "class_name": "IndexSet.RangeView", "method_description": "Returns a Boolean value indicating whether this sequence and another sequence contain the same elements in the same order.", "return_value": {"return_name": [""], "return_description": ["true if this sequence and other contain the same elements in the same order."], "return_type": ["Bool"]}}, {"params": [], "method_name": "enumerated", "is_static": false, "class_name": "IndexSet.RangeView", "method_description": "Returns a sequence of pairs (n, x), where n represents a consecutive integer starting at zero and x represents an element of the sequence.", "return_value": {"return_name": [""], "return_description": ["A sequence of pairs enumerating the sequence."], "return_type": ["EnumeratedSequence<IndexSet.RangeView>"]}}, {"params": [{"param_description": "", "param_name": ["after", "i"], "param_type": "IndexSet.RangeView.Index"}], "method_name": "index", "is_static": false, "class_name": "IndexSet.RangeView", "method_description": "Returns the index in the range after the specified one.", "return_value": {"return_name": [""], "return_description": [], "return_type": ["IndexSet.RangeView.Index"]}}, {"params": [{"param_description": "", "param_name": ["before", "i"], "param_type": "IndexSet.RangeView.Index"}], "method_name": "index", "is_static": false, "class_name": "IndexSet.RangeView", "method_description": "Returns the index in the range before the specified one.", "return_value": {"return_name": [""], "return_description": [], "return_type": ["IndexSet.RangeView.Index"]}}, {"params": [{"param_description": "A sequence to insert between each of this sequence\u2019s elements.", "param_name": ["separator"], "param_type": "Separator"}], "method_name": "joined", "is_static": false, "class_name": "IndexSet.RangeView", "method_description": "Returns the concatenated elements of this sequence of sequences, inserting the given separator between each element.", "return_value": {"return_name": [""], "return_description": ["The joined sequence of elements."], "return_type": ["JoinedSequence<IndexSet.RangeView>"]}}, {"params": [], "method_name": "makeIterator", "is_static": false, "class_name": "IndexSet.RangeView", "method_description": "Returns an iterator over the indexes of this range view.", "return_value": {"return_name": [""], "return_description": [], "return_type": ["IndexingIterator<IndexSet.RangeView>"]}}, {"params": [{"param_description": "The maximum number of elements to return. maxLength must be greater than or equal to zero.", "param_name": ["maxLength"], "param_type": "Int"}], "method_name": "prefix", "is_static": false, "class_name": "IndexSet.RangeView", "method_description": "Returns a subsequence, up to the specified maximum length, containing the initial elements of the collection.", "return_value": {"return_name": [""], "return_description": ["A subsequence starting at the beginning of this collection with at most maxLength elements."], "return_type": ["Slice<IndexSet.RangeView>"]}}, {"params": [{"param_description": "", "param_name": ["through", "position"], "param_type": "Int"}], "method_name": "prefix", "is_static": false, "class_name": "IndexSet.RangeView", "method_description": "Returns a subsequence from the start of the collection through the specified position.", "return_value": {"return_name": [""], "return_description": ["A subsequence up to, and including, the end position."], "return_type": ["Slice<IndexSet.RangeView>"]}}, {"params": [{"param_description": "The \u201cpast the end\u201d index of the resulting subsequence. end must be a valid index of the collection.", "param_name": ["upTo", "end"], "param_type": "Int"}], "method_name": "prefix", "is_static": false, "class_name": "IndexSet.RangeView", "method_description": "Returns a subsequence from the start of the collection up to, but not including, the specified position.", "return_value": {"return_name": [""], "return_description": ["A subsequence up to, but not including, the end position."], "return_type": ["Slice<IndexSet.RangeView>"]}}, {"params": [], "method_name": "reversed", "is_static": false, "class_name": "IndexSet.RangeView", "method_description": "Returns a view presenting the elements of the collection in reverse order.", "return_value": {"return_name": [""], "return_description": [], "return_type": ["ReversedCollection<IndexSet.RangeView>"]}}, {"params": [{"param_description": "The element that should be split upon.", "param_name": ["separator"], "param_type": "Range<IndexSet.Element>"}, {"param_description": "The maximum number of times to split the collection, or one less than the number of subsequences to return. If maxSplits + 1 subsequences are returned, the last one is a suffix of the original collection containing the remaining elements. maxSplits must be greater than or equal to zero. The default value is Int.max.", "param_name": ["maxSplits"], "param_type": "Int"}, {"param_description": "If false, an empty subsequence is returned in the result for each consecutive pair of separator elements in the collection and for each instance of separator at the start or end of the collection. If true, only nonempty subsequences are returned. The default value is true.", "param_name": ["omittingEmptySubsequences"], "param_type": "Bool = true"}], "method_name": "split", "is_static": false, "class_name": "IndexSet.RangeView", "method_description": "Returns the longest possible subsequences of the collection, in order, around elements equal to the given element.", "return_value": {"return_name": [""], "return_description": ["An array of subsequences, split from this collection\u2019s elements."], "return_type": ["[Slice<IndexSet.RangeView>]"]}}, {"params": [{"param_description": "A sequence to compare to this sequence.", "param_name": ["with", "possiblePrefix"], "param_type": "PossiblePrefix"}], "method_name": "starts", "is_static": false, "class_name": "IndexSet.RangeView", "method_description": "Returns a Boolean value indicating whether the initial elements of the sequence are the same as the elements in another sequence.", "return_value": {"return_name": [""], "return_description": ["true if the initial elements of the sequence are the same as the elements of possiblePrefix; otherwise, false. If possiblePrefix has no elements, the return value is true."], "return_type": ["Bool"]}}, {"params": [{"param_description": "The maximum number of elements to return. maxLength must be greater than or equal to zero.", "param_name": ["maxLength"], "param_type": "Int"}], "method_name": "suffix", "is_static": false, "class_name": "IndexSet.RangeView", "method_description": "Returns a subsequence, up to the given maximum length, containing the final elements of the collection.", "return_value": {"return_name": [""], "return_description": ["A subsequence terminating at the end of the collection with at most maxLength elements."], "return_type": ["Slice<IndexSet.RangeView>"]}}, {"params": [{"param_description": "The index at which to start the resulting subsequence. start must be a valid index of the collection.", "param_name": ["from", "start"], "param_type": "Int"}], "method_name": "suffix", "is_static": false, "class_name": "IndexSet.RangeView", "method_description": "Returns a subsequence from the specified position to the end of the collection.", "return_value": {"return_name": [""], "return_description": ["A subsequence starting at the start position."], "return_type": ["Slice<IndexSet.RangeView>"]}}, {"params": [{"param_description": "A value to compare.", "param_name": ["lhs"], "param_type": "IndexSet.RangeView"}, {"param_description": "Another value to compare.", "param_name": ["rhs"], "param_type": "IndexSet.RangeView"}], "method_name": "!=", "is_static": true, "class_name": "IndexSet.RangeView", "method_description": "Returns a Boolean value indicating whether two values are not equal.", "return_value": {"return_name": [""], "return_description": [], "return_type": ["Bool"]}}, {"params": [{"param_description": "", "param_name": ["lhs"], "param_type": "IndexSet.RangeView"}, {"param_description": "", "param_name": ["rhs"], "param_type": "IndexSet.RangeView"}], "method_name": "==", "is_static": true, "class_name": "IndexSet.RangeView", "method_description": "Indicates whether two range views are the same.", "return_value": {"return_name": [""], "return_description": [], "return_type": ["Bool"]}}, {"params": [{"param_description": "A closure that takes an element of the sequence as its argument and returns a Boolean value that indicates whether the passed element satisfies a condition.", "param_name": ["predicate"], "param_type": "(Range<IndexSet.Element>) throws -> Bool"}], "method_name": "allSatisfy", "is_static": false, "class_name": "IndexSet.RangeView", "method_description": "Returns a Boolean value indicating whether every element of a sequence satisfies a given predicate.", "return_value": {"return_name": [""], "return_description": ["true if the sequence contains only elements that satisfy predicate; otherwise, false."], "return_type": ["Bool"]}}, {"params": [{"param_description": "A closure that accepts an element of this sequence as its argument and returns an optional value.", "param_name": ["transform"], "param_type": "(Range<IndexSet.Element>) throws -> ElementOfResult"}], "method_name": "compactMap", "is_static": false, "class_name": "IndexSet.RangeView", "method_description": "Returns an array containing the non-nil results of calling the given transformation with each element of this sequence.", "return_value": {"return_name": [""], "return_description": ["An array of the non-nil results of calling transform with each element of the sequence."], "return_type": ["[ElementOfResult]"]}}, {"params": [{"param_description": "A closure that takes an element of the sequence as its argument and returns a Boolean value that indicates whether the passed element represents a match.", "param_name": ["where", "predicate"], "param_type": "(Range<IndexSet.Element>) throws -> Bool"}], "method_name": "contains", "is_static": false, "class_name": "IndexSet.RangeView", "method_description": "Returns a Boolean value indicating whether the sequence contains an element that satisfies the given predicate.", "return_value": {"return_name": [""], "return_description": ["true if the sequence contains an element that satisfies predicate; otherwise, false."], "return_type": [""]}}, {"params": [{"param_description": "A valid index of the collection.", "param_name": ["from", "start"], "param_type": "Int"}, {"param_description": "Another valid index of the collection. If end is equal to start, the result is zero.", "param_name": ["to", "end"], "param_type": "Int"}], "method_name": "distance", "is_static": false, "class_name": "IndexSet.RangeView", "method_description": "Returns the distance between two indices.", "return_value": {"return_name": [""], "return_description": ["The distance between start and end. The result can be negative only if the collection conforms to the BidirectionalCollection protocol."], "return_type": ["Int"]}}, {"params": [{"param_description": "A closure that takes an element of the sequence as its argument and returns true if the element should be skipped or false if it should be included. Once the predicate returns false it will not be called again.", "param_name": ["while", "predicate"], "param_type": "(Range<IndexSet.Element>) throws -> Bool"}], "method_name": "drop", "is_static": false, "class_name": "IndexSet.RangeView", "method_description": "Returns a subsequence by skipping elements while predicate returns true and returning the remaining elements.", "return_value": {"return_name": [""], "return_description": [], "return_type": ["Slice<IndexSet.RangeView>"]}}, {"params": [{"param_description": "A sequence to compare to this sequence.", "param_name": ["other"], "param_type": "Sequence"}, {"param_description": "A predicate that returns true if its two arguments are equivalent; otherwise, false.", "param_name": ["by", "areEquivalent"], "param_type": "(Range<IndexSet.Element>, OtherSequence.Element) throws -> Bool"}], "method_name": "elementsEqual", "is_static": false, "class_name": "IndexSet.RangeView", "method_description": "Returns a Boolean value indicating whether this sequence and another sequence contain equivalent elements in the same order, using the given predicate as the equivalence test.", "return_value": {"return_name": [""], "return_description": ["true if this sequence and other contain equivalent items, using areEquivalent as the equivalence test; otherwise, false."], "return_type": ["Bool"]}}, {"params": [{"param_description": "A closure that takes an element of the sequence as its argument and returns a Boolean value indicating whether the element should be included in the returned array.", "param_name": ["isIncluded"], "param_type": "(Range<IndexSet.Element>) throws -> Bool"}], "method_name": "filter", "is_static": false, "class_name": "IndexSet.RangeView", "method_description": "Returns an array containing, in order, the elements of the sequence that satisfy the given predicate.", "return_value": {"return_name": [""], "return_description": ["An array of the elements that isIncluded allowed."], "return_type": ["[Range<IndexSet.Element>]"]}}, {"params": [{"param_description": "A closure that takes an element of the sequence as its argument and returns a Boolean value indicating whether the element is a match.", "param_name": ["where", "predicate"], "param_type": "(Range<IndexSet.Element>) throws -> Bool"}], "method_name": "first", "is_static": false, "class_name": "IndexSet.RangeView", "method_description": "Returns the first element of the sequence that satisfies the given predicate.", "return_value": {"return_name": [""], "return_description": ["The first element of the sequence that satisfies predicate, or nil if there is no element that satisfies predicate."], "return_type": [""]}}, {"params": [{"param_description": "An element to search for in the collection.", "param_name": ["of", "element"], "param_type": "Range<IndexSet.Element>"}], "method_name": "firstIndex", "is_static": false, "class_name": "IndexSet.RangeView", "method_description": "Returns the first index where the specified value appears in the collection.", "return_value": {"return_name": [""], "return_description": ["The first index where element is found. If element is not found in the collection, returns nil."], "return_type": ["Int"]}}, {"params": [{"param_description": "A closure that takes an element as its argument and returns a Boolean value that indicates whether the passed element represents a match.", "param_name": ["where", "predicate"], "param_type": "(Range<IndexSet.Element>) throws -> Bool"}], "method_name": "firstIndex", "is_static": false, "class_name": "IndexSet.RangeView", "method_description": "Returns the first index in which an element of the collection satisfies the given predicate.", "return_value": {"return_name": [""], "return_description": ["The index of the first element for which predicate returns true. If no elements in the collection satisfy the given predicate, returns nil."], "return_type": [""]}}, {"params": [{"param_description": "A closure that takes an element of the sequence as a parameter.", "param_name": ["body"], "param_type": "(Range<IndexSet.Element>) throws -> Void"}], "method_name": "forEach", "is_static": false, "class_name": "IndexSet.RangeView", "method_description": "Calls the given closure on each element in the sequence in the same order as a for-in loop.", "return_value": {"return_name": [""], "return_description": [], "return_type": ["Void rethrows"]}}, {"params": [{"param_description": "A valid index of the collection.", "param_name": ["i"], "param_type": "inout Int"}, {"param_description": "The distance to offset i. distance must not be negative unless the collection conforms to the BidirectionalCollection protocol.", "param_name": ["offsetBy", "distance"], "param_type": "Int"}], "method_name": "formIndex", "is_static": false, "class_name": "IndexSet.RangeView", "method_description": "Offsets the given index by the specified distance.", "return_value": {"return_name": [], "return_description": [], "return_type": []}}, {"params": [{"param_description": "A valid index of the collection.", "param_name": ["i"], "param_type": "inout Int"}, {"param_description": "The distance to offset i. distance must not be negative unless the collection conforms to the BidirectionalCollection protocol.", "param_name": ["offsetBy", "distance"], "param_type": "Int"}, {"param_description": "A valid index of the collection to use as a limit. If distance > 0, a limit that is less than i has no effect. Likewise, if distance < 0, a limit that is greater than i has no effect.", "param_name": ["limitedBy", "limit"], "param_type": "Int"}], "method_name": "formIndex", "is_static": false, "class_name": "IndexSet.RangeView", "method_description": "Offsets the given index by the specified distance, or so that it equals the given limiting index.", "return_value": {"return_name": [""], "return_description": ["true if i has been offset by exactly distance steps without going beyond limit; otherwise, false. When the return value is false, the value of i is equal to limit."], "return_type": ["Bool"]}}, {"params": [{"param_description": "A valid index of the collection. i must be less than endIndex.", "param_name": ["after", "i"], "param_type": "inout Int"}], "method_name": "formIndex", "is_static": false, "class_name": "IndexSet.RangeView", "method_description": "Replaces the given index with its successor.", "return_value": {"return_name": [], "return_description": [], "return_type": []}}, {"params": [{"param_description": "A valid index of the collection. i must be greater than startIndex.", "param_name": ["before", "i"], "param_type": "inout Int"}], "method_name": "formIndex", "is_static": false, "class_name": "IndexSet.RangeView", "method_description": "Replaces the given index with its predecessor.", "return_value": {"return_name": [], "return_description": [], "return_type": []}}, {"params": [{"param_description": "A valid index of the collection.", "param_name": ["i"], "param_type": "Int"}, {"param_description": "", "param_name": ["offsetBy", "distance"], "param_type": "Int"}], "method_name": "index", "is_static": false, "class_name": "IndexSet.RangeView", "method_description": "Returns an index that is the specified distance from the given index.", "return_value": {"return_name": [""], "return_description": ["An index offset by n from the index i. If n is positive, this is the same value as the result of n calls to index(after:). If n is negative, this is the same value as the result of -n calls to index(before:)."], "return_type": ["Int"]}}, {"params": [{"param_description": "A valid index of the collection.", "param_name": ["i"], "param_type": "Int"}, {"param_description": "", "param_name": ["offsetBy", "distance"], "param_type": "Int"}, {"param_description": "A valid index of the collection to use as a limit. If n > 0, a limit that is less than i has no effect. Likewise, if n < 0, a limit that is greater than i has no effect.", "param_name": ["limitedBy", "limit"], "param_type": "Int"}], "method_name": "index", "is_static": false, "class_name": "IndexSet.RangeView", "method_description": "Returns an index that is the specified distance from the given index, unless that distance is beyond a given limiting index.", "return_value": {"return_name": [""], "return_description": ["An index offset by n from the index i, unless that index would be beyond limit in the direction of movement. In that case, the method returns nil."], "return_type": ["Int"]}}, {"params": [{"param_description": "A closure that takes an element of the sequence as its argument and returns a Boolean value indicating whether the element is a match.", "param_name": ["where", "predicate"], "param_type": "(Range<IndexSet.Element>) throws -> Bool"}], "method_name": "last", "is_static": false, "class_name": "IndexSet.RangeView", "method_description": "Returns the last element of the sequence that satisfies the given predicate.", "return_value": {"return_name": [""], "return_description": ["The last element of the sequence that satisfies predicate, or nil if there is no element that satisfies predicate."], "return_type": [""]}}, {"params": [{"param_description": "An element to search for in the collection.", "param_name": ["of", "element"], "param_type": "Range<IndexSet.Element>"}], "method_name": "lastIndex", "is_static": false, "class_name": "IndexSet.RangeView", "method_description": "Returns the last index where the specified value appears in the collection.", "return_value": {"return_name": [""], "return_description": ["The last index where element is found. If element is not found in the collection, this method returns nil."], "return_type": ["Int"]}}, {"params": [{"param_description": "A closure that takes an element as its argument and returns a Boolean value that indicates whether the passed element represents a match.", "param_name": ["where", "predicate"], "param_type": "(Range<IndexSet.Element>) throws -> Bool"}], "method_name": "lastIndex", "is_static": false, "class_name": "IndexSet.RangeView", "method_description": "Returns the index of the last element in the collection that matches the given predicate.", "return_value": {"return_name": [""], "return_description": ["The index of the last element in the collection that matches predicate, or nil if no elements match."], "return_type": [""]}}, {"params": [{"param_description": "A sequence to compare to this sequence.", "param_name": ["other"], "param_type": "Sequence"}, {"param_description": "A predicate that returns true if its first argument should be ordered before its second argument; otherwise, false.", "param_name": ["by", "areInIncreasingOrder"], "param_type": "(Range<IndexSet.Element>, Range<IndexSet.Element>) throws -> Bool"}], "method_name": "lexicographicallyPrecedes", "is_static": false, "class_name": "IndexSet.RangeView", "method_description": "Returns a Boolean value indicating whether the sequence precedes another sequence in a lexicographical (dictionary) ordering, using the given predicate to compare elements.", "return_value": {"return_name": [""], "return_description": ["true if this sequence precedes other in a dictionary ordering as ordered by areInIncreasingOrder; otherwise, false."], "return_type": ["Bool"]}}, {"params": [{"param_description": "A mapping closure. transform accepts an element of this sequence as its parameter and returns a transformed value of the same or of a different type.", "param_name": ["transform"], "param_type": "(Range<IndexSet.Element>) throws -> T"}], "method_name": "map", "is_static": false, "class_name": "IndexSet.RangeView", "method_description": "Returns an array containing the results of mapping the given closure over the sequence\u2019s elements.", "return_value": {"return_name": [""], "return_description": ["An array containing the transformed elements of this sequence."], "return_type": ["[T]"]}}, {"params": [{"param_description": "A mapping closure. transform accepts an element of this sequence as its parameter and returns a transformed value of the same or of a different type.", "param_name": ["transform"], "param_type": "(Range<IndexSet.Element>) throws -> T"}], "method_name": "map", "is_static": false, "class_name": "IndexSet.RangeView", "method_description": "Returns an array containing the results of mapping the given closure over the sequence\u2019s elements.", "return_value": {"return_name": [""], "return_description": ["An array containing the transformed elements of this sequence."], "return_type": ["[T]"]}}, {"params": [{"param_description": "A predicate that returns true if its first argument should be ordered before its second argument; otherwise, false.", "param_name": ["by", "areInIncreasingOrder"], "param_type": "(Range<IndexSet.Element>, Range<IndexSet.Element>) throws -> Bool"}], "method_name": "max", "is_static": false, "class_name": "IndexSet.RangeView", "method_description": "Returns the maximum element in the sequence, using the given predicate as the comparison between elements.", "return_value": {"return_name": [""], "return_description": ["The sequence\u2019s maximum element if the sequence is not empty; otherwise, nil."], "return_type": ["Range<IndexSet.Element>"]}}, {"params": [{"param_description": "A predicate that returns true if its first argument should be ordered before its second argument; otherwise, false.", "param_name": ["by", "areInIncreasingOrder"], "param_type": "(Range<IndexSet.Element>, Range<IndexSet.Element>) throws -> Bool"}], "method_name": "min", "is_static": false, "class_name": "IndexSet.RangeView", "method_description": "Returns the minimum element in the sequence, using the given predicate as the comparison between elements.", "return_value": {"return_name": [""], "return_description": ["The sequence\u2019s minimum element, according to areInIncreasingOrder. If the sequence has no elements, returns nil."], "return_type": ["Range<IndexSet.Element>"]}}, {"params": [{"param_description": "A closure that takes an element of the sequence as its argument and returns true if the element should be included or false if it should be excluded. Once the predicate returns false it will not be called again.", "param_name": ["while", "predicate"], "param_type": "(Range<IndexSet.Element>) throws -> Bool"}], "method_name": "prefix", "is_static": false, "class_name": "IndexSet.RangeView", "method_description": "Returns a subsequence containing the initial elements until predicate returns false and skipping the remaining elements.", "return_value": {"return_name": [""], "return_description": [], "return_type": ["Slice<IndexSet.RangeView>"]}}, {"params": [], "method_name": "randomElement", "is_static": false, "class_name": "IndexSet.RangeView", "method_description": "Returns a random element of the collection.", "return_value": {"return_name": [""], "return_description": ["A random element from the collection. If the collection is empty, the method returns nil."], "return_type": ["Range<IndexSet.Element>"]}}, {"params": [{"param_description": "The random number generator to use when choosing a random element.", "param_name": ["using", "generator"], "param_type": "inout T"}], "method_name": "randomElement", "is_static": false, "class_name": "IndexSet.RangeView", "method_description": "Returns a random element of the collection, using the given generator as a source for randomness.", "return_value": {"return_name": [""], "return_description": ["A random element from the collection. If the collection is empty, the method returns nil."], "return_type": ["Range<IndexSet.Element>"]}}, {"params": [{"param_description": "The value to use as the initial accumulating value. initialResult is passed to nextPartialResult the first time the closure is executed.", "param_name": ["initialResult"], "param_type": "Result"}, {"param_description": "A closure that combines an accumulating value and an element of the sequence into a new accumulating value, to be used in the next call of the nextPartialResult closure or returned to the caller.", "param_name": ["nextPartialResult"], "param_type": "(Result, Range<IndexSet.Element>) throws -> Result"}], "method_name": "reduce", "is_static": false, "class_name": "IndexSet.RangeView", "method_description": "Returns the result of combining the elements of the sequence using the given closure.", "return_value": {"return_name": [""], "return_description": ["The final accumulated value. If the sequence has no elements, the result is initialResult."], "return_type": ["Result"]}}, {"params": [], "method_name": "shuffled", "is_static": false, "class_name": "IndexSet.RangeView", "method_description": "Returns the elements of the sequence, shuffled.", "return_value": {"return_name": [""], "return_description": ["A shuffled array of this sequence\u2019s elements."], "return_type": ["[Range<IndexSet.Element>]"]}}, {"params": [{"param_description": "The random number generator to use when shuffling the sequence.", "param_name": ["using", "generator"], "param_type": "inout T"}], "method_name": "shuffled", "is_static": false, "class_name": "IndexSet.RangeView", "method_description": "Returns the elements of the sequence, shuffled using the given generator as a source for randomness.", "return_value": {"return_name": [""], "return_description": ["An array of this sequence\u2019s elements in a shuffled order."], "return_type": ["[Range<IndexSet.Element>]"]}}, {"params": [{"param_description": "A predicate that returns true if its first argument should be ordered before its second argument; otherwise, false.", "param_name": ["by", "areInIncreasingOrder"], "param_type": "(Range<IndexSet.Element>, Range<IndexSet.Element>) throws -> Bool"}], "method_name": "sorted", "is_static": false, "class_name": "IndexSet.RangeView", "method_description": "Returns the elements of the sequence, sorted using the given predicate as the comparison between elements.", "return_value": {"return_name": [""], "return_description": ["A sorted array of the sequence\u2019s elements."], "return_type": ["[Range<IndexSet.Element>]"]}}, {"params": [{"param_description": "The maximum number of times to split the collection, or one less than the number of subsequences to return. If maxSplits + 1 subsequences are returned, the last one is a suffix of the original collection containing the remaining elements. maxSplits must be greater than or equal to zero. The default value is Int.max.", "param_name": ["maxSplits"], "param_type": "Int"}, {"param_description": "If false, an empty subsequence is returned in the result for each pair of consecutive elements satisfying the isSeparator predicate and for each element at the start or end of the collection satisfying the isSeparator predicate. The default value is true.", "param_name": ["omittingEmptySubsequences"], "param_type": "Bool"}, {"param_description": "A closure that takes an element as an argument and returns a Boolean value indicating whether the collection should be split at that element.", "param_name": ["whereSeparator", "isSeparator"], "param_type": "(Range<IndexSet.Element>) throws -> Bool"}], "method_name": "split", "is_static": false, "class_name": "IndexSet.RangeView", "method_description": "Returns the longest possible subsequences of the collection, in order, that don\u2019t contain elements satisfying the given predicate.", "return_value": {"return_name": [""], "return_description": ["An array of subsequences, split from this collection\u2019s elements."], "return_type": [""]}}, {"params": [{"param_description": "A sequence to compare to this sequence.", "param_name": ["with", "possiblePrefix"], "param_type": "Sequence"}, {"param_description": "A predicate that returns true if its two arguments are equivalent; otherwise, false.", "param_name": ["by", "areEquivalent"], "param_type": "(Range<IndexSet.Element>, PossiblePrefix.Element) throws -> Bool"}], "method_name": "starts", "is_static": false, "class_name": "IndexSet.RangeView", "method_description": "Returns a Boolean value indicating whether the initial elements of the sequence are equivalent to the elements in another sequence, using the given predicate as the equivalence test.", "return_value": {"return_name": [""], "return_description": ["true if the initial elements of the sequence are equivalent to the elements of possiblePrefix; otherwise, false. If possiblePrefix has no elements, the return value is true."], "return_type": ["Bool"]}}], "Vars": [{"var_type": "Int", "var_description": "The number of elements in the collection.", "var_name": "count"}, {"var_type": "IndexSet.RangeView.Index", "var_description": "The ending index in the range.", "var_name": "endIndex"}, {"var_type": "Range<IndexSet.Element>", "var_description": "The first element of the collection.", "var_name": "first"}, {"var_type": "Bool", "var_description": "A Boolean value indicating whether the collection is empty.", "var_name": "isEmpty"}, {"var_type": "Range<IndexSet.Element>", "var_description": "The last element of the collection.", "var_name": "last"}, {"var_type": "LazySequence<IndexSet.RangeView>", "var_description": "A sequence containing the same elements as this sequence, but on which some operations, such as map and filter, are implemented lazily.", "var_name": "lazy"}, {"var_type": "IndexSet.RangeView.Index", "var_description": "The beginning index in the range.", "var_name": "startIndex"}, {"var_type": "IndexSet.RangeView.Index", "var_description": "The beginning index in the range.", "var_name": "startIndex"}, {"var_type": "IndexSet.RangeView.Index", "var_description": "The ending index in the range.", "var_name": "endIndex"}, {"var_type": "LazySequence<IndexSet.RangeView>", "var_description": "A sequence containing the same elements as this sequence, but on which some operations, such as map and filter, are implemented lazily.", "var_name": "lazy"}, {"var_type": "DefaultIndices<IndexSet.RangeView>", "var_description": "The indices that are valid for subscripting the collection, in ascending order.", "var_name": "indices"}, {"var_type": "Int", "var_description": "A value less than or equal to the number of elements in the collection.", "var_name": "underestimatedCount"}, {"var_type": "Int", "var_description": "A value less than or equal to the number of elements in the collection.", "var_name": "underestimatedCount"}], "interface_list": ["BidirectionalCollection", "Equatable"], "package_name": "foundation", "subclass_list": [], "class_name": "IndexSet.RangeView", "class_description": "For example, if an IndexSet is composed of: [1..<5] and [7..<10] and [13] then calling next() on this view\u2019s iterator will produce 3 ranges before returning nil.\n", "class_inherit_list": []}