{"Methods": [{"params": [{"param_description": "A value to convert to this type of integer. The value passed as source must be representable in this type.", "param_name": ["source"], "param_type": "T"}], "method_name": "init", "is_static": false, "class_name": "Int", "method_description": "Creates a new instance from the given integer.", "return_value": {"return_name": [], "return_description": [], "return_type": []}}, {"params": [{"param_description": "A value to convert to this type of integer.", "param_name": ["exactly", "source"], "param_type": "T"}], "method_name": "init", "is_static": false, "class_name": "Int", "method_description": "Creates a new instance from the given integer, if it can be represented exactly.", "return_value": {"return_name": [], "return_description": [], "return_type": []}}, {"params": [{"param_description": "An integer to convert to this type.", "param_name": ["clamping", "source"], "param_type": "Other"}], "method_name": "init", "is_static": false, "class_name": "Int", "method_description": "Creates a new instance with the representable value that\u2019s closest to the given integer.", "return_value": {"return_name": [], "return_description": [], "return_type": []}}, {"params": [{"param_description": "An integer to convert to this type.", "param_name": ["truncatingIfNeeded", "source"], "param_type": "T"}], "method_name": "init", "is_static": false, "class_name": "Int", "method_description": "Creates a new instance from the bit pattern of the given instance by truncating or sign-extending if needed to fit this type.", "return_value": {"return_name": [], "return_description": [], "return_type": []}}, {"params": [{"param_description": "A value to use as the source of the new instance\u2019s binary representation.", "param_name": ["bitPattern", "x"], "param_type": "UInt"}], "method_name": "init", "is_static": false, "class_name": "Int", "method_description": "Creates a new instance with the same memory representation as the given value.", "return_value": {"return_name": [], "return_description": [], "return_type": []}}, {"params": [{"param_description": "A floating-point value to convert to an integer. source must be representable in this type after rounding toward zero.", "param_name": ["source"], "param_type": "T"}], "method_name": "init", "is_static": false, "class_name": "Int", "method_description": "Creates an integer from the given floating-point value, rounding toward zero. Any fractional part of the value passed as source is removed.", "return_value": {"return_name": [], "return_description": [], "return_type": []}}, {"params": [{"param_description": "A floating-point value to convert to an integer.", "param_name": ["exactly", "source"], "param_type": "T"}], "method_name": "init", "is_static": false, "class_name": "Int", "method_description": "Creates an integer from the given floating-point value, if it can be represented exactly.", "return_value": {"return_name": [], "return_description": [], "return_type": []}}, {"params": [{"param_description": "A floating-point value to convert to an integer. source must be representable in this type after rounding toward zero.", "param_name": ["source"], "param_type": "Double"}], "method_name": "init", "is_static": false, "class_name": "Int", "method_description": "Creates an integer from the given floating-point value, rounding toward zero.", "return_value": {"return_name": [], "return_description": [], "return_type": []}}, {"params": [{"param_description": "A floating-point value to convert to an integer. source must be representable in this type after rounding toward zero.", "param_name": ["source"], "param_type": "Float"}], "method_name": "init", "is_static": false, "class_name": "Int", "method_description": "Creates an integer from the given floating-point value, rounding toward zero.", "return_value": {"return_name": [], "return_description": [], "return_type": []}}, {"params": [{"param_description": "A floating-point value to convert to an integer. value must be representable in this type after rounding toward zero.", "param_name": ["value"], "param_type": "CGFloat"}], "method_name": "init", "is_static": false, "class_name": "Int", "method_description": "Creates an integer from the given floating-point value, rounding toward zero.", "return_value": {"return_name": [], "return_description": [], "return_type": []}}, {"params": [{"param_description": "A floating-point value to convert to an integer. source must be representable in this type after rounding toward zero.", "param_name": ["source"], "param_type": "Float80"}], "method_name": "init", "is_static": false, "class_name": "Int", "method_description": "Creates an integer from the given floating-point value, rounding toward zero.", "return_value": {"return_name": [], "return_description": [], "return_type": []}}, {"params": [{"param_description": "A floating-point value to convert to an integer.", "param_name": ["exactly", "source"], "param_type": "Double"}], "method_name": "init", "is_static": false, "class_name": "Int", "method_description": "Creates an integer from the given floating-point value, if it can be represented exactly.", "return_value": {"return_name": [], "return_description": [], "return_type": []}}, {"params": [{"param_description": "A floating-point value to convert to an integer.", "param_name": ["exactly", "source"], "param_type": "Float"}], "method_name": "init", "is_static": false, "class_name": "Int", "method_description": "Creates an integer from the given floating-point value, if it can be represented exactly.", "return_value": {"return_name": [], "return_description": [], "return_type": []}}, {"params": [{"param_description": "A floating-point value to convert to an integer.", "param_name": ["exactly", "source"], "param_type": "Float80"}], "method_name": "init", "is_static": false, "class_name": "Int", "method_description": "Creates an integer from the given floating-point value, if it can be represented exactly.", "return_value": {"return_name": [], "return_description": [], "return_type": []}}, {"params": [{"param_description": "The ASCII representation of a number.", "param_name": ["description"], "param_type": "String"}], "method_name": "init", "is_static": false, "class_name": "Int", "method_description": "Creates a new integer value from the given string.", "return_value": {"return_name": [], "return_description": [], "return_type": []}}, {"params": [{"param_description": "The ASCII representation of a number in the radix passed as radix.", "param_name": ["text"], "param_type": "StringProtocol"}, {"param_description": "The radix, or base, to use for converting text to an integer value. radix must be in the range 2...36. The default is 10.", "param_name": ["radix"], "param_type": "Int = 10"}], "method_name": "init", "is_static": false, "class_name": "Int", "method_description": "Creates a new integer value from the given string and radix.", "return_value": {"return_name": [], "return_description": [], "return_type": []}}, {"params": [{"param_description": "The range in which to create a random value. range must not be empty.", "param_name": ["in", "range"], "param_type": "Range<Int>"}], "method_name": "random", "is_static": true, "class_name": "Int", "method_description": "Returns a random value within the specified range.", "return_value": {"return_name": [""], "return_description": ["A random value within the bounds of range."], "return_type": ["Int"]}}, {"params": [{"param_description": "The range in which to create a random value. range must not be empty.", "param_name": ["in", "range"], "param_type": "Range<Int>"}, {"param_description": "The random number generator to use when creating the new random value.", "param_name": ["using", "generator"], "param_type": "inout T"}], "method_name": "random", "is_static": true, "class_name": "Int", "method_description": "Returns a random value within the specified range, using the given generator as a source for randomness.", "return_value": {"return_name": [""], "return_description": ["A random value within the bounds of range."], "return_type": ["Int"]}}, {"params": [{"param_description": "The range in which to create a random value.", "param_name": ["in", "range"], "param_type": "ClosedRange<Int>"}], "method_name": "random", "is_static": true, "class_name": "Int", "method_description": "Returns a random value within the specified range.", "return_value": {"return_name": [""], "return_description": ["A random value within the bounds of range."], "return_type": ["Int"]}}, {"params": [{"param_description": "The range in which to create a random value.", "param_name": ["in", "range"], "param_type": "ClosedRange<Int>"}, {"param_description": "The random number generator to use when creating the new random value.", "param_name": ["using", "generator"], "param_type": "inout T"}], "method_name": "random", "is_static": true, "class_name": "Int", "method_description": "Returns a random value within the specified range, using the given generator as a source for randomness.", "return_value": {"return_name": [""], "return_description": ["A random value within the bounds of range."], "return_type": ["Int"]}}, {"params": [{"param_description": "The first value to add.", "param_name": ["lhs"], "param_type": "Int"}, {"param_description": "The second value to add.", "param_name": ["rhs"], "param_type": "Int"}], "method_name": "+", "is_static": true, "class_name": "Int", "method_description": "Adds two values and produces their sum.", "return_value": {"return_name": [""], "return_description": [], "return_type": ["Int"]}}, {"params": [{"param_description": "A numeric value.", "param_name": ["lhs"], "param_type": "Int"}, {"param_description": "The value to subtract from lhs.", "param_name": ["rhs"], "param_type": "Int"}], "method_name": "-", "is_static": true, "class_name": "Int", "method_description": "Subtracts one value from another and produces their difference.", "return_value": {"return_name": [""], "return_description": [], "return_type": ["Int"]}}, {"params": [{"param_description": "The first value to multiply.", "param_name": ["lhs"], "param_type": "Int"}, {"param_description": "The second value to multiply.", "param_name": ["rhs"], "param_type": "Int"}], "method_name": "*", "is_static": true, "class_name": "Int", "method_description": "Multiplies two values and produces their product.", "return_value": {"return_name": [""], "return_description": [], "return_type": ["Int"]}}, {"params": [{"param_description": "The value to divide.", "param_name": ["lhs"], "param_type": "Int"}, {"param_description": "The value to divide lhs by. rhs must not be zero.", "param_name": ["rhs"], "param_type": "Int"}], "method_name": "/", "is_static": true, "class_name": "Int", "method_description": "Returns the quotient of dividing the first value by the second.", "return_value": {"return_name": [""], "return_description": [], "return_type": ["Int"]}}, {"params": [{"param_description": "The value to divide.", "param_name": ["lhs"], "param_type": "Int"}, {"param_description": "The value to divide lhs by. rhs must not be zero.", "param_name": ["rhs"], "param_type": "Int"}], "method_name": "%", "is_static": true, "class_name": "Int", "method_description": "Returns the remainder of dividing the first value by the second.", "return_value": {"return_name": [""], "return_description": [], "return_type": ["Int"]}}, {"params": [{"param_description": "The first value to add.", "param_name": ["lhs"], "param_type": "inout Int"}, {"param_description": "The second value to add.", "param_name": ["rhs"], "param_type": "Int"}], "method_name": "+=", "is_static": true, "class_name": "Int", "method_description": "Adds two values and stores the result in the left-hand-side variable.", "return_value": {"return_name": [], "return_description": [], "return_type": []}}, {"params": [{"param_description": "The first value to multiply.", "param_name": ["lhs"], "param_type": "inout Int"}, {"param_description": "The second value to multiply.", "param_name": ["rhs"], "param_type": "Int"}], "method_name": "*=", "is_static": true, "class_name": "Int", "method_description": "Multiplies two values and stores the result in the left-hand-side variable.", "return_value": {"return_name": [], "return_description": [], "return_type": []}}, {"params": [{"param_description": "The value to divide.", "param_name": ["lhs"], "param_type": "inout Int"}, {"param_description": "The value to divide lhs by. rhs must not be zero.", "param_name": ["rhs"], "param_type": "Int"}], "method_name": "/=", "is_static": true, "class_name": "Int", "method_description": "Divides the first value by the second and stores the quotient in the left-hand-side variable.", "return_value": {"return_name": [], "return_description": [], "return_type": []}}, {"params": [{"param_description": "The value to divide.", "param_name": ["lhs"], "param_type": "inout Int"}, {"param_description": "The value to divide lhs by. rhs must not be zero.", "param_name": ["rhs"], "param_type": "Int"}], "method_name": "%=", "is_static": true, "class_name": "Int", "method_description": "Divides the first value by the second and stores the remainder in the left-hand-side variable.", "return_value": {"return_name": [], "return_description": [], "return_type": []}}, {"params": [{"param_description": "", "param_name": ["lhs"], "param_type": "Int"}, {"param_description": "", "param_name": ["rhs"], "param_type": "Int"}], "method_name": "&+", "is_static": true, "class_name": "Int", "method_description": "", "return_value": {"return_name": [""], "return_description": [], "return_type": ["Int"]}}, {"params": [{"param_description": "The first value to add.", "param_name": ["lhs"], "param_type": "Int"}, {"param_description": "The second value to add.", "param_name": ["rhs"], "param_type": "Int"}], "method_name": "&+", "is_static": true, "class_name": "Int", "method_description": "Returns the sum of the two given values, wrapping the result in case of any overflow.", "return_value": {"return_name": [""], "return_description": [], "return_type": ["Int"]}}, {"params": [{"param_description": "", "param_name": ["lhs"], "param_type": "Int"}, {"param_description": "", "param_name": ["rhs"], "param_type": "Int"}], "method_name": "&-", "is_static": true, "class_name": "Int", "method_description": "", "return_value": {"return_name": [""], "return_description": [], "return_type": ["Int"]}}, {"params": [{"param_description": "A numeric value.", "param_name": ["lhs"], "param_type": "Int"}, {"param_description": "The value to subtract from lhs.", "param_name": ["rhs"], "param_type": "Int"}], "method_name": "&-", "is_static": true, "class_name": "Int", "method_description": "Returns the difference of the two given values, wrapping the result in case of any overflow.", "return_value": {"return_name": [""], "return_description": [], "return_type": ["Int"]}}, {"params": [{"param_description": "The first value to multiply.", "param_name": ["lhs"], "param_type": "Int"}, {"param_description": "The second value to multiply.", "param_name": ["rhs"], "param_type": "Int"}], "method_name": "&*", "is_static": true, "class_name": "Int", "method_description": "Returns the product of the two given values, wrapping the result in case of any overflow.", "return_value": {"return_name": [""], "return_description": [], "return_type": ["Int"]}}, {"params": [{"param_description": "The first value to add.", "param_name": ["lhs"], "param_type": "inout Int"}, {"param_description": "The second value to add.", "param_name": ["rhs"], "param_type": "Int"}], "method_name": "&+=", "is_static": true, "class_name": "Int", "method_description": "Adds two values and stores the result in the left-hand-side variable, wrapping any overflow.", "return_value": {"return_name": [], "return_description": [], "return_type": []}}, {"params": [{"param_description": "A numeric value.", "param_name": ["lhs"], "param_type": "inout Int"}, {"param_description": "The value to subtract from lhs.", "param_name": ["rhs"], "param_type": "Int"}], "method_name": "&-=", "is_static": true, "class_name": "Int", "method_description": "Subtracts the second value from the first and stores the difference in the left-hand-side variable, wrapping any overflow.", "return_value": {"return_name": [], "return_description": [], "return_type": []}}, {"params": [{"param_description": "The first value to multiply.", "param_name": ["lhs"], "param_type": "inout Int"}, {"param_description": "The second value to multiply.", "param_name": ["rhs"], "param_type": "Int"}], "method_name": "&*=", "is_static": true, "class_name": "Int", "method_description": "Multiplies two values and stores the result in the left-hand-side variable, wrapping any overflow.", "return_value": {"return_name": [], "return_description": [], "return_type": []}}, {"params": [{"param_description": "An integer value.", "param_name": ["lhs"], "param_type": "Int"}, {"param_description": "Another integer value.", "param_name": ["rhs"], "param_type": "Int"}], "method_name": "&", "is_static": true, "class_name": "Int", "method_description": "Returns the result of performing a bitwise AND operation on the two given values.", "return_value": {"return_name": [""], "return_description": [], "return_type": ["Int"]}}, {"params": [{"param_description": "An integer value.", "param_name": ["lhs"], "param_type": "Int"}, {"param_description": "Another integer value.", "param_name": ["rhs"], "param_type": "Int"}], "method_name": "&", "is_static": true, "class_name": "Int", "method_description": "Returns the result of performing a bitwise AND operation on the two given values.", "return_value": {"return_name": [""], "return_description": [], "return_type": ["Int"]}}, {"params": [{"param_description": "An integer value.", "param_name": ["lhs"], "param_type": "inout Int"}, {"param_description": "Another integer value.", "param_name": ["rhs"], "param_type": "Int"}], "method_name": "&=", "is_static": true, "class_name": "Int", "method_description": "Stores the result of performing a bitwise AND operation on the two given values in the left-hand-side variable.", "return_value": {"return_name": [], "return_description": [], "return_type": []}}, {"params": [{"param_description": "An integer value.", "param_name": ["lhs"], "param_type": "Int"}, {"param_description": "Another integer value.", "param_name": ["rhs"], "param_type": "Int"}], "method_name": "|", "is_static": true, "class_name": "Int", "method_description": "Returns the result of performing a bitwise OR operation on the two given values.", "return_value": {"return_name": [""], "return_description": [], "return_type": ["Int"]}}, {"params": [{"param_description": "An integer value.", "param_name": ["lhs"], "param_type": "Int"}, {"param_description": "Another integer value.", "param_name": ["rhs"], "param_type": "Int"}], "method_name": "|", "is_static": true, "class_name": "Int", "method_description": "Returns the result of performing a bitwise OR operation on the two given values.", "return_value": {"return_name": [""], "return_description": [], "return_type": ["Int"]}}, {"params": [{"param_description": "An integer value.", "param_name": ["lhs"], "param_type": "inout Int"}, {"param_description": "Another integer value.", "param_name": ["rhs"], "param_type": "Int"}], "method_name": "|=", "is_static": true, "class_name": "Int", "method_description": "Stores the result of performing a bitwise OR operation on the two given values in the left-hand-side variable.", "return_value": {"return_name": [], "return_description": [], "return_type": []}}, {"params": [{"param_description": "An integer value.", "param_name": ["lhs"], "param_type": "Int"}, {"param_description": "Another integer value.", "param_name": ["rhs"], "param_type": "Int"}], "method_name": "^", "is_static": true, "class_name": "Int", "method_description": "Returns the result of performing a bitwise XOR operation on the two given values.", "return_value": {"return_name": [""], "return_description": [], "return_type": ["Int"]}}, {"params": [{"param_description": "An integer value.", "param_name": ["lhs"], "param_type": "Int"}, {"param_description": "Another integer value.", "param_name": ["rhs"], "param_type": "Int"}], "method_name": "^", "is_static": true, "class_name": "Int", "method_description": "Returns the result of performing a bitwise XOR operation on the two given values.", "return_value": {"return_name": [""], "return_description": [], "return_type": ["Int"]}}, {"params": [{"param_description": "An integer value.", "param_name": ["lhs"], "param_type": "inout Int"}, {"param_description": "Another integer value.", "param_name": ["rhs"], "param_type": "Int"}], "method_name": "^=", "is_static": true, "class_name": "Int", "method_description": "Stores the result of performing a bitwise XOR operation on the two given values in the left-hand-side variable.", "return_value": {"return_name": [], "return_description": [], "return_type": []}}, {"params": [{"param_description": "", "param_name": ["x"], "param_type": "Int"}], "method_name": "~", "is_static": true, "class_name": "Int", "method_description": "Returns the inverse of the bits set in the argument.", "return_value": {"return_name": [""], "return_description": [], "return_type": ["Int"]}}, {"params": [{"param_description": "The value to shift.", "param_name": ["lhs"], "param_type": "Int"}, {"param_description": "The number of bits to shift lhs to the left.", "param_name": ["rhs"], "param_type": "Other"}], "method_name": "func", "is_static": true, "class_name": "Int", "method_description": "Returns the result of shifting a value\u2019s binary representation the specified number of digits to the left.", "return_value": {"return_name": [""], "return_description": [], "return_type": ["Int"]}}, {"params": [{"param_description": "The value to shift.", "param_name": ["lhs"], "param_type": "Int"}, {"param_description": "The number of bits to shift lhs to the left.", "param_name": ["rhs"], "param_type": "RHS"}], "method_name": "func", "is_static": true, "class_name": "Int", "method_description": "Returns the result of shifting a value\u2019s binary representation the specified number of digits to the left.", "return_value": {"return_name": [""], "return_description": [], "return_type": ["Int"]}}, {"params": [{"param_description": "The value to shift.", "param_name": ["lhs"], "param_type": "inout Int"}, {"param_description": "The number of bits to shift lhs to the left.", "param_name": ["rhs"], "param_type": "Other"}], "method_name": "func", "is_static": true, "class_name": "Int", "method_description": "Stores the result of shifting a value\u2019s binary representation the specified number of digits to the left in the left-hand-side variable.", "return_value": {"return_name": [], "return_description": [], "return_type": []}}, {"params": [{"param_description": "The value to shift.", "param_name": ["lhs"], "param_type": "Int"}, {"param_description": "The number of bits to shift lhs to the right.", "param_name": ["rhs"], "param_type": "Other"}], "method_name": ">>", "is_static": true, "class_name": "Int", "method_description": "Returns the result of shifting a value\u2019s binary representation the specified number of digits to the right.", "return_value": {"return_name": [""], "return_description": [], "return_type": ["Int"]}}, {"params": [{"param_description": "The value to shift.", "param_name": ["lhs"], "param_type": "Int"}, {"param_description": "The number of bits to shift lhs to the right.", "param_name": ["rhs"], "param_type": "RHS"}], "method_name": ">>", "is_static": true, "class_name": "Int", "method_description": "Returns the result of shifting a value\u2019s binary representation the specified number of digits to the right.", "return_value": {"return_name": [""], "return_description": [], "return_type": ["Int"]}}, {"params": [{"param_description": "The value to shift.", "param_name": ["lhs"], "param_type": "inout Int"}, {"param_description": "The number of bits to shift lhs to the right.", "param_name": ["rhs"], "param_type": "Other"}], "method_name": ">>=", "is_static": true, "class_name": "Int", "method_description": "Stores the result of shifting a value\u2019s binary representation the specified number of digits to the right in the left-hand-side variable.", "return_value": {"return_name": [], "return_description": [], "return_type": []}}, {"params": [{"param_description": "The value to shift.", "param_name": ["lhs"], "param_type": "Int"}, {"param_description": "The number of bits to shift lhs to the left. If rhs is outside the range 0..<lhs.bitWidth, it is masked to produce a value within that range.", "param_name": ["rhs"], "param_type": "Int"}], "method_name": "&", "is_static": true, "class_name": "Int", "method_description": "Returns the result of shifting a value\u2019s binary representation the specified number of digits to the left, masking the shift amount to the type\u2019s bit width.", "return_value": {"return_name": [""], "return_description": [], "return_type": ["Int"]}}, {"params": [{"param_description": "The value to shift.", "param_name": ["lhs"], "param_type": "Int"}, {"param_description": "The number of bits to shift lhs to the left. If rhs is outside the range 0..<lhs.bitWidth, it is masked to produce a value within that range.", "param_name": ["rhs"], "param_type": "Int"}], "method_name": "&", "is_static": true, "class_name": "Int", "method_description": "Returns the result of shifting a value\u2019s binary representation the specified number of digits to the left, masking the shift amount to the type\u2019s bit width.", "return_value": {"return_name": [""], "return_description": [], "return_type": ["Int"]}}, {"params": [{"param_description": "The value to shift.", "param_name": ["lhs"], "param_type": "Int"}, {"param_description": "The number of bits to shift lhs to the left. If rhs is outside the range 0..<lhs.bitWidth, it is masked to produce a value within that range.", "param_name": ["rhs"], "param_type": "Other"}], "method_name": "&", "is_static": true, "class_name": "Int", "method_description": "Returns the result of shifting a value\u2019s binary representation the specified number of digits to the left, masking the shift amount to the type\u2019s bit width.", "return_value": {"return_name": [""], "return_description": [], "return_type": ["Int"]}}, {"params": [{"param_description": "The value to shift.", "param_name": ["lhs"], "param_type": "inout Int"}, {"param_description": "The number of bits to shift lhs to the left. If rhs is outside the range 0..<lhs.bitWidth, it is masked to produce a value within that range.", "param_name": ["rhs"], "param_type": "Int"}], "method_name": "&", "is_static": true, "class_name": "Int", "method_description": "Returns the result of shifting a value\u2019s binary representation the specified number of digits to the left, masking the shift amount to the type\u2019s bit width, and stores the result in the left-hand-side variable.", "return_value": {"return_name": [], "return_description": [], "return_type": []}}, {"params": [{"param_description": "The value to shift.", "param_name": ["lhs"], "param_type": "inout Int"}, {"param_description": "The number of bits to shift lhs to the left. If rhs is outside the range 0..<lhs.bitWidth, it is masked to produce a value within that range.", "param_name": ["rhs"], "param_type": "Other"}], "method_name": "&", "is_static": true, "class_name": "Int", "method_description": "Returns the result of shifting a value\u2019s binary representation the specified number of digits to the left, masking the shift amount to the type\u2019s bit width, and stores the result in the left-hand-side variable.", "return_value": {"return_name": [], "return_description": [], "return_type": []}}, {"params": [{"param_description": "The value to shift.", "param_name": ["lhs"], "param_type": "Int"}, {"param_description": "The number of bits to shift lhs to the right. If rhs is outside the range 0..<lhs.bitWidth, it is masked to produce a value within that range.", "param_name": ["rhs"], "param_type": "Int"}], "method_name": "&>>", "is_static": true, "class_name": "Int", "method_description": "Returns the result of shifting a value\u2019s binary representation the specified number of digits to the right, masking the shift amount to the type\u2019s bit width.", "return_value": {"return_name": [""], "return_description": [], "return_type": ["Int"]}}, {"params": [{"param_description": "The value to shift.", "param_name": ["lhs"], "param_type": "Int"}, {"param_description": "The number of bits to shift lhs to the right. If rhs is outside the range 0..<lhs.bitWidth, it is masked to produce a value within that range.", "param_name": ["rhs"], "param_type": "Int"}], "method_name": "&>>", "is_static": true, "class_name": "Int", "method_description": "Returns the result of shifting a value\u2019s binary representation the specified number of digits to the right, masking the shift amount to the type\u2019s bit width.", "return_value": {"return_name": [""], "return_description": [], "return_type": ["Int"]}}, {"params": [{"param_description": "The value to shift.", "param_name": ["lhs"], "param_type": "Int"}, {"param_description": "The number of bits to shift lhs to the right. If rhs is outside the range 0..<lhs.bitWidth, it is masked to produce a value within that range.", "param_name": ["rhs"], "param_type": "Other"}], "method_name": "&>>", "is_static": true, "class_name": "Int", "method_description": "Returns the result of shifting a value\u2019s binary representation the specified number of digits to the right, masking the shift amount to the type\u2019s bit width.", "return_value": {"return_name": [""], "return_description": [], "return_type": ["Int"]}}, {"params": [{"param_description": "The value to shift.", "param_name": ["lhs"], "param_type": "inout Int"}, {"param_description": "The number of bits to shift lhs to the right. If rhs is outside the range 0..<lhs.bitWidth, it is masked to produce a value within that range.", "param_name": ["rhs"], "param_type": "Int"}], "method_name": "&>>=", "is_static": true, "class_name": "Int", "method_description": "Calculates the result of shifting a value\u2019s binary representation the specified number of digits to the right, masking the shift amount to the type\u2019s bit width, and stores the result in the left-hand-side variable.", "return_value": {"return_name": [], "return_description": [], "return_type": []}}, {"params": [{"param_description": "The value to shift.", "param_name": ["lhs"], "param_type": "inout Int"}, {"param_description": "The number of bits to shift lhs to the right. If rhs is outside the range 0..<lhs.bitWidth, it is masked to produce a value within that range.", "param_name": ["rhs"], "param_type": "Other"}], "method_name": "&>>=", "is_static": true, "class_name": "Int", "method_description": "Calculates the result of shifting a value\u2019s binary representation the specified number of digits to the right, masking the shift amount to the type\u2019s bit width, and stores the result in the left-hand-side variable.", "return_value": {"return_name": [], "return_description": [], "return_type": []}}, {"params": [{"param_description": "", "param_name": ["operand"], "param_type": "Int"}], "method_name": "-", "is_static": true, "class_name": "Int", "method_description": "Returns the additive inverse of the specified value.", "return_value": {"return_name": [""], "return_description": ["The additive inverse of the argument."], "return_type": ["Int"]}}, {"params": [{"param_description": "", "param_name": ["x"], "param_type": "Int"}], "method_name": "+", "is_static": true, "class_name": "Int", "method_description": "Returns the given number unchanged.", "return_value": {"return_name": [""], "return_description": ["The given argument without any changes."], "return_type": ["Int"]}}, {"params": [{"param_description": "", "param_name": ["lhs"], "param_type": "Int"}, {"param_description": "", "param_name": ["rhs"], "param_type": "Int"}], "method_name": "==", "is_static": true, "class_name": "Int", "method_description": "", "return_value": {"return_name": [""], "return_description": [], "return_type": ["Bool"]}}, {"params": [{"param_description": "", "param_name": ["x"], "param_type": "Int"}, {"param_description": "", "param_name": ["y"], "param_type": "Int"}], "method_name": "==", "is_static": true, "class_name": "Int", "method_description": "Returns a Boolean value indicating whether two values are equal.", "return_value": {"return_name": [""], "return_description": [], "return_type": ["Bool"]}}, {"params": [{"param_description": "An integer to compare.", "param_name": ["lhs"], "param_type": "Int"}, {"param_description": "Another integer to compare.", "param_name": ["rhs"], "param_type": "Other"}], "method_name": "==", "is_static": true, "class_name": "Int", "method_description": "Returns a Boolean value indicating whether the two given values are equal.", "return_value": {"return_name": [""], "return_description": [], "return_type": ["Bool"]}}, {"params": [{"param_description": "A value to compare.", "param_name": ["lhs"], "param_type": "Int"}, {"param_description": "Another value to compare.", "param_name": ["rhs"], "param_type": "Int"}], "method_name": "!=", "is_static": true, "class_name": "Int", "method_description": "Returns a Boolean value indicating whether two values are not equal.", "return_value": {"return_name": [""], "return_description": [], "return_type": ["Bool"]}}, {"params": [{"param_description": "", "param_name": ["lhs"], "param_type": "Int"}, {"param_description": "", "param_name": ["rhs"], "param_type": "Int"}], "method_name": "!=", "is_static": true, "class_name": "Int", "method_description": "", "return_value": {"return_name": [""], "return_description": [], "return_type": ["Bool"]}}, {"params": [{"param_description": "An integer to compare.", "param_name": ["lhs"], "param_type": "Int"}, {"param_description": "Another integer to compare.", "param_name": ["rhs"], "param_type": "Other"}], "method_name": "!=", "is_static": true, "class_name": "Int", "method_description": "Returns a Boolean value indicating whether the two given values are not equal.", "return_value": {"return_name": [""], "return_description": [], "return_type": ["Bool"]}}, {"params": [{"param_description": "", "param_name": ["lhs"], "param_type": "Int"}, {"param_description": "", "param_name": ["rhs"], "param_type": "Int"}], "method_name": "func", "is_static": true, "class_name": "Int", "method_description": "", "return_value": {"return_name": [""], "return_description": [], "return_type": ["Bool"]}}, {"params": [{"param_description": "", "param_name": ["x"], "param_type": "Int"}, {"param_description": "", "param_name": ["y"], "param_type": "Int"}], "method_name": "func", "is_static": true, "class_name": "Int", "method_description": "Returns a Boolean value indicating whether the value of the first argument is less than that of the second argument.", "return_value": {"return_name": [""], "return_description": [], "return_type": ["Bool"]}}, {"params": [{"param_description": "An integer to compare.", "param_name": ["lhs"], "param_type": "Int"}, {"param_description": "Another integer to compare.", "param_name": ["rhs"], "param_type": "Other"}], "method_name": "func", "is_static": true, "class_name": "Int", "method_description": "Returns a Boolean value indicating whether the value of the first argument is less than that of the second argument.", "return_value": {"return_name": [""], "return_description": [], "return_type": ["Bool"]}}, {"params": [{"param_description": "", "param_name": ["lhs"], "param_type": "Int"}, {"param_description": "", "param_name": ["rhs"], "param_type": "Int"}], "method_name": "func", "is_static": true, "class_name": "Int", "method_description": "", "return_value": {"return_name": [""], "return_description": [], "return_type": ["Bool"]}}, {"params": [{"param_description": "A value to compare.", "param_name": ["lhs"], "param_type": "Int"}, {"param_description": "Another value to compare.", "param_name": ["rhs"], "param_type": "Int"}], "method_name": "func", "is_static": true, "class_name": "Int", "method_description": "Returns a Boolean value indicating whether the value of the first argument is less than or equal to that of the second argument.", "return_value": {"return_name": [""], "return_description": [], "return_type": ["Bool"]}}, {"params": [{"param_description": "A value to compare.", "param_name": ["lhs"], "param_type": "Int"}, {"param_description": "Another value to compare.", "param_name": ["rhs"], "param_type": "Int"}], "method_name": "func", "is_static": true, "class_name": "Int", "method_description": "Returns a Boolean value indicating whether the value of the first argument is less than or equal to that of the second argument.", "return_value": {"return_name": [""], "return_description": [], "return_type": ["Bool"]}}, {"params": [{"param_description": "An integer to compare.", "param_name": ["lhs"], "param_type": "Int"}, {"param_description": "Another integer to compare.", "param_name": ["rhs"], "param_type": "Other"}], "method_name": "func", "is_static": true, "class_name": "Int", "method_description": "Returns a Boolean value indicating whether the value of the first argument is less than or equal to that of the second argument.", "return_value": {"return_name": [""], "return_description": [], "return_type": ["Bool"]}}, {"params": [{"param_description": "", "param_name": ["lhs"], "param_type": "Int"}, {"param_description": "", "param_name": ["rhs"], "param_type": "Int"}], "method_name": ">", "is_static": true, "class_name": "Int", "method_description": "", "return_value": {"return_name": [""], "return_description": [], "return_type": ["Bool"]}}, {"params": [{"param_description": "A value to compare.", "param_name": ["lhs"], "param_type": "Int"}, {"param_description": "Another value to compare.", "param_name": ["rhs"], "param_type": "Int"}], "method_name": ">", "is_static": true, "class_name": "Int", "method_description": "Returns a Boolean value indicating whether the value of the first argument is greater than that of the second argument.", "return_value": {"return_name": [""], "return_description": [], "return_type": ["Bool"]}}, {"params": [{"param_description": "A value to compare.", "param_name": ["lhs"], "param_type": "Int"}, {"param_description": "Another value to compare.", "param_name": ["rhs"], "param_type": "Int"}], "method_name": ">", "is_static": true, "class_name": "Int", "method_description": "Returns a Boolean value indicating whether the value of the first argument is greater than that of the second argument.", "return_value": {"return_name": [""], "return_description": [], "return_type": ["Bool"]}}, {"params": [{"param_description": "An integer to compare.", "param_name": ["lhs"], "param_type": "Int"}, {"param_description": "Another integer to compare.", "param_name": ["rhs"], "param_type": "Other"}], "method_name": ">", "is_static": true, "class_name": "Int", "method_description": "Returns a Boolean value indicating whether the value of the first argument is greater than that of the second argument.", "return_value": {"return_name": [""], "return_description": [], "return_type": ["Bool"]}}, {"params": [{"param_description": "", "param_name": ["lhs"], "param_type": "Int"}, {"param_description": "", "param_name": ["rhs"], "param_type": "Int"}], "method_name": ">=", "is_static": true, "class_name": "Int", "method_description": "", "return_value": {"return_name": [""], "return_description": [], "return_type": ["Bool"]}}, {"params": [{"param_description": "A value to compare.", "param_name": ["lhs"], "param_type": "Int"}, {"param_description": "Another value to compare.", "param_name": ["rhs"], "param_type": "Int"}], "method_name": ">=", "is_static": true, "class_name": "Int", "method_description": "Returns a Boolean value indicating whether the value of the first argument is greater than or equal to that of the second argument.", "return_value": {"return_name": [""], "return_description": ["true if lhs is greater than or equal to rhs; otherwise, false."], "return_type": ["Bool"]}}, {"params": [{"param_description": "A value to compare.", "param_name": ["lhs"], "param_type": "Int"}, {"param_description": "Another value to compare.", "param_name": ["rhs"], "param_type": "Int"}], "method_name": ">=", "is_static": true, "class_name": "Int", "method_description": "Returns a Boolean value indicating whether the value of the first argument is greater than or equal to that of the second argument.", "return_value": {"return_name": [""], "return_description": [], "return_type": ["Bool"]}}, {"params": [{"param_description": "An integer to compare.", "param_name": ["lhs"], "param_type": "Int"}, {"param_description": "Another integer to compare.", "param_name": ["rhs"], "param_type": "Other"}], "method_name": ">=", "is_static": true, "class_name": "Int", "method_description": "Returns a Boolean value indicating whether the value of the first argument is greater than or equal to that of the second argument.", "return_value": {"return_name": [""], "return_description": [], "return_type": ["Bool"]}}, {"params": [{"param_description": "The lower bound for the range.", "param_name": ["minimum"], "param_type": "Int"}, {"param_description": "The upper bound for the range.", "param_name": ["maximum"], "param_type": "Int"}], "method_name": "..", "is_static": true, "class_name": "Int", "method_description": "Returns a half-open range that contains its lower bound but not its upper bound.", "return_value": {"return_name": [""], "return_description": [], "return_type": ["Range<Int>"]}}, {"params": [{"param_description": "The lower bound for the range.", "param_name": ["minimum"], "param_type": "Int"}, {"param_description": "The upper bound for the range.", "param_name": ["maximum"], "param_type": "Int"}], "method_name": "...", "is_static": true, "class_name": "Int", "method_description": "Returns a closed range that contains both of its bounds.", "return_value": {"return_name": [""], "return_description": [], "return_type": ["ClosedRange<Int>"]}}, {"params": [{"param_description": "The lower bound for the range.", "param_name": ["minimum"], "param_type": "Int"}], "method_name": "...", "is_static": true, "class_name": "Int", "method_description": "Returns a partial range extending upward from a lower bound.", "return_value": {"return_name": [""], "return_description": [], "return_type": ["PartialRangeFrom<Int>"]}}, {"params": [{"param_description": "The upper bound for the range.", "param_name": ["maximum"], "param_type": "Int"}], "method_name": "..", "is_static": true, "class_name": "Int", "method_description": "Returns a partial range up to, but not including, its upper bound.", "return_value": {"return_name": [""], "return_description": [], "return_type": ["PartialRangeUpTo<Int>"]}}, {"params": [{"param_description": "The upper bound for the range.", "param_name": ["maximum"], "param_type": "Int"}], "method_name": "...", "is_static": true, "class_name": "Int", "method_description": "Returns a partial range up to, and including, its upper bound.", "return_value": {"return_name": [""], "return_description": [], "return_type": ["PartialRangeThrough<Int>"]}}, {"params": [{"param_description": "A numeric value.", "param_name": ["lhs"], "param_type": "inout Int"}, {"param_description": "The value to subtract from lhs.", "param_name": ["rhs"], "param_type": "Int"}], "method_name": "-=", "is_static": true, "class_name": "Int", "method_description": "Subtracts the second value from the first and stores the difference in the left-hand-side variable.", "return_value": {"return_name": [], "return_description": [], "return_type": []}}, {"params": [], "method_name": "negate", "is_static": false, "class_name": "Int", "method_description": "Replaces this value with its additive inverse.", "return_value": {"return_name": [], "return_description": [], "return_type": []}}, {"params": [{"param_description": "The value to divide this value by.", "param_name": ["dividingBy", "rhs"], "param_type": "Int) -> (quotien"}, {"param_description": "", "param_name": ["Int)", "->", "(quotient"], "param_type": "Int"}, {"param_description": "", "param_name": ["remainder"], "param_type": "Int"}], "method_name": "quotientAndRemainder", "is_static": false, "class_name": "Int", "method_description": "Returns the quotient and remainder of this value divided by the given value.", "return_value": {"return_name": [["quotient"], ["remainder"]], "return_description": ["A tuple containing the quotient and remainder of this value divided by rhs."], "return_type": ["Int", "Int"]}}, {"params": [{"param_description": "", "param_name": ["other"], "param_type": "Int) -> (partialValu"}, {"param_description": "", "param_name": ["Int)", "->", "(partialValue"], "param_type": "Int"}, {"param_description": "", "param_name": ["overflow"], "param_type": "Bool"}], "method_name": "addingReportingOverflow", "is_static": false, "class_name": "Int", "method_description": "Returns the sum of this value and the given value, along with a Boolean value indicating whether overflow occurred in the operation.", "return_value": {"return_name": [["partialValue"], ["overflow"]], "return_description": ["A tuple containing the result of the addition along with a Boolean value indicating whether overflow occurred. If the overflow component is false, the partialValue component contains the entire sum. If the overflow component is true, an overflow occurred and the partialValue component contains the truncated sum of this value and rhs."], "return_type": ["Int", "Bool"]}}, {"params": [{"param_description": "", "param_name": ["other"], "param_type": "Int) -> (partialValu"}, {"param_description": "", "param_name": ["Int)", "->", "(partialValue"], "param_type": "Int"}, {"param_description": "", "param_name": ["overflow"], "param_type": "Bool"}], "method_name": "subtractingReportingOverflow", "is_static": false, "class_name": "Int", "method_description": "Returns the difference obtained by subtracting the given value from this value, along with a Boolean value indicating whether overflow occurred in the operation.", "return_value": {"return_name": [["partialValue"], ["overflow"]], "return_description": ["A tuple containing the result of the subtraction along with a Boolean value indicating whether overflow occurred. If the overflow component is false, the partialValue component contains the entire difference. If the overflow component is true, an overflow occurred and the partialValue component contains the truncated result of rhs subtracted from this value."], "return_type": ["Int", "Bool"]}}, {"params": [{"param_description": "", "param_name": ["by", "other"], "param_type": "Int) -> (partialValu"}, {"param_description": "", "param_name": ["Int)", "->", "(partialValue"], "param_type": "Int"}, {"param_description": "", "param_name": ["overflow"], "param_type": "Bool"}], "method_name": "multipliedReportingOverflow", "is_static": false, "class_name": "Int", "method_description": "Returns the product of this value and the given value, along with a Boolean value indicating whether overflow occurred in the operation.", "return_value": {"return_name": [["partialValue"], ["overflow"]], "return_description": ["A tuple containing the result of the multiplication along with a Boolean value indicating whether overflow occurred. If the overflow component is false, the partialValue component contains the entire product. If the overflow component is true, an overflow occurred and the partialValue component contains the truncated product of this value and rhs."], "return_type": ["Int", "Bool"]}}, {"params": [{"param_description": "", "param_name": ["by", "other"], "param_type": "Int) -> (partialValu"}, {"param_description": "", "param_name": ["Int)", "->", "(partialValue"], "param_type": "Int"}, {"param_description": "", "param_name": ["overflow"], "param_type": "Bool"}], "method_name": "dividedReportingOverflow", "is_static": false, "class_name": "Int", "method_description": "Returns the quotient obtained by dividing this value by the given value, along with a Boolean value indicating whether overflow occurred in the operation.", "return_value": {"return_name": [["partialValue"], ["overflow"]], "return_description": ["A tuple containing the result of the division along with a Boolean value indicating whether overflow occurred. If the overflow component is false, the partialValue component contains the entire quotient. If the overflow component is true, an overflow occurred and the partialValue component contains either the truncated quotient or, if the quotient is undefined, the dividend."], "return_type": ["Int", "Bool"]}}, {"params": [{"param_description": "", "param_name": ["dividingBy", "other"], "param_type": "Int) -> (partialValu"}, {"param_description": "", "param_name": ["Int)", "->", "(partialValue"], "param_type": "Int"}, {"param_description": "", "param_name": ["overflow"], "param_type": "Bool"}], "method_name": "remainderReportingOverflow", "is_static": false, "class_name": "Int", "method_description": "Returns the remainder after dividing this value by the given value, along with a Boolean value indicating whether overflow occurred during division.", "return_value": {"return_name": [["partialValue"], ["overflow"]], "return_description": ["A tuple containing the result of the operation along with a Boolean value indicating whether overflow occurred. If the overflow component is false, the partialValue component contains the entire remainder. If the overflow component is true, an overflow occurred during division and the partialValue component contains either the entire remainder or, if the remainder is undefined, the dividend."], "return_type": ["Int", "Bool"]}}, {"params": [{"param_description": "The value to multiply this value by.", "param_name": ["by", "other"], "param_type": "Int) -> (hig"}, {"param_description": "", "param_name": ["Int)", "->", "(high"], "param_type": "Int"}, {"param_description": "", "param_name": ["low"], "param_type": "Int.Magnitude"}], "method_name": "multipliedFullWidth", "is_static": false, "class_name": "Int", "method_description": "Returns a tuple containing the high and low parts of the result of multiplying this value by the given value.", "return_value": {"return_name": [["high"], ["low"]], "return_description": ["A tuple containing the high and low parts of the result of multiplying this value and other."], "return_type": ["Int", "Int.Magnitude"]}}, {"params": [{"param_description": "A tuple containing the high and low parts of a double-width integer. The high component of the value carries the sign, if the type is signed.", "param_name": ["dividend"], "param_type": "(hig"}, {"param_description": "", "param_name": ["(high"], "param_type": "Int"}, {"param_description": "", "param_name": ["low"], "param_type": "Int.Magnitude)) -> (quotien"}, {"param_description": "", "param_name": ["Int.Magnitude))", "->", "(quotient"], "param_type": "Int"}, {"param_description": "", "param_name": ["remainder"], "param_type": "Int"}], "method_name": "dividingFullWidth", "is_static": false, "class_name": "Int", "method_description": "Returns a tuple containing the quotient and remainder of dividing the given value by this value.", "return_value": {"return_name": [["quotient"], ["remainder"]], "return_description": ["A tuple containing the quotient and remainder of dividend divided by this value."], "return_type": ["Int", "Int"]}}, {"params": [{"param_description": "A signed number.", "param_name": ["x"], "param_type": "T"}], "method_name": "abs", "is_static": false, "class_name": "Int", "method_description": "Returns the absolute value of the given number.", "return_value": {"return_name": [""], "return_description": ["The absolute value of x."], "return_type": ["T"]}}, {"params": [], "method_name": "signum", "is_static": false, "class_name": "Int", "method_description": "Returns -1 if this value is negative and 1 if it\u2019s positive; otherwise, 0.", "return_value": {"return_name": [""], "return_description": ["The sign of this number, expressed as an integer of the same type."], "return_type": ["Int"]}}, {"params": [{"param_description": "A value to use as the little-endian representation of the new integer.", "param_name": ["littleEndian", "value"], "param_type": "Int"}], "method_name": "init", "is_static": false, "class_name": "Int", "method_description": "Creates an integer from its little-endian representation, changing the byte order if necessary.", "return_value": {"return_name": [], "return_description": [], "return_type": []}}, {"params": [{"param_description": "A value to use as the big-endian representation of the new integer.", "param_name": ["bigEndian", "value"], "param_type": "Int"}], "method_name": "init", "is_static": false, "class_name": "Int", "method_description": "Creates an integer from its big-endian representation, changing the byte order if necessary.", "return_value": {"return_name": [], "return_description": [], "return_type": []}}, {"params": [{"param_description": "", "param_name": ["bitPattern", "objectID"], "param_type": "ObjectIdentifier"}], "method_name": "init", "is_static": false, "class_name": "Int", "method_description": "Creates an integer that captures the full value of the given object identifier.", "return_value": {"return_name": [], "return_description": [], "return_type": []}}, {"params": [{"param_description": "The pointer to use as the source for the new integer.", "param_name": ["bitPattern", "pointer"], "param_type": "OpaquePointer"}], "method_name": "init", "is_static": false, "class_name": "Int", "method_description": "Creates a new value with the bit pattern of the given pointer.", "return_value": {"return_name": [], "return_description": [], "return_type": []}}, {"params": [{"param_description": "The encoder to write data to.", "param_name": ["to", "encoder"], "param_type": "Encoder"}], "method_name": "encode", "is_static": false, "class_name": "Int", "method_description": "Encodes this value into the given encoder.", "return_value": {"return_name": [], "return_description": [], "return_type": []}}, {"params": [{"param_description": "The decoder to read data from.", "param_name": ["from", "decoder"], "param_type": "Decoder"}], "method_name": "init", "is_static": false, "class_name": "Int", "method_description": "Creates a new instance by decoding from the given decoder.", "return_value": {"return_name": [], "return_description": [], "return_type": []}}, {"params": [{"param_description": "The hasher to use when combining the components of this instance.", "param_name": ["into", "hasher"], "param_type": "inout Hasher"}], "method_name": "hash", "is_static": false, "class_name": "Int", "method_description": "Hashes the essential components of this value by feeding them into the given hasher.", "return_value": {"return_name": [], "return_description": [], "return_type": []}}, {"params": [{"param_description": "", "param_name": ["from", "dataValue"], "param_type": "MLDataValue"}], "method_name": "init", "is_static": false, "class_name": "Int", "method_description": "", "return_value": {"return_name": [], "return_description": [], "return_type": []}}, {"params": [], "method_name": "init", "is_static": false, "class_name": "Int", "method_description": "Creates a new value equal to zero.", "return_value": {"return_name": [], "return_description": [], "return_type": []}}, {"params": [{"param_description": "The value to create.", "param_name": ["integerLiteral", "value"], "param_type": "Int"}], "method_name": "init", "is_static": false, "class_name": "Int", "method_description": "Creates an instance initialized to the specified integer value.", "return_value": {"return_name": [], "return_description": [], "return_type": []}}, {"params": [{"param_description": "The value to calculate the distance to.", "param_name": ["to", "other"], "param_type": "Int"}], "method_name": "distance", "is_static": false, "class_name": "Int", "method_description": "Returns the distance from this value to the given value, expressed as a stride.", "return_value": {"return_name": [""], "return_description": ["The distance from this value to other."], "return_type": ["Int"]}}, {"params": [{"param_description": "The distance to advance this value.", "param_name": ["by", "n"], "param_type": "Int"}], "method_name": "advanced", "is_static": false, "class_name": "Int", "method_description": "Returns a value that is offset the specified distance from this value.", "return_value": {"return_name": [""], "return_description": ["A value that is offset from this value by n."], "return_type": ["Int"]}}], "Vars": [{"var_type": "UInt", "var_description": "The magnitude of this value.", "var_name": "magnitude"}, {"var_type": "Int", "var_description": "The minimum representable integer in this type.", "var_name": "min"}, {"var_type": "Int", "var_description": "The maximum representable integer in this type.", "var_name": "max"}, {"var_type": "Bool", "var_description": "A Boolean value indicating whether this type is a signed integer type.", "var_name": "isSigned"}, {"var_type": "Int", "var_description": "A representation of this integer with the byte order swapped.", "var_name": "byteSwapped"}, {"var_type": "Int", "var_description": "The little-endian representation of this integer.", "var_name": "littleEndian"}, {"var_type": "Int", "var_description": "The big-endian representation of this integer.", "var_name": "bigEndian"}, {"var_type": "Int", "var_description": "The number of bits used for the underlying binary representation of values of this type.", "var_name": "bitWidth"}, {"var_type": "Int", "var_description": "The number of bits in the binary representation of this value.", "var_name": "bitWidth"}, {"var_type": "Int.Words", "var_description": "A collection containing the words of this value\u2019s binary representation, in order from the least significant to most significant.", "var_name": "words"}, {"var_type": "Int", "var_description": "The number of bits equal to 1 in this value\u2019s binary representation.", "var_name": "nonzeroBitCount"}, {"var_type": "Int", "var_description": "The number of leading zeros in this value\u2019s binary representation.", "var_name": "leadingZeroBitCount"}, {"var_type": "Int", "var_description": "The number of trailing zeros in this value\u2019s binary representation.", "var_name": "trailingZeroBitCount"}, {"var_type": "String", "var_description": "A textual representation of this value.", "var_name": "description"}, {"var_type": "Mirror", "var_description": "A mirror that reflects the Int instance.", "var_name": "customMirror"}, {"var_type": "MLDataValue", "var_description": "", "var_name": "dataValue"}, {"var_type": "MLDataValue.ValueType", "var_description": "", "var_name": "dataValueType"}], "interface_list": ["CKRecordValueProtocol", "CustomPlaygroundQuickLookable", "CustomReflectable", "CVarArg", "FixedWidthInteger", "Hashable", "SignedInteger"], "package_name": "foundation", "subclass_list": [], "class_name": "Int", "class_description": "On 32-bit platforms, Int is the same size as Int32, and on 64-bit platforms, Int is the same size as Int64.\n", "class_inherit_list": []}