{"class_inherit_list": [], "interface_list": ["CKRecordValueProtocol", "CustomPlaygroundQuickLookable", "CustomReflectable", "CVarArg", "FixedWidthInteger", "Hashable", "SignedInteger"], "Methods": [{"return_value": {"return_description": [], "return_name": [], "return_type": []}, "method_name": "init", "params": [], "method_description": "Creates a new value equal to zero.", "class_name": "Int64"}, {"return_value": {"return_description": [], "return_name": [], "return_type": []}, "method_name": "init", "params": [{"param_name": ["value"], "param_type": "CGFloat", "param_description": ""}], "method_description": "", "class_name": "Int64"}, {"return_value": {"return_description": [], "return_name": [], "return_type": []}, "method_name": "init", "params": [{"param_name": ["source"], "param_type": "Double", "param_description": "A floating-point value to convert to an integer. source must be representable in this type after rounding toward zero."}], "method_description": "Creates an integer from the given floating-point value, rounding toward zero.", "class_name": "Int64"}, {"return_value": {"return_description": [], "return_name": [], "return_type": []}, "method_name": "init", "params": [{"param_name": ["source"], "param_type": "Float", "param_description": "A floating-point value to convert to an integer. source must be representable in this type after rounding toward zero."}], "method_description": "Creates an integer from the given floating-point value, rounding toward zero.", "class_name": "Int64"}, {"return_value": {"return_description": [], "return_name": [], "return_type": []}, "method_name": "init", "params": [{"param_name": ["source"], "param_type": "Float80", "param_description": "A floating-point value to convert to an integer. source must be representable in this type after rounding toward zero."}], "method_description": "Creates an integer from the given floating-point value, rounding toward zero.", "class_name": "Int64"}, {"return_value": {"return_description": [], "return_name": [], "return_type": []}, "method_name": "init", "params": [{"param_name": ["source"], "param_type": "T", "param_description": "A value to convert to this type of integer. The value passed as source must be representable in this type."}], "method_description": "Creates a new instance from the given integer.", "class_name": "Int64"}, {"return_value": {"return_description": [], "return_name": [], "return_type": []}, "method_name": "init", "params": [{"param_name": ["source"], "param_type": "T", "param_description": "A floating-point value to convert to an integer. source must be representable in this type after rounding toward zero."}], "method_description": "Creates an integer from the given floating-point value, rounding toward zero. Any fractional part of the value passed as source is removed.", "class_name": "Int64"}, {"return_value": {"return_description": [], "return_name": [], "return_type": []}, "method_name": "init", "params": [{"param_name": ["description"], "param_type": "String", "param_description": "The ASCII representation of a number."}], "method_description": "Creates a new integer value from the given string.", "class_name": "Int64"}, {"return_value": {"return_description": [], "return_name": [], "return_type": []}, "method_name": "init", "params": [{"param_name": ["text"], "param_type": "StringProtocol", "param_description": "The ASCII representation of a number in the radix passed as radix."}, {"param_name": ["radix"], "param_type": "Int = 10", "param_description": "The radix, or base, to use for converting text to an integer value. radix must be in the range 2...36. The default is 10."}], "method_description": "Creates a new integer value from the given string and radix.", "class_name": "Int64"}, {"return_value": {"return_description": [], "return_name": [], "return_type": []}, "method_name": "init", "params": [{"param_name": ["bigEndian", "value"], "param_type": "Int64", "param_description": "A value to use as the big-endian representation of the new integer."}], "method_description": "Creates an integer from its big-endian representation, changing the byte order if necessary.", "class_name": "Int64"}, {"return_value": {"return_description": [], "return_name": [], "return_type": []}, "method_name": "init", "params": [{"param_name": ["bitPattern", "x"], "param_type": "UInt64", "param_description": "A value to use as the source of the new instance\u2019s binary representation."}], "method_description": "Creates a new instance with the same memory representation as the given value.", "class_name": "Int64"}, {"return_value": {"return_description": [], "return_name": [], "return_type": []}, "method_name": "init", "params": [{"param_name": ["clamping", "source"], "param_type": "Other", "param_description": "An integer to convert to this type."}], "method_description": "Creates a new instance with the representable value that\u2019s closest to the given integer.", "class_name": "Int64"}, {"return_value": {"return_description": [], "return_name": [], "return_type": []}, "method_name": "init", "params": [{"param_name": ["exactly", "source"], "param_type": "Double", "param_description": "A floating-point value to convert to an integer."}], "method_description": "Creates an integer from the given floating-point value, if it can be represented exactly.", "class_name": "Int64"}, {"return_value": {"return_description": [], "return_name": [], "return_type": []}, "method_name": "init", "params": [{"param_name": ["exactly", "source"], "param_type": "Float", "param_description": "A floating-point value to convert to an integer."}], "method_description": "Creates an integer from the given floating-point value, if it can be represented exactly.", "class_name": "Int64"}, {"return_value": {"return_description": [], "return_name": [], "return_type": []}, "method_name": "init", "params": [{"param_name": ["exactly", "source"], "param_type": "Float80", "param_description": "A floating-point value to convert to an integer."}], "method_description": "Creates an integer from the given floating-point value, if it can be represented exactly.", "class_name": "Int64"}, {"return_value": {"return_description": [], "return_name": [], "return_type": []}, "method_name": "init", "params": [{"param_name": ["exactly", "source"], "param_type": "T", "param_description": "A floating-point value to convert to an integer."}], "method_description": "Creates an integer from the given floating-point value, if it can be represented exactly.", "class_name": "Int64"}, {"return_value": {"return_description": [], "return_name": [], "return_type": []}, "method_name": "init", "params": [{"param_name": ["exactly", "source"], "param_type": "T", "param_description": "A value to convert to this type of integer."}], "method_description": "Creates a new instance from the given integer, if it can be represented exactly.", "class_name": "Int64"}, {"return_value": {"return_description": [], "return_name": [], "return_type": []}, "method_name": "init", "params": [{"param_name": ["from", "decoder"], "param_type": "Decoder", "param_description": "The decoder to read data from."}], "method_description": "Creates a new instance by decoding from the given decoder.", "class_name": "Int64"}, {"return_value": {"return_description": [], "return_name": [], "return_type": []}, "method_name": "init", "params": [{"param_name": ["from", "dataValue"], "param_type": "MLDataValue", "param_description": ""}], "method_description": "", "class_name": "Int64"}, {"return_value": {"return_description": [], "return_name": [], "return_type": []}, "method_name": "init", "params": [{"param_name": ["integerLiteral", "value"], "param_type": "Int64", "param_description": "The value to create."}], "method_description": "Creates an instance initialized to the specified integer value.", "class_name": "Int64"}, {"return_value": {"return_description": [], "return_name": [], "return_type": []}, "method_name": "init", "params": [{"param_name": ["littleEndian", "value"], "param_type": "Int64", "param_description": "A value to use as the little-endian representation of the new integer."}], "method_description": "Creates an integer from its little-endian representation, changing the byte order if necessary.", "class_name": "Int64"}, {"return_value": {"return_description": [], "return_name": [], "return_type": []}, "method_name": "init", "params": [{"param_name": ["truncatingIfNeeded", "source"], "param_type": "T", "param_description": "An integer to convert to this type."}], "method_description": "Creates a new instance from the bit pattern of the given instance by truncating or sign-extending if needed to fit this type.", "class_name": "Int64"}, {"return_value": {"return_description": ["A tuple containing the result of the addition along with a Boolean value indicating whether overflow occurred. If the overflow component is false, the partialValue component contains the entire sum. If the overflow component is true, an overflow occurred and the partialValue component contains the truncated sum of this value and rhs."], "return_name": [["partialValue"], ["overflow"]], "return_type": ["Int64", "Bool"]}, "method_name": "addingReportingOverflow", "params": [{"param_name": ["other"], "param_type": "Int64) -> (partialValu", "param_description": ""}, {"param_name": ["Int64)", "->", "(partialValue"], "param_type": "Int64", "param_description": ""}, {"param_name": ["overflow"], "param_type": "Bool", "param_description": ""}], "method_description": "Returns the sum of this value and the given value, along with a Boolean value indicating whether overflow occurred in the operation.", "class_name": "Int64"}, {"return_value": {"return_description": ["A value that is offset from this value by n."], "return_name": [""], "return_type": ["Int64"]}, "method_name": "advanced", "params": [{"param_name": ["by", "n"], "param_type": "Int", "param_description": "The distance to advance this value."}], "method_description": "Returns a value that is offset the specified distance from this value.", "class_name": "Int64"}, {"return_value": {"return_description": ["The distance from this value to other."], "return_name": [""], "return_type": ["Int"]}, "method_name": "distance", "params": [{"param_name": ["to", "other"], "param_type": "Int64", "param_description": "The value to calculate the distance to."}], "method_description": "Returns the distance from this value to the given value, expressed as a stride.", "class_name": "Int64"}, {"return_value": {"return_description": ["A tuple containing the result of the division along with a Boolean value indicating whether overflow occurred. If the overflow component is false, the partialValue component contains the entire quotient. If the overflow component is true, an overflow occurred and the partialValue component contains either the truncated quotient or, if the quotient is undefined, the dividend."], "return_name": [["partialValue"], ["overflow"]], "return_type": ["Int64", "Bool"]}, "method_name": "dividedReportingOverflow", "params": [{"param_name": ["by", "other"], "param_type": "Int64) -> (partialValu", "param_description": ""}, {"param_name": ["Int64)", "->", "(partialValue"], "param_type": "Int64", "param_description": ""}, {"param_name": ["overflow"], "param_type": "Bool", "param_description": ""}], "method_description": "Returns the quotient obtained by dividing this value by the given value, along with a Boolean value indicating whether overflow occurred in the operation.", "class_name": "Int64"}, {"return_value": {"return_description": ["A tuple containing the quotient and remainder of dividend divided by this value."], "return_name": [["quotient"], ["remainder"]], "return_type": ["Int64", "Int64"]}, "method_name": "dividingFullWidth", "params": [{"param_name": ["dividend"], "param_type": "(hig", "param_description": "A tuple containing the high and low parts of a double-width integer. The high component of the value carries the sign, if the type is signed."}, {"param_name": ["(high"], "param_type": "Int64", "param_description": ""}, {"param_name": ["low"], "param_type": "Int64.Magnitude)) -> (quotien", "param_description": ""}, {"param_name": ["Int64.Magnitude))", "->", "(quotient"], "param_type": "Int64", "param_description": ""}, {"param_name": ["remainder"], "param_type": "Int64", "param_description": ""}], "method_description": "Returns a tuple containing the quotient and remainder of dividing the given value by this value.", "class_name": "Int64"}, {"return_value": {"return_description": [], "return_name": [], "return_type": []}, "method_name": "encode", "params": [{"param_name": ["to", "encoder"], "param_type": "Encoder", "param_description": "The encoder to write data to."}], "method_description": "Encodes this value into the given encoder.", "class_name": "Int64"}, {"return_value": {"return_description": [], "return_name": [], "return_type": []}, "method_name": "hash", "params": [{"param_name": ["into", "hasher"], "param_type": "inout Hasher", "param_description": "The hasher to use when combining the components of this instance."}], "method_description": "Hashes the essential components of this value by feeding them into the given hasher.", "class_name": "Int64"}, {"return_value": {"return_description": ["A tuple containing the high and low parts of the result of multiplying this value and other."], "return_name": [["high"], ["low"]], "return_type": ["Int64", "Int64.Magnitude"]}, "method_name": "multipliedFullWidth", "params": [{"param_name": ["by", "other"], "param_type": "Int64) -> (hig", "param_description": "The value to multiply this value by."}, {"param_name": ["Int64)", "->", "(high"], "param_type": "Int64", "param_description": ""}, {"param_name": ["low"], "param_type": "Int64.Magnitude", "param_description": ""}], "method_description": "Returns a tuple containing the high and low parts of the result of multiplying this value by the given value.", "class_name": "Int64"}, {"return_value": {"return_description": ["A tuple containing the result of the multiplication along with a Boolean value indicating whether overflow occurred. If the overflow component is false, the partialValue component contains the entire product. If the overflow component is true, an overflow occurred and the partialValue component contains the truncated product of this value and rhs."], "return_name": [["partialValue"], ["overflow"]], "return_type": ["Int64", "Bool"]}, "method_name": "multipliedReportingOverflow", "params": [{"param_name": ["by", "other"], "param_type": "Int64) -> (partialValu", "param_description": ""}, {"param_name": ["Int64)", "->", "(partialValue"], "param_type": "Int64", "param_description": ""}, {"param_name": ["overflow"], "param_type": "Bool", "param_description": ""}], "method_description": "Returns the product of this value and the given value, along with a Boolean value indicating whether overflow occurred in the operation.", "class_name": "Int64"}, {"return_value": {"return_description": [], "return_name": [], "return_type": []}, "method_name": "negate", "params": [], "method_description": "Replaces this value with its additive inverse.", "class_name": "Int64"}, {"return_value": {"return_description": ["A tuple containing the quotient and remainder of this value divided by rhs."], "return_name": [["quotient"], ["remainder"]], "return_type": ["Int64", "Int64"]}, "method_name": "quotientAndRemainder", "params": [{"param_name": ["dividingBy", "rhs"], "param_type": "Int64) -> (quotien", "param_description": "The value to divide this value by."}, {"param_name": ["Int64)", "->", "(quotient"], "param_type": "Int64", "param_description": ""}, {"param_name": ["remainder"], "param_type": "Int64", "param_description": ""}], "method_description": "Returns the quotient and remainder of this value divided by the given value.", "class_name": "Int64"}, {"return_value": {"return_description": ["A tuple containing the result of the operation along with a Boolean value indicating whether overflow occurred. If the overflow component is false, the partialValue component contains the entire remainder. If the overflow component is true, an overflow occurred during division and the partialValue component contains either the entire remainder or, if the remainder is undefined, the dividend."], "return_name": [["partialValue"], ["overflow"]], "return_type": ["Int64", "Bool"]}, "method_name": "remainderReportingOverflow", "params": [{"param_name": ["dividingBy", "other"], "param_type": "Int64) -> (partialValu", "param_description": ""}, {"param_name": ["Int64)", "->", "(partialValue"], "param_type": "Int64", "param_description": ""}, {"param_name": ["overflow"], "param_type": "Bool", "param_description": ""}], "method_description": "Returns the remainder after dividing this value by the given value, along with a Boolean value indicating whether overflow occurred during division.", "class_name": "Int64"}, {"return_value": {"return_description": ["The sign of this number, expressed as an integer of the same type."], "return_name": [""], "return_type": ["Int64"]}, "method_name": "signum", "params": [], "method_description": "Returns -1 if this value is negative and 1 if it\u2019s positive; otherwise, 0.", "class_name": "Int64"}, {"return_value": {"return_description": ["A tuple containing the result of the subtraction along with a Boolean value indicating whether overflow occurred. If the overflow component is false, the partialValue component contains the entire difference. If the overflow component is true, an overflow occurred and the partialValue component contains the truncated result of rhs subtracted from this value."], "return_name": [["partialValue"], ["overflow"]], "return_type": ["Int64", "Bool"]}, "method_name": "subtractingReportingOverflow", "params": [{"param_name": ["other"], "param_type": "Int64) -> (partialValu", "param_description": ""}, {"param_name": ["Int64)", "->", "(partialValue"], "param_type": "Int64", "param_description": ""}, {"param_name": ["overflow"], "param_type": "Bool", "param_description": ""}], "method_description": "Returns the difference obtained by subtracting the given value from this value, along with a Boolean value indicating whether overflow occurred in the operation.", "class_name": "Int64"}, {"return_value": {"return_description": ["A random value within the bounds of range."], "return_name": [""], "return_type": ["Int64"]}, "method_name": "random", "params": [{"param_name": ["in", "range"], "param_type": "ClosedRange<Int64>", "param_description": "The range in which to create a random value."}], "method_description": "Returns a random value within the specified range.", "class_name": "Int64"}, {"return_value": {"return_description": ["A random value within the bounds of range."], "return_name": [""], "return_type": ["Int64"]}, "method_name": "random", "params": [{"param_name": ["in", "range"], "param_type": "Range<Int64>", "param_description": "The range in which to create a random value. range must not be empty."}], "method_description": "Returns a random value within the specified range.", "class_name": "Int64"}, {"return_value": {"return_description": ["A random value within the bounds of range."], "return_name": [""], "return_type": ["Int64"]}, "method_name": "random", "params": [{"param_name": ["in", "range"], "param_type": "ClosedRange<Int64>", "param_description": "The range in which to create a random value."}, {"param_name": ["using", "generator"], "param_type": "inout T", "param_description": "The random number generator to use when creating the new random value."}], "method_description": "Returns a random value within the specified range, using the given generator as a source for randomness.", "class_name": "Int64"}, {"return_value": {"return_description": ["A random value within the bounds of range."], "return_name": [""], "return_type": ["Int64"]}, "method_name": "random", "params": [{"param_name": ["in", "range"], "param_type": "Range<Int64>", "param_description": "The range in which to create a random value. range must not be empty."}, {"param_name": ["using", "generator"], "param_type": "inout T", "param_description": "The random number generator to use when creating the new random value."}], "method_description": "Returns a random value within the specified range, using the given generator as a source for randomness.", "class_name": "Int64"}, {"return_value": {"return_description": [], "return_name": [""], "return_type": ["Bool"]}, "method_name": "!=", "params": [{"param_name": ["lhs"], "param_type": "Int64", "param_description": "An integer to compare."}, {"param_name": ["rhs"], "param_type": "Other", "param_description": "Another integer to compare."}], "method_description": "Returns a Boolean value indicating whether the two given values are not equal.", "class_name": "Int64"}, {"return_value": {"return_description": [], "return_name": [""], "return_type": ["Bool"]}, "method_name": "!=", "params": [{"param_name": ["lhs"], "param_type": "Int64", "param_description": "A value to compare."}, {"param_name": ["rhs"], "param_type": "Int64", "param_description": "Another value to compare."}], "method_description": "Returns a Boolean value indicating whether two values are not equal.", "class_name": "Int64"}, {"return_value": {"return_description": [], "return_name": [""], "return_type": ["Bool"]}, "method_name": "!=", "params": [{"param_name": ["lhs"], "param_type": "Int64", "param_description": ""}, {"param_name": ["rhs"], "param_type": "Int64", "param_description": ""}], "method_description": "", "class_name": "Int64"}, {"return_value": {"return_description": [], "return_name": [""], "return_type": ["Int64"]}, "method_name": "%", "params": [{"param_name": ["lhs"], "param_type": "Int64", "param_description": "The value to divide."}, {"param_name": ["rhs"], "param_type": "Int64", "param_description": "The value to divide lhs by. rhs must not be zero."}], "method_description": "Returns the remainder of dividing the first value by the second.", "class_name": "Int64"}, {"return_value": {"return_description": [], "return_name": [], "return_type": []}, "method_name": "%=", "params": [{"param_name": ["lhs"], "param_type": "inout Int64", "param_description": "The value to divide."}, {"param_name": ["rhs"], "param_type": "Int64", "param_description": "The value to divide lhs by. rhs must not be zero."}], "method_description": "Divides the first value by the second and stores the remainder in the left-hand-side variable.", "class_name": "Int64"}, {"return_value": {"return_description": [], "return_name": [""], "return_type": ["Int64"]}, "method_name": "&", "params": [{"param_name": ["lhs"], "param_type": "Int64", "param_description": "An integer value."}, {"param_name": ["rhs"], "param_type": "Int64", "param_description": "Another integer value."}], "method_description": "Returns the result of performing a bitwise AND operation on the two given values.", "class_name": "Int64"}, {"return_value": {"return_description": [], "return_name": [""], "return_type": ["Int64"]}, "method_name": "&", "params": [{"param_name": ["lhs"], "param_type": "Int64", "param_description": "An integer value."}, {"param_name": ["rhs"], "param_type": "Int64", "param_description": "Another integer value."}], "method_description": "Returns the result of performing a bitwise AND operation on the two given values.", "class_name": "Int64"}, {"return_value": {"return_description": [], "return_name": [""], "return_type": ["Int64"]}, "method_name": "&*", "params": [{"param_name": ["lhs"], "param_type": "Int64", "param_description": "The first value to multiply."}, {"param_name": ["rhs"], "param_type": "Int64", "param_description": "The second value to multiply."}], "method_description": "Returns the product of the two given values, wrapping the result in case of any overflow.", "class_name": "Int64"}, {"return_value": {"return_description": [], "return_name": [], "return_type": []}, "method_name": "&*=", "params": [{"param_name": ["lhs"], "param_type": "inout Int64", "param_description": "The first value to multiply."}, {"param_name": ["rhs"], "param_type": "Int64", "param_description": "The second value to multiply."}], "method_description": "Multiplies two values and stores the result in the left-hand-side variable, wrapping any overflow.", "class_name": "Int64"}, {"return_value": {"return_description": [], "return_name": [""], "return_type": ["Int64"]}, "method_name": "&+", "params": [{"param_name": ["lhs"], "param_type": "Int64", "param_description": ""}, {"param_name": ["rhs"], "param_type": "Int64", "param_description": ""}], "method_description": "", "class_name": "Int64"}, {"return_value": {"return_description": [], "return_name": [""], "return_type": ["Int64"]}, "method_name": "&+", "params": [{"param_name": ["lhs"], "param_type": "Int64", "param_description": "The first value to add."}, {"param_name": ["rhs"], "param_type": "Int64", "param_description": "The second value to add."}], "method_description": "Returns the sum of the two given values, wrapping the result in case of any overflow.", "class_name": "Int64"}, {"return_value": {"return_description": [], "return_name": [], "return_type": []}, "method_name": "&+=", "params": [{"param_name": ["lhs"], "param_type": "inout Int64", "param_description": "The first value to add."}, {"param_name": ["rhs"], "param_type": "Int64", "param_description": "The second value to add."}], "method_description": "Adds two values and stores the result in the left-hand-side variable, wrapping any overflow.", "class_name": "Int64"}, {"return_value": {"return_description": [], "return_name": [""], "return_type": ["Int64"]}, "method_name": "&-", "params": [{"param_name": ["lhs"], "param_type": "Int64", "param_description": ""}, {"param_name": ["rhs"], "param_type": "Int64", "param_description": ""}], "method_description": "", "class_name": "Int64"}, {"return_value": {"return_description": [], "return_name": [""], "return_type": ["Int64"]}, "method_name": "&-", "params": [{"param_name": ["lhs"], "param_type": "Int64", "param_description": "A numeric value."}, {"param_name": ["rhs"], "param_type": "Int64", "param_description": "The value to subtract from lhs."}], "method_description": "Returns the difference of the two given values, wrapping the result in case of any overflow.", "class_name": "Int64"}, {"return_value": {"return_description": [], "return_name": [], "return_type": []}, "method_name": "&-=", "params": [{"param_name": ["lhs"], "param_type": "inout Int64", "param_description": "A numeric value."}, {"param_name": ["rhs"], "param_type": "Int64", "param_description": "The value to subtract from lhs."}], "method_description": "Subtracts the second value from the first and stores the difference in the left-hand-side variable, wrapping any overflow.", "class_name": "Int64"}, {"return_value": {"return_description": [], "return_name": [""], "return_type": ["Int64"]}, "method_name": "&", "params": [{"param_name": ["lhs"], "param_type": "Int64", "param_description": "The value to shift."}, {"param_name": ["rhs"], "param_type": "Other", "param_description": "The number of bits to shift lhs to the left. If rhs is outside the range 0..<lhs.bitWidth, it is masked to produce a value within that range."}], "method_description": "Returns the result of shifting a value\u2019s binary representation the specified number of digits to the left, masking the shift amount to the type\u2019s bit width.", "class_name": "Int64"}, {"return_value": {"return_description": [], "return_name": [""], "return_type": ["Int64"]}, "method_name": "&", "params": [{"param_name": ["lhs"], "param_type": "Int64", "param_description": "The value to shift."}, {"param_name": ["rhs"], "param_type": "Int64", "param_description": "The number of bits to shift lhs to the left. If rhs is outside the range 0..<lhs.bitWidth, it is masked to produce a value within that range."}], "method_description": "Returns the result of shifting a value\u2019s binary representation the specified number of digits to the left, masking the shift amount to the type\u2019s bit width.", "class_name": "Int64"}, {"return_value": {"return_description": [], "return_name": [""], "return_type": ["Int64"]}, "method_name": "&", "params": [{"param_name": ["lhs"], "param_type": "Int64", "param_description": "The value to shift."}, {"param_name": ["rhs"], "param_type": "Int64", "param_description": "The number of bits to shift lhs to the left. If rhs is outside the range 0..<lhs.bitWidth, it is masked to produce a value within that range."}], "method_description": "Returns the result of shifting a value\u2019s binary representation the specified number of digits to the left, masking the shift amount to the type\u2019s bit width.", "class_name": "Int64"}, {"return_value": {"return_description": [], "return_name": [], "return_type": []}, "method_name": "&", "params": [{"param_name": ["lhs"], "param_type": "inout Int64", "param_description": "The value to shift."}, {"param_name": ["rhs"], "param_type": "Other", "param_description": "The number of bits to shift lhs to the left. If rhs is outside the range 0..<lhs.bitWidth, it is masked to produce a value within that range."}], "method_description": "Returns the result of shifting a value\u2019s binary representation the specified number of digits to the left, masking the shift amount to the type\u2019s bit width, and stores the result in the left-hand-side variable.", "class_name": "Int64"}, {"return_value": {"return_description": [], "return_name": [], "return_type": []}, "method_name": "&", "params": [{"param_name": ["lhs"], "param_type": "inout Int64", "param_description": "The value to shift."}, {"param_name": ["rhs"], "param_type": "Int64", "param_description": "The number of bits to shift lhs to the left. If rhs is outside the range 0..<lhs.bitWidth, it is masked to produce a value within that range."}], "method_description": "Returns the result of shifting a value\u2019s binary representation the specified number of digits to the left, masking the shift amount to the type\u2019s bit width, and stores the result in the left-hand-side variable.", "class_name": "Int64"}, {"return_value": {"return_description": [], "return_name": [], "return_type": []}, "method_name": "&=", "params": [{"param_name": ["lhs"], "param_type": "inout Int64", "param_description": "An integer value."}, {"param_name": ["rhs"], "param_type": "Int64", "param_description": "Another integer value."}], "method_description": "Stores the result of performing a bitwise AND operation on the two given values in the left-hand-side variable.", "class_name": "Int64"}, {"return_value": {"return_description": [], "return_name": [""], "return_type": ["Int64"]}, "method_name": "&>>", "params": [{"param_name": ["lhs"], "param_type": "Int64", "param_description": "The value to shift."}, {"param_name": ["rhs"], "param_type": "Other", "param_description": "The number of bits to shift lhs to the right. If rhs is outside the range 0..<lhs.bitWidth, it is masked to produce a value within that range."}], "method_description": "Returns the result of shifting a value\u2019s binary representation the specified number of digits to the right, masking the shift amount to the type\u2019s bit width.", "class_name": "Int64"}, {"return_value": {"return_description": [], "return_name": [""], "return_type": ["Int64"]}, "method_name": "&>>", "params": [{"param_name": ["lhs"], "param_type": "Int64", "param_description": "The value to shift."}, {"param_name": ["rhs"], "param_type": "Int64", "param_description": "The number of bits to shift lhs to the right. If rhs is outside the range 0..<lhs.bitWidth, it is masked to produce a value within that range."}], "method_description": "Returns the result of shifting a value\u2019s binary representation the specified number of digits to the right, masking the shift amount to the type\u2019s bit width.", "class_name": "Int64"}, {"return_value": {"return_description": [], "return_name": [""], "return_type": ["Int64"]}, "method_name": "&>>", "params": [{"param_name": ["lhs"], "param_type": "Int64", "param_description": "The value to shift."}, {"param_name": ["rhs"], "param_type": "Int64", "param_description": "The number of bits to shift lhs to the right. If rhs is outside the range 0..<lhs.bitWidth, it is masked to produce a value within that range."}], "method_description": "Returns the result of shifting a value\u2019s binary representation the specified number of digits to the right, masking the shift amount to the type\u2019s bit width.", "class_name": "Int64"}, {"return_value": {"return_description": [], "return_name": [], "return_type": []}, "method_name": "&>>=", "params": [{"param_name": ["lhs"], "param_type": "inout Int64", "param_description": "The value to shift."}, {"param_name": ["rhs"], "param_type": "Other", "param_description": "The number of bits to shift lhs to the right. If rhs is outside the range 0..<lhs.bitWidth, it is masked to produce a value within that range."}], "method_description": "Calculates the result of shifting a value\u2019s binary representation the specified number of digits to the right, masking the shift amount to the type\u2019s bit width, and stores the result in the left-hand-side variable.", "class_name": "Int64"}, {"return_value": {"return_description": [], "return_name": [], "return_type": []}, "method_name": "&>>=", "params": [{"param_name": ["lhs"], "param_type": "inout Int64", "param_description": "The value to shift."}, {"param_name": ["rhs"], "param_type": "Int64", "param_description": "The number of bits to shift lhs to the right. If rhs is outside the range 0..<lhs.bitWidth, it is masked to produce a value within that range."}], "method_description": "Calculates the result of shifting a value\u2019s binary representation the specified number of digits to the right, masking the shift amount to the type\u2019s bit width, and stores the result in the left-hand-side variable.", "class_name": "Int64"}, {"return_value": {"return_description": [], "return_name": [""], "return_type": ["Int64"]}, "method_name": "*", "params": [{"param_name": ["lhs"], "param_type": "Int64", "param_description": "The first value to multiply."}, {"param_name": ["rhs"], "param_type": "Int64", "param_description": "The second value to multiply."}], "method_description": "Multiplies two values and produces their product.", "class_name": "Int64"}, {"return_value": {"return_description": [], "return_name": [], "return_type": []}, "method_name": "*=", "params": [{"param_name": ["lhs"], "param_type": "inout Int64", "param_description": "The first value to multiply."}, {"param_name": ["rhs"], "param_type": "Int64", "param_description": "The second value to multiply."}], "method_description": "Multiplies two values and stores the result in the left-hand-side variable.", "class_name": "Int64"}, {"return_value": {"return_description": ["The given argument without any changes."], "return_name": [""], "return_type": ["Int64"]}, "method_name": "+", "params": [{"param_name": ["x"], "param_type": "Int64", "param_description": ""}], "method_description": "Returns the given number unchanged.", "class_name": "Int64"}, {"return_value": {"return_description": [], "return_name": [""], "return_type": ["Int64"]}, "method_name": "+", "params": [{"param_name": ["lhs"], "param_type": "Int64", "param_description": "The first value to add."}, {"param_name": ["rhs"], "param_type": "Int64", "param_description": "The second value to add."}], "method_description": "Adds two values and produces their sum.", "class_name": "Int64"}, {"return_value": {"return_description": [], "return_name": [], "return_type": []}, "method_name": "+=", "params": [{"param_name": ["lhs"], "param_type": "inout Int64", "param_description": "The first value to add."}, {"param_name": ["rhs"], "param_type": "Int64", "param_description": "The second value to add."}], "method_description": "Adds two values and stores the result in the left-hand-side variable.", "class_name": "Int64"}, {"return_value": {"return_description": ["The additive inverse of the argument."], "return_name": [""], "return_type": ["Int64"]}, "method_name": "-", "params": [{"param_name": ["operand"], "param_type": "Int64", "param_description": ""}], "method_description": "Returns the additive inverse of the specified value.", "class_name": "Int64"}, {"return_value": {"return_description": [], "return_name": [""], "return_type": ["Int64"]}, "method_name": "-", "params": [{"param_name": ["lhs"], "param_type": "Int64", "param_description": "A numeric value."}, {"param_name": ["rhs"], "param_type": "Int64", "param_description": "The value to subtract from lhs."}], "method_description": "Subtracts one value from another and produces their difference.", "class_name": "Int64"}, {"return_value": {"return_description": [], "return_name": [], "return_type": []}, "method_name": "-=", "params": [{"param_name": ["lhs"], "param_type": "inout Int64", "param_description": "A numeric value."}, {"param_name": ["rhs"], "param_type": "Int64", "param_description": "The value to subtract from lhs."}], "method_description": "Subtracts the second value from the first and stores the difference in the left-hand-side variable.", "class_name": "Int64"}, {"return_value": {"return_description": [], "return_name": [""], "return_type": ["PartialRangeFrom<Int64>"]}, "method_name": "...", "params": [{"param_name": ["minimum"], "param_type": "Int64", "param_description": "The lower bound for the range."}], "method_description": "Returns a partial range extending upward from a lower bound.", "class_name": "Int64"}, {"return_value": {"return_description": [], "return_name": [""], "return_type": ["PartialRangeThrough<Int64>"]}, "method_name": "...", "params": [{"param_name": ["maximum"], "param_type": "Int64", "param_description": "The upper bound for the range."}], "method_description": "Returns a partial range up to, and including, its upper bound.", "class_name": "Int64"}, {"return_value": {"return_description": [], "return_name": [""], "return_type": ["ClosedRange<Int64>"]}, "method_name": "...", "params": [{"param_name": ["minimum"], "param_type": "Int64", "param_description": "The lower bound for the range."}, {"param_name": ["maximum"], "param_type": "Int64", "param_description": "The upper bound for the range."}], "method_description": "Returns a closed range that contains both of its bounds.", "class_name": "Int64"}, {"return_value": {"return_description": [], "return_name": [""], "return_type": ["PartialRangeUpTo<Int64>"]}, "method_name": "..", "params": [{"param_name": ["maximum"], "param_type": "Int64", "param_description": "The upper bound for the range."}], "method_description": "Returns a partial range up to, but not including, its upper bound.", "class_name": "Int64"}, {"return_value": {"return_description": [], "return_name": [""], "return_type": ["Range<Int64>"]}, "method_name": "..", "params": [{"param_name": ["minimum"], "param_type": "Int64", "param_description": "The lower bound for the range."}, {"param_name": ["maximum"], "param_type": "Int64", "param_description": "The upper bound for the range."}], "method_description": "Returns a half-open range that contains its lower bound but not its upper bound.", "class_name": "Int64"}, {"return_value": {"return_description": [], "return_name": [""], "return_type": ["Int64"]}, "method_name": "/", "params": [{"param_name": ["lhs"], "param_type": "Int64", "param_description": "The value to divide."}, {"param_name": ["rhs"], "param_type": "Int64", "param_description": "The value to divide lhs by. rhs must not be zero."}], "method_description": "Returns the quotient of dividing the first value by the second.", "class_name": "Int64"}, {"return_value": {"return_description": [], "return_name": [], "return_type": []}, "method_name": "/=", "params": [{"param_name": ["lhs"], "param_type": "inout Int64", "param_description": "The value to divide."}, {"param_name": ["rhs"], "param_type": "Int64", "param_description": "The value to divide lhs by. rhs must not be zero."}], "method_description": "Divides the first value by the second and stores the quotient in the left-hand-side variable.", "class_name": "Int64"}, {"return_value": {"return_description": [], "return_name": [""], "return_type": ["Bool"]}, "method_name": "func", "params": [{"param_name": ["lhs"], "param_type": "Int64", "param_description": "An integer to compare."}, {"param_name": ["rhs"], "param_type": "Other", "param_description": "Another integer to compare."}], "method_description": "Returns a Boolean value indicating whether the value of the first argument is less than that of the second argument.", "class_name": "Int64"}, {"return_value": {"return_description": [], "return_name": [""], "return_type": ["Bool"]}, "method_name": "func", "params": [{"param_name": ["x"], "param_type": "Int64", "param_description": ""}, {"param_name": ["y"], "param_type": "Int64", "param_description": ""}], "method_description": "Returns a Boolean value indicating whether the value of the first argument is less than that of the second argument.", "class_name": "Int64"}, {"return_value": {"return_description": [], "return_name": [""], "return_type": ["Bool"]}, "method_name": "func", "params": [{"param_name": ["lhs"], "param_type": "Int64", "param_description": ""}, {"param_name": ["rhs"], "param_type": "Int64", "param_description": ""}], "method_description": "", "class_name": "Int64"}, {"return_value": {"return_description": [], "return_name": [""], "return_type": ["Int64"]}, "method_name": "func", "params": [{"param_name": ["lhs"], "param_type": "Int64", "param_description": "The value to shift."}, {"param_name": ["rhs"], "param_type": "Other", "param_description": "The number of bits to shift lhs to the left."}], "method_description": "Returns the result of shifting a value\u2019s binary representation the specified number of digits to the left.", "class_name": "Int64"}, {"return_value": {"return_description": [], "return_name": [""], "return_type": ["Int64"]}, "method_name": "func", "params": [{"param_name": ["lhs"], "param_type": "Int64", "param_description": "The value to shift."}, {"param_name": ["rhs"], "param_type": "RHS", "param_description": "The number of bits to shift lhs to the left."}], "method_description": "Returns the result of shifting a value\u2019s binary representation the specified number of digits to the left.", "class_name": "Int64"}, {"return_value": {"return_description": [], "return_name": [], "return_type": []}, "method_name": "func", "params": [{"param_name": ["lhs"], "param_type": "inout Int64", "param_description": "The value to shift."}, {"param_name": ["rhs"], "param_type": "Other", "param_description": "The number of bits to shift lhs to the left."}], "method_description": "Stores the result of shifting a value\u2019s binary representation the specified number of digits to the left in the left-hand-side variable.", "class_name": "Int64"}, {"return_value": {"return_description": [], "return_name": [""], "return_type": ["Bool"]}, "method_name": "func", "params": [{"param_name": ["lhs"], "param_type": "Int64", "param_description": "An integer to compare."}, {"param_name": ["rhs"], "param_type": "Other", "param_description": "Another integer to compare."}], "method_description": "Returns a Boolean value indicating whether the value of the first argument is less than or equal to that of the second argument.", "class_name": "Int64"}, {"return_value": {"return_description": [], "return_name": [""], "return_type": ["Bool"]}, "method_name": "func", "params": [{"param_name": ["lhs"], "param_type": "Int64", "param_description": ""}, {"param_name": ["rhs"], "param_type": "Int64", "param_description": ""}], "method_description": "", "class_name": "Int64"}, {"return_value": {"return_description": [], "return_name": [""], "return_type": ["Bool"]}, "method_name": "func", "params": [{"param_name": ["lhs"], "param_type": "Int64", "param_description": "A value to compare."}, {"param_name": ["rhs"], "param_type": "Int64", "param_description": "Another value to compare."}], "method_description": "Returns a Boolean value indicating whether the value of the first argument is less than or equal to that of the second argument.", "class_name": "Int64"}, {"return_value": {"return_description": [], "return_name": [""], "return_type": ["Bool"]}, "method_name": "func", "params": [{"param_name": ["lhs"], "param_type": "Int64", "param_description": "A value to compare."}, {"param_name": ["rhs"], "param_type": "Int64", "param_description": "Another value to compare."}], "method_description": "Returns a Boolean value indicating whether the value of the first argument is less than or equal to that of the second argument.", "class_name": "Int64"}, {"return_value": {"return_description": [], "return_name": [""], "return_type": ["Bool"]}, "method_name": "==", "params": [{"param_name": ["lhs"], "param_type": "Int64", "param_description": "An integer to compare."}, {"param_name": ["rhs"], "param_type": "Other", "param_description": "Another integer to compare."}], "method_description": "Returns a Boolean value indicating whether the two given values are equal.", "class_name": "Int64"}, {"return_value": {"return_description": [], "return_name": [""], "return_type": ["Bool"]}, "method_name": "==", "params": [{"param_name": ["x"], "param_type": "Int64", "param_description": ""}, {"param_name": ["y"], "param_type": "Int64", "param_description": ""}], "method_description": "Returns a Boolean value indicating whether two values are equal.", "class_name": "Int64"}, {"return_value": {"return_description": [], "return_name": [""], "return_type": ["Bool"]}, "method_name": "==", "params": [{"param_name": ["lhs"], "param_type": "Int64", "param_description": ""}, {"param_name": ["rhs"], "param_type": "Int64", "param_description": ""}], "method_description": "", "class_name": "Int64"}, {"return_value": {"return_description": [], "return_name": [""], "return_type": ["Bool"]}, "method_name": ">", "params": [{"param_name": ["lhs"], "param_type": "Int64", "param_description": "An integer to compare."}, {"param_name": ["rhs"], "param_type": "Other", "param_description": "Another integer to compare."}], "method_description": "Returns a Boolean value indicating whether the value of the first argument is greater than that of the second argument.", "class_name": "Int64"}, {"return_value": {"return_description": [], "return_name": [""], "return_type": ["Bool"]}, "method_name": ">", "params": [{"param_name": ["lhs"], "param_type": "Int64", "param_description": ""}, {"param_name": ["rhs"], "param_type": "Int64", "param_description": ""}], "method_description": "", "class_name": "Int64"}, {"return_value": {"return_description": [], "return_name": [""], "return_type": ["Bool"]}, "method_name": ">", "params": [{"param_name": ["lhs"], "param_type": "Int64", "param_description": "A value to compare."}, {"param_name": ["rhs"], "param_type": "Int64", "param_description": "Another value to compare."}], "method_description": "Returns a Boolean value indicating whether the value of the first argument is greater than that of the second argument.", "class_name": "Int64"}, {"return_value": {"return_description": [], "return_name": [""], "return_type": ["Bool"]}, "method_name": ">", "params": [{"param_name": ["lhs"], "param_type": "Int64", "param_description": "A value to compare."}, {"param_name": ["rhs"], "param_type": "Int64", "param_description": "Another value to compare."}], "method_description": "Returns a Boolean value indicating whether the value of the first argument is greater than that of the second argument.", "class_name": "Int64"}, {"return_value": {"return_description": [], "return_name": [""], "return_type": ["Bool"]}, "method_name": ">=", "params": [{"param_name": ["lhs"], "param_type": "Int64", "param_description": "An integer to compare."}, {"param_name": ["rhs"], "param_type": "Other", "param_description": "Another integer to compare."}], "method_description": "Returns a Boolean value indicating whether the value of the first argument is greater than or equal to that of the second argument.", "class_name": "Int64"}, {"return_value": {"return_description": [], "return_name": [""], "return_type": ["Bool"]}, "method_name": ">=", "params": [{"param_name": ["lhs"], "param_type": "Int64", "param_description": ""}, {"param_name": ["rhs"], "param_type": "Int64", "param_description": ""}], "method_description": "", "class_name": "Int64"}, {"return_value": {"return_description": ["true if lhs is greater than or equal to rhs; otherwise, false."], "return_name": [""], "return_type": ["Bool"]}, "method_name": ">=", "params": [{"param_name": ["lhs"], "param_type": "Int64", "param_description": "A value to compare."}, {"param_name": ["rhs"], "param_type": "Int64", "param_description": "Another value to compare."}], "method_description": "Returns a Boolean value indicating whether the value of the first argument is greater than or equal to that of the second argument.", "class_name": "Int64"}, {"return_value": {"return_description": [], "return_name": [""], "return_type": ["Bool"]}, "method_name": ">=", "params": [{"param_name": ["lhs"], "param_type": "Int64", "param_description": "A value to compare."}, {"param_name": ["rhs"], "param_type": "Int64", "param_description": "Another value to compare."}], "method_description": "Returns a Boolean value indicating whether the value of the first argument is greater than or equal to that of the second argument.", "class_name": "Int64"}, {"return_value": {"return_description": [], "return_name": [""], "return_type": ["Int64"]}, "method_name": ">>", "params": [{"param_name": ["lhs"], "param_type": "Int64", "param_description": "The value to shift."}, {"param_name": ["rhs"], "param_type": "Other", "param_description": "The number of bits to shift lhs to the right."}], "method_description": "Returns the result of shifting a value\u2019s binary representation the specified number of digits to the right.", "class_name": "Int64"}, {"return_value": {"return_description": [], "return_name": [""], "return_type": ["Int64"]}, "method_name": ">>", "params": [{"param_name": ["lhs"], "param_type": "Int64", "param_description": "The value to shift."}, {"param_name": ["rhs"], "param_type": "RHS", "param_description": "The number of bits to shift lhs to the right."}], "method_description": "Returns the result of shifting a value\u2019s binary representation the specified number of digits to the right.", "class_name": "Int64"}, {"return_value": {"return_description": [], "return_name": [], "return_type": []}, "method_name": ">>=", "params": [{"param_name": ["lhs"], "param_type": "inout Int64", "param_description": "The value to shift."}, {"param_name": ["rhs"], "param_type": "Other", "param_description": "The number of bits to shift lhs to the right."}], "method_description": "Stores the result of shifting a value\u2019s binary representation the specified number of digits to the right in the left-hand-side variable.", "class_name": "Int64"}, {"return_value": {"return_description": [], "return_name": [""], "return_type": ["Int64"]}, "method_name": "^", "params": [{"param_name": ["lhs"], "param_type": "Int64", "param_description": "An integer value."}, {"param_name": ["rhs"], "param_type": "Int64", "param_description": "Another integer value."}], "method_description": "Returns the result of performing a bitwise XOR operation on the two given values.", "class_name": "Int64"}, {"return_value": {"return_description": [], "return_name": [""], "return_type": ["Int64"]}, "method_name": "^", "params": [{"param_name": ["lhs"], "param_type": "Int64", "param_description": "An integer value."}, {"param_name": ["rhs"], "param_type": "Int64", "param_description": "Another integer value."}], "method_description": "Returns the result of performing a bitwise XOR operation on the two given values.", "class_name": "Int64"}, {"return_value": {"return_description": [], "return_name": [], "return_type": []}, "method_name": "^=", "params": [{"param_name": ["lhs"], "param_type": "inout Int64", "param_description": "An integer value."}, {"param_name": ["rhs"], "param_type": "Int64", "param_description": "Another integer value."}], "method_description": "Stores the result of performing a bitwise XOR operation on the two given values in the left-hand-side variable.", "class_name": "Int64"}, {"return_value": {"return_description": [], "return_name": [""], "return_type": ["Int64"]}, "method_name": "|", "params": [{"param_name": ["lhs"], "param_type": "Int64", "param_description": "An integer value."}, {"param_name": ["rhs"], "param_type": "Int64", "param_description": "Another integer value."}], "method_description": "Returns the result of performing a bitwise OR operation on the two given values.", "class_name": "Int64"}, {"return_value": {"return_description": [], "return_name": [""], "return_type": ["Int64"]}, "method_name": "|", "params": [{"param_name": ["lhs"], "param_type": "Int64", "param_description": "An integer value."}, {"param_name": ["rhs"], "param_type": "Int64", "param_description": "Another integer value."}], "method_description": "Returns the result of performing a bitwise OR operation on the two given values.", "class_name": "Int64"}, {"return_value": {"return_description": [], "return_name": [], "return_type": []}, "method_name": "|=", "params": [{"param_name": ["lhs"], "param_type": "inout Int64", "param_description": "An integer value."}, {"param_name": ["rhs"], "param_type": "Int64", "param_description": "Another integer value."}], "method_description": "Stores the result of performing a bitwise OR operation on the two given values in the left-hand-side variable.", "class_name": "Int64"}, {"return_value": {"return_description": [], "return_name": [""], "return_type": ["Int64"]}, "method_name": "~", "params": [{"param_name": ["x"], "param_type": "Int64", "param_description": ""}], "method_description": "Returns the inverse of the bits set in the argument.", "class_name": "Int64"}], "Vars": [{"var_name": "bigEndian", "var_type": "Int64", "var_description": "The big-endian representation of this integer."}, {"var_name": "bitWidth", "var_type": "Int", "var_description": "The number of bits in the binary representation of this value."}, {"var_name": "byteSwapped", "var_type": "Int64", "var_description": "A representation of this integer with the byte order swapped."}, {"var_name": "customMirror", "var_type": "Mirror", "var_description": "A mirror that reflects the Int64 instance."}, {"var_name": "dataValue", "var_type": "MLDataValue", "var_description": ""}, {"var_name": "description", "var_type": "String", "var_description": "A textual representation of this value."}, {"var_name": "leadingZeroBitCount", "var_type": "Int", "var_description": "The number of leading zeros in this value\u2019s binary representation."}, {"var_name": "littleEndian", "var_type": "Int64", "var_description": "The little-endian representation of this integer."}, {"var_name": "magnitude", "var_type": "UInt64", "var_description": "The magnitude of this value."}, {"var_name": "nonzeroBitCount", "var_type": "Int", "var_description": "The number of bits equal to 1 in this value\u2019s binary representation."}, {"var_name": "trailingZeroBitCount", "var_type": "Int", "var_description": "The number of trailing zeros in this value\u2019s binary representation."}, {"var_name": "words", "var_type": "Int64.Words", "var_description": "A collection containing the words of this value\u2019s binary representation, in order from the least significant to most significant."}, {"var_name": "bitWidth", "var_type": "Int", "var_description": "The number of bits used for the underlying binary representation of values of this type."}, {"var_name": "dataValueType", "var_type": "MLDataValue.ValueType", "var_description": ""}, {"var_name": "isSigned", "var_type": "Bool", "var_description": "A Boolean value indicating whether this type is a signed integer type."}, {"var_name": "max", "var_type": "Int64", "var_description": "The maximum representable integer in this type."}, {"var_name": "min", "var_type": "Int64", "var_description": "The minimum representable integer in this type."}], "subclass_list": [], "class_description": "", "package_name": "swift", "class_name": "Int64"}