{"Methods": [{"params": [], "method_name": "init", "is_static": false, "class_name": "ISO8601DateFormatter", "method_description": "Initializes an ISO 8601 date formatter with default format, time zone, and options.", "return_value": {"return_name": [], "return_description": [], "return_type": []}}, {"params": [{"param_description": "The date to be represented.", "param_name": ["from", "date"], "param_type": "Date"}], "method_name": "string", "is_static": false, "class_name": "ISO8601DateFormatter", "method_description": "Creates and returns an ISO 8601 formatted string representation of the specified date.", "return_value": {"return_name": [""], "return_description": ["A user-readable string representing the date."], "return_type": ["String"]}}, {"params": [{"param_description": "The ISO 8601 formatted string representation of a date.", "param_name": ["from", "string"], "param_type": "String"}], "method_name": "date", "is_static": false, "class_name": "ISO8601DateFormatter", "method_description": "Creates and returns a date object from the specified ISO 8601 formatted string representation.", "return_value": {"return_name": [""], "return_description": ["A date object, or nil if no valid date was found."], "return_type": ["Date"]}}, {"params": [{"param_description": "The date to be represented.", "param_name": ["from", "date"], "param_type": "Date"}, {"param_description": "The time zone used.", "param_name": ["timeZone"], "param_type": "TimeZone"}, {"param_description": "The options used. For possible values, see ISO8601DateFormatter.Options.", "param_name": ["formatOptions"], "param_type": "ISO8601DateFormatter.Options = []"}], "method_name": "string", "is_static": false, "class_name": "ISO8601DateFormatter", "method_description": "Creates a representation of the specified date with a given time zone and format options.", "return_value": {"return_name": [""], "return_description": ["A user-readable string representing the date."], "return_type": ["String"]}}], "Vars": [{"var_type": "ISO8601DateFormatter.Options", "var_description": "Options for generating and parsing ISO 8601 date representations. See ISO8601DateFormatter.Options for possible values.", "var_name": "formatOptions"}, {"var_type": "TimeZone!", "var_description": "The time zone used to create and parse date representations. When unspecified, GMT is used.", "var_name": "timeZone"}], "interface_list": ["CVarArg", "Equatable", "Hashable", "NSSecureCoding"], "package_name": "foundation", "subclass_list": [], "class_name": "ISO8601DateFormatter", "class_description": "The ISO8601DateFormatter class generates and parses string representations of dates following the ISO 8601 standard. Use this class to create ISO 8601 representations of dates and create dates from text strings in ISO 8601 format.\n", "class_inherit_list": ["Formatter"]}