{"class_inherit_list": [], "interface_list": [], "Methods": [{"return_value": {"return_description": [], "return_name": [], "return_type": []}, "method_name": "init", "params": [{"param_name": ["base"], "param_type": "Base.Iterator", "param_description": ""}, {"param_name": ["separator"], "param_type": "Separator", "param_description": ""}], "method_description": "Creates a sequence that presents the elements of base sequences concatenated using separator.", "class_name": "JoinedSequence.Iterator"}, {"return_value": {"return_description": [], "return_name": [""], "return_type": ["JoinedSequence<Base>.Iterator.Element"]}, "method_name": "next", "params": [], "method_description": "Advances to the next element and returns it, or nil if no next element exists.", "class_name": "JoinedSequence.Iterator"}], "Vars": [], "subclass_list": [], "class_description": "", "package_name": "swift", "class_name": "JoinedSequence.Iterator"}