{"Methods": [{"params": [{"param_description": "", "param_name": ["rawValue"], "param_type": "UInt"}], "method_name": "init", "is_static": false, "class_name": "JSONSerialization.WritingOptions", "method_description": "Creates a set of JSON formatting options from an integer that represents those options.", "return_value": {"return_name": [], "return_description": [], "return_type": []}}], "Vars": [{"var_type": "JSONSerialization.WritingOptions", "var_description": "The writing option that uses white space and indentation to make the output more readable.", "var_name": "prettyPrinted"}, {"var_type": "JSONSerialization.WritingOptions", "var_description": "The writing option that sorts keys in lexicographic order.", "var_name": "sortedKeys"}], "interface_list": ["OptionSet"], "package_name": "foundation", "subclass_list": [], "class_name": "JSONSerialization.WritingOptions", "class_description": "", "class_inherit_list": []}