{"Methods": [{"params": [{"param_description": "", "param_name": ["rawValue"], "param_type": "UInt"}], "method_name": "init", "is_static": false, "class_name": "JSONEncoder.OutputFormatting", "method_description": "Creates a new set of output formatting options from the given raw value.", "return_value": {"return_name": [], "return_description": [], "return_type": []}}, {"params": [], "method_name": "init", "is_static": false, "class_name": "JSONEncoder.OutputFormatting", "method_description": "Creates an empty option set.", "return_value": {"return_name": [], "return_description": [], "return_type": []}}, {"params": [{"param_description": "A list of elements of the new set.", "param_name": ["arrayLiteral"], "param_type": "JSONEncoder.OutputFormatting..."}], "method_name": "init", "is_static": false, "class_name": "JSONEncoder.OutputFormatting", "method_description": "Creates a set containing the elements of the given array literal.", "return_value": {"return_name": [], "return_description": [], "return_type": []}}, {"params": [{"param_description": "The element to look for in the option set.", "param_name": ["member"], "param_type": "JSONEncoder.OutputFormatting"}], "method_name": "contains", "is_static": false, "class_name": "JSONEncoder.OutputFormatting", "method_description": "Returns a Boolean value that indicates whether a given element is a member of the option set.", "return_value": {"return_name": [""], "return_description": ["true if the option set contains member; otherwise, false."], "return_type": ["Bool"]}}, {"params": [{"param_description": "The element to insert.", "param_name": ["newMember"], "param_type": "JSONEncoder.OutputFormatting) -> (inserte"}, {"param_description": "", "param_name": ["JSONEncoder.OutputFormatting)", "->", "(inserted"], "param_type": "Bool"}, {"param_description": "", "param_name": ["memberAfterInsert"], "param_type": "JSONEncoder.OutputFormatting"}], "method_name": "insert", "is_static": false, "class_name": "JSONEncoder.OutputFormatting", "method_description": "Adds the given element to the option set if it is not already a member.", "return_value": {"return_name": [["inserted"], ["memberAfterInsert"]], "return_description": ["(true, newMember) if newMember was not contained in self. Otherwise, returns (false, oldMember), where oldMember is the member of the set equal to newMember."], "return_type": ["Bool", "JSONEncoder.OutputFormatting"]}}, {"params": [{"param_description": "", "param_name": ["with", "newMember"], "param_type": "JSONEncoder.OutputFormatting"}], "method_name": "update", "is_static": false, "class_name": "JSONEncoder.OutputFormatting", "method_description": "Inserts the given element into the set.", "return_value": {"return_name": [""], "return_description": ["The intersection of [newMember] and the set if the intersection was nonempty; otherwise, nil."], "return_type": ["JSONEncoder.OutputFormatting"]}}, {"params": [{"param_description": "The element of the set to remove.", "param_name": ["member"], "param_type": "JSONEncoder.OutputFormatting"}], "method_name": "remove", "is_static": false, "class_name": "JSONEncoder.OutputFormatting", "method_description": "Removes the given element and all elements subsumed by it.", "return_value": {"return_name": [""], "return_description": ["The intersection of [member] and the set, if the intersection was nonempty; otherwise, nil."], "return_type": ["JSONEncoder.OutputFormatting"]}}, {"params": [{"param_description": "An option set.", "param_name": ["other"], "param_type": "JSONEncoder.OutputFormatting"}], "method_name": "union", "is_static": false, "class_name": "JSONEncoder.OutputFormatting", "method_description": "Returns a new option set of the elements contained in this set, in the given set, or in both.", "return_value": {"return_name": [""], "return_description": ["A new option set made up of the elements contained in this set, in other, or in both."], "return_type": ["JSONEncoder.OutputFormatting"]}}, {"params": [{"param_description": "An option set.", "param_name": ["other"], "param_type": "JSONEncoder.OutputFormatting"}], "method_name": "formUnion", "is_static": false, "class_name": "JSONEncoder.OutputFormatting", "method_description": "Inserts the elements of another set into this option set.", "return_value": {"return_name": [], "return_description": [], "return_type": []}}, {"params": [{"param_description": "An option set.", "param_name": ["other"], "param_type": "JSONEncoder.OutputFormatting"}], "method_name": "intersection", "is_static": false, "class_name": "JSONEncoder.OutputFormatting", "method_description": "Returns a new option set with only the elements contained in both this set and the given set.", "return_value": {"return_name": [""], "return_description": ["A new option set with only the elements contained in both this set and other."], "return_type": ["JSONEncoder.OutputFormatting"]}}, {"params": [{"param_description": "An option set.", "param_name": ["other"], "param_type": "JSONEncoder.OutputFormatting"}], "method_name": "formIntersection", "is_static": false, "class_name": "JSONEncoder.OutputFormatting", "method_description": "Removes all elements of this option set that are not also present in the given set.", "return_value": {"return_name": [], "return_description": [], "return_type": []}}, {"params": [{"param_description": "An option set.", "param_name": ["other"], "param_type": "JSONEncoder.OutputFormatting"}], "method_name": "symmetricDifference", "is_static": false, "class_name": "JSONEncoder.OutputFormatting", "method_description": "Returns a new option set with the elements contained in this set or in the given set, but not in both.", "return_value": {"return_name": [""], "return_description": ["A new option set with only the elements contained in either this set or other, but not in both."], "return_type": ["JSONEncoder.OutputFormatting"]}}, {"params": [{"param_description": "An option set.", "param_name": ["other"], "param_type": "JSONEncoder.OutputFormatting"}], "method_name": "formSymmetricDifference", "is_static": false, "class_name": "JSONEncoder.OutputFormatting", "method_description": "Replaces this set with a new set containing all elements contained in either this set or the given set, but not in both.", "return_value": {"return_name": [], "return_description": [], "return_type": []}}, {"params": [{"param_description": "A set of the same type as the current set.", "param_name": ["other"], "param_type": "JSONEncoder.OutputFormatting"}], "method_name": "subtracting", "is_static": false, "class_name": "JSONEncoder.OutputFormatting", "method_description": "Returns a new set containing the elements of this set that do not occur in the given set.", "return_value": {"return_name": [""], "return_description": ["A new set."], "return_type": ["JSONEncoder.OutputFormatting"]}}, {"params": [{"param_description": "A set of the same type as the current set.", "param_name": ["other"], "param_type": "JSONEncoder.OutputFormatting"}], "method_name": "subtract", "is_static": false, "class_name": "JSONEncoder.OutputFormatting", "method_description": "Removes the elements of the given set from this set.", "return_value": {"return_name": [], "return_description": [], "return_type": []}}, {"params": [{"param_description": "A set of the same type as the current set.", "param_name": ["of", "other"], "param_type": "JSONEncoder.OutputFormatting"}], "method_name": "isSubset", "is_static": false, "class_name": "JSONEncoder.OutputFormatting", "method_description": "Returns a Boolean value that indicates whether the set is a subset of another set.", "return_value": {"return_name": [""], "return_description": ["true if the set is a subset of other; otherwise, false."], "return_type": ["Bool"]}}, {"params": [{"param_description": "A set of the same type as the current set.", "param_name": ["of", "other"], "param_type": "JSONEncoder.OutputFormatting"}], "method_name": "isStrictSubset", "is_static": false, "class_name": "JSONEncoder.OutputFormatting", "method_description": "Returns a Boolean value that indicates whether this set is a strict subset of the given set.", "return_value": {"return_name": [""], "return_description": ["true if the set is a strict subset of other; otherwise, false."], "return_type": ["Bool"]}}, {"params": [{"param_description": "A set of the same type as the current set.", "param_name": ["of", "other"], "param_type": "JSONEncoder.OutputFormatting"}], "method_name": "isSuperset", "is_static": false, "class_name": "JSONEncoder.OutputFormatting", "method_description": "Returns a Boolean value that indicates whether the set is a superset of the given set.", "return_value": {"return_name": [""], "return_description": ["true if the set is a superset of other; otherwise, false."], "return_type": ["Bool"]}}, {"params": [{"param_description": "A set of the same type as the current set.", "param_name": ["of", "other"], "param_type": "JSONEncoder.OutputFormatting"}], "method_name": "isStrictSuperset", "is_static": false, "class_name": "JSONEncoder.OutputFormatting", "method_description": "Returns a Boolean value that indicates whether this set is a strict superset of the given set.", "return_value": {"return_name": [""], "return_description": ["true if the set is a strict superset of other; otherwise, false."], "return_type": ["Bool"]}}, {"params": [{"param_description": "A set of the same type as the current set.", "param_name": ["with", "other"], "param_type": "JSONEncoder.OutputFormatting"}], "method_name": "isDisjoint", "is_static": false, "class_name": "JSONEncoder.OutputFormatting", "method_description": "Returns a Boolean value that indicates whether the set has no members in common with the given set.", "return_value": {"return_name": [""], "return_description": ["true if the set has no elements in common with other; otherwise, false."], "return_type": ["Bool"]}}, {"params": [{"param_description": "A value to compare.", "param_name": ["lhs"], "param_type": "JSONEncoder.OutputFormatting"}, {"param_description": "Another value to compare.", "param_name": ["rhs"], "param_type": "JSONEncoder.OutputFormatting"}], "method_name": "!=", "is_static": true, "class_name": "JSONEncoder.OutputFormatting", "method_description": "Returns a Boolean value indicating whether two values are not equal.", "return_value": {"return_name": [""], "return_description": [], "return_type": ["Bool"]}}], "Vars": [{"var_type": "JSONEncoder.OutputFormatting", "var_description": "The output formatting option that uses ample white space and indentation to make output easy to read.", "var_name": "prettyPrinted"}, {"var_type": "JSONEncoder.OutputFormatting", "var_description": "The output formatting option that sorts keys in lexicographic order.", "var_name": "sortedKeys"}, {"var_type": "UInt", "var_description": "A raw value representing a set of output formatting options.", "var_name": "rawValue"}, {"var_type": "Bool", "var_description": "A Boolean value that indicates whether the set has no elements.", "var_name": "isEmpty"}], "interface_list": ["OptionSet"], "package_name": "foundation", "subclass_list": [], "class_name": "JSONEncoder.OutputFormatting", "class_description": "", "class_inherit_list": []}