{"Methods": [{"params": [{"param_description": "A data object containing JSON data.", "param_name": ["with", "data"], "param_type": "Data"}, {"param_description": "Options for reading the JSON data and creating the Foundation objects.For possible values, see JSONSerialization.ReadingOptions.", "param_name": ["options", "opt"], "param_type": "JSONSerialization.ReadingOptions = []"}], "method_name": "jsonObject", "is_static": false, "class_name": "JSONSerialization", "method_description": "Returns a Foundation object from given JSON data.", "return_value": {"return_name": [""], "return_description": ["A Foundation object from the JSON data in data, or nil if an error occurs."], "return_type": ["Any"]}}, {"params": [{"param_description": "A stream from which to read JSON data.The stream should be opened and configured. ", "param_name": ["with", "stream"], "param_type": "InputStream"}, {"param_description": "Options for reading the JSON data and creating the Foundation objects.For possible values, see JSONSerialization.ReadingOptions.", "param_name": ["options", "opt"], "param_type": "JSONSerialization.ReadingOptions = []"}], "method_name": "jsonObject", "is_static": false, "class_name": "JSONSerialization", "method_description": "Returns a Foundation object from JSON data in a given stream.", "return_value": {"return_name": [""], "return_description": ["A Foundation object from the JSON data in stream."], "return_type": ["Any"]}}, {"params": [{"param_description": "The object from which to generate JSON data. Must not be nil.", "param_name": ["withJSONObject", "obj"], "param_type": "Any"}, {"param_description": "Options for creating the JSON data.See JSONSerialization.WritingOptions for possible values.", "param_name": ["options", "opt"], "param_type": "JSONSerialization.WritingOptions = []"}], "method_name": "data", "is_static": false, "class_name": "JSONSerialization", "method_description": "Returns JSON data from a Foundation object.", "return_value": {"return_name": [""], "return_description": ["JSON data for obj, or nil if an internal error occurs. The resulting data is encoded in UTF-8."], "return_type": ["Data"]}}, {"params": [{"param_description": "The object to write to stream.", "param_name": ["obj"], "param_type": "Any"}, {"param_description": "The stream to which to write.The stream should be opened and configured.", "param_name": ["to", "stream"], "param_type": "OutputStream"}, {"param_description": "Options for writing the JSON data.See JSONSerialization.WritingOptions for possible values.", "param_name": ["options", "opt"], "param_type": "JSONSerialization.WritingOptions"}, {"param_description": "", "param_name": ["error"], "param_type": "NSErrorPointer"}], "method_name": "writeJSONObject", "is_static": false, "class_name": "JSONSerialization", "method_description": "Writes a given JSON object to a stream.", "return_value": {"return_name": [""], "return_description": ["The number of bytes written to the stream, or 0 if an error occurs."], "return_type": ["Int"]}}, {"params": [{"param_description": "The object to test.", "param_name": ["obj"], "param_type": "Any"}], "method_name": "isValidJSONObject", "is_static": false, "class_name": "JSONSerialization", "method_description": "Returns a Boolean value that indicates whether a given object can be converted to JSON data.", "return_value": {"return_name": [""], "return_description": ["true if obj can be converted to JSON data, otherwise false."], "return_type": ["Bool"]}}], "Vars": [], "interface_list": ["CVarArg", "Equatable", "Hashable"], "package_name": "foundation", "subclass_list": [], "class_name": "JSONSerialization", "class_description": "You use the JSONSerialization class to convert JSON to Foundation objects and convert Foundation objects to JSON.\nA Foundation object that may be converted to JSON must have the following properties:\nThe top level object is an NSArray or NSDictionary.\nAll objects are instances of NSString, NSNumber, NSArray, NSDictionary, or NSNull.\nAll dictionary keys are instances of NSString.\nNumbers are not NaN or infinity.\nOther rules may apply. Calling isValidJSONObject(_:) or attempting a conversion are the definitive ways to tell if a given object can be converted to JSON data.\nThread Safety\nOn iOS 7 and later and macOS 10.9 and later JSONSerialization is thread safe.\n", "class_inherit_list": ["NSObject"]}