{"class_inherit_list": [], "interface_list": ["KeyedEncodingContainerProtocol"], "Methods": [{"return_value": {"return_description": [], "return_name": [], "return_type": []}, "method_name": "init", "params": [{"param_name": ["container"], "param_type": "Container", "param_description": "The container to hold."}], "method_description": "Creates a new instance with the given container.", "class_name": "KeyedEncodingContainer"}, {"return_value": {"return_description": [], "return_name": [], "return_type": []}, "method_name": "encode", "params": [{"param_name": ["value"], "param_type": "UInt64", "param_description": "The value to encode."}, {"param_name": ["forKey", "key"], "param_type": "KeyedEncodingContainer<K>.Key", "param_description": "The key to associate the value with."}], "method_description": "Encodes the given value for the given key.", "class_name": "KeyedEncodingContainer"}, {"return_value": {"return_description": [], "return_name": [], "return_type": []}, "method_name": "encode", "params": [{"param_name": ["value"], "param_type": "Encodable", "param_description": "The value to encode."}, {"param_name": ["forKey", "key"], "param_type": "KeyedEncodingContainer<K>.Key", "param_description": "The key to associate the value with."}], "method_description": "Encodes the given value for the given key.", "class_name": "KeyedEncodingContainer"}, {"return_value": {"return_description": [], "return_name": [], "return_type": []}, "method_name": "encode", "params": [{"param_name": ["value"], "param_type": "UInt32", "param_description": "The value to encode."}, {"param_name": ["forKey", "key"], "param_type": "KeyedEncodingContainer<K>.Key", "param_description": "The key to associate the value with."}], "method_description": "Encodes the given value for the given key.", "class_name": "KeyedEncodingContainer"}, {"return_value": {"return_description": [], "return_name": [], "return_type": []}, "method_name": "encode", "params": [{"param_name": ["value"], "param_type": "String", "param_description": "The value to encode."}, {"param_name": ["forKey", "key"], "param_type": "KeyedEncodingContainer<K>.Key", "param_description": "The key to associate the value with."}], "method_description": "Encodes the given value for the given key.", "class_name": "KeyedEncodingContainer"}, {"return_value": {"return_description": [], "return_name": [], "return_type": []}, "method_name": "encode", "params": [{"param_name": ["value"], "param_type": "Int16", "param_description": "The value to encode."}, {"param_name": ["forKey", "key"], "param_type": "KeyedEncodingContainer<K>.Key", "param_description": "The key to associate the value with."}], "method_description": "Encodes the given value for the given key.", "class_name": "KeyedEncodingContainer"}, {"return_value": {"return_description": [], "return_name": [], "return_type": []}, "method_name": "encode", "params": [{"param_name": ["value"], "param_type": "Double", "param_description": "The value to encode."}, {"param_name": ["forKey", "key"], "param_type": "KeyedEncodingContainer<K>.Key", "param_description": "The key to associate the value with."}], "method_description": "Encodes the given value for the given key.", "class_name": "KeyedEncodingContainer"}, {"return_value": {"return_description": [], "return_name": [], "return_type": []}, "method_name": "encode", "params": [{"param_name": ["value"], "param_type": "Int64", "param_description": "The value to encode."}, {"param_name": ["forKey", "key"], "param_type": "KeyedEncodingContainer<K>.Key", "param_description": "The key to associate the value with."}], "method_description": "Encodes the given value for the given key.", "class_name": "KeyedEncodingContainer"}, {"return_value": {"return_description": [], "return_name": [], "return_type": []}, "method_name": "encode", "params": [{"param_name": ["value"], "param_type": "Int8", "param_description": "The value to encode."}, {"param_name": ["forKey", "key"], "param_type": "KeyedEncodingContainer<K>.Key", "param_description": "The key to associate the value with."}], "method_description": "Encodes the given value for the given key.", "class_name": "KeyedEncodingContainer"}, {"return_value": {"return_description": [], "return_name": [], "return_type": []}, "method_name": "encode", "params": [{"param_name": ["value"], "param_type": "Int", "param_description": "The value to encode."}, {"param_name": ["forKey", "key"], "param_type": "KeyedEncodingContainer<K>.Key", "param_description": "The key to associate the value with."}], "method_description": "Encodes the given value for the given key.", "class_name": "KeyedEncodingContainer"}, {"return_value": {"return_description": [], "return_name": [], "return_type": []}, "method_name": "encode", "params": [{"param_name": ["value"], "param_type": "Float", "param_description": "The value to encode."}, {"param_name": ["forKey", "key"], "param_type": "KeyedEncodingContainer<K>.Key", "param_description": "The key to associate the value with."}], "method_description": "Encodes the given value for the given key.", "class_name": "KeyedEncodingContainer"}, {"return_value": {"return_description": [], "return_name": [], "return_type": []}, "method_name": "encode", "params": [{"param_name": ["value"], "param_type": "UInt8", "param_description": "The value to encode."}, {"param_name": ["forKey", "key"], "param_type": "KeyedEncodingContainer<K>.Key", "param_description": "The key to associate the value with."}], "method_description": "Encodes the given value for the given key.", "class_name": "KeyedEncodingContainer"}, {"return_value": {"return_description": [], "return_name": [], "return_type": []}, "method_name": "encode", "params": [{"param_name": ["value"], "param_type": "Bool", "param_description": "The value to encode."}, {"param_name": ["forKey", "key"], "param_type": "KeyedEncodingContainer<K>.Key", "param_description": "The key to associate the value with."}], "method_description": "Encodes the given value for the given key.", "class_name": "KeyedEncodingContainer"}, {"return_value": {"return_description": [], "return_name": [], "return_type": []}, "method_name": "encode", "params": [{"param_name": ["value"], "param_type": "UInt", "param_description": "The value to encode."}, {"param_name": ["forKey", "key"], "param_type": "KeyedEncodingContainer<K>.Key", "param_description": "The key to associate the value with."}], "method_description": "Encodes the given value for the given key.", "class_name": "KeyedEncodingContainer"}, {"return_value": {"return_description": [], "return_name": [], "return_type": []}, "method_name": "encode", "params": [{"param_name": ["value"], "param_type": "UInt16", "param_description": "The value to encode."}, {"param_name": ["forKey", "key"], "param_type": "KeyedEncodingContainer<K>.Key", "param_description": "The key to associate the value with."}], "method_description": "Encodes the given value for the given key.", "class_name": "KeyedEncodingContainer"}, {"return_value": {"return_description": [], "return_name": [], "return_type": []}, "method_name": "encode", "params": [{"param_name": ["value"], "param_type": "Int32", "param_description": "The value to encode."}, {"param_name": ["forKey", "key"], "param_type": "KeyedEncodingContainer<K>.Key", "param_description": "The key to associate the value with."}], "method_description": "Encodes the given value for the given key.", "class_name": "KeyedEncodingContainer"}, {"return_value": {"return_description": [], "return_name": [], "return_type": []}, "method_name": "encodeConditional", "params": [{"param_name": ["object"], "param_type": "AnyObject", "param_description": "The object to encode."}, {"param_name": ["forKey", "key"], "param_type": "KeyedEncodingContainer<K>.Key", "param_description": "The key to associate the object with."}], "method_description": "Encodes a reference to the given object only if it is encoded unconditionally elsewhere in the payload (previously, or in the future).", "class_name": "KeyedEncodingContainer"}, {"return_value": {"return_description": [], "return_name": [], "return_type": []}, "method_name": "encodeConditional", "params": [{"param_name": ["object"], "param_type": "AnyObject", "param_description": "The object to encode."}, {"param_name": ["forKey", "key"], "param_type": "K", "param_description": "The key to associate the object with."}], "method_description": "Encodes a reference to the given object only if it is encoded unconditionally elsewhere in the payload (previously, or in the future).", "class_name": "KeyedEncodingContainer"}, {"return_value": {"return_description": [], "return_name": [], "return_type": []}, "method_name": "encodeIfPresent", "params": [{"param_name": ["value"], "param_type": "Int16", "param_description": ""}, {"param_name": ["forKey", "key"], "param_type": "K", "param_description": ""}], "method_description": "", "class_name": "KeyedEncodingContainer"}, {"return_value": {"return_description": [], "return_name": [], "return_type": []}, "method_name": "encodeIfPresent", "params": [{"param_name": ["value"], "param_type": "Int8", "param_description": ""}, {"param_name": ["forKey", "key"], "param_type": "K", "param_description": ""}], "method_description": "", "class_name": "KeyedEncodingContainer"}, {"return_value": {"return_description": [], "return_name": [], "return_type": []}, "method_name": "encodeIfPresent", "params": [{"param_name": ["value"], "param_type": "Int32", "param_description": ""}, {"param_name": ["forKey", "key"], "param_type": "K", "param_description": ""}], "method_description": "", "class_name": "KeyedEncodingContainer"}, {"return_value": {"return_description": [], "return_name": [], "return_type": []}, "method_name": "encodeIfPresent", "params": [{"param_name": ["value"], "param_type": "UInt8", "param_description": ""}, {"param_name": ["forKey", "key"], "param_type": "K", "param_description": ""}], "method_description": "", "class_name": "KeyedEncodingContainer"}, {"return_value": {"return_description": [], "return_name": [], "return_type": []}, "method_name": "encodeIfPresent", "params": [{"param_name": ["value"], "param_type": "UInt", "param_description": ""}, {"param_name": ["forKey", "key"], "param_type": "K", "param_description": ""}], "method_description": "", "class_name": "KeyedEncodingContainer"}, {"return_value": {"return_description": [], "return_name": [], "return_type": []}, "method_name": "encodeIfPresent", "params": [{"param_name": ["value"], "param_type": "Bool", "param_description": ""}, {"param_name": ["forKey", "key"], "param_type": "K", "param_description": ""}], "method_description": "", "class_name": "KeyedEncodingContainer"}, {"return_value": {"return_description": [], "return_name": [], "return_type": []}, "method_name": "encodeIfPresent", "params": [{"param_name": ["value"], "param_type": "UInt64", "param_description": ""}, {"param_name": ["forKey", "key"], "param_type": "K", "param_description": ""}], "method_description": "", "class_name": "KeyedEncodingContainer"}, {"return_value": {"return_description": [], "return_name": [], "return_type": []}, "method_name": "encodeIfPresent", "params": [{"param_name": ["value"], "param_type": "Double", "param_description": ""}, {"param_name": ["forKey", "key"], "param_type": "K", "param_description": ""}], "method_description": "", "class_name": "KeyedEncodingContainer"}, {"return_value": {"return_description": [], "return_name": [], "return_type": []}, "method_name": "encodeIfPresent", "params": [{"param_name": ["value"], "param_type": "UInt32", "param_description": ""}, {"param_name": ["forKey", "key"], "param_type": "K", "param_description": ""}], "method_description": "", "class_name": "KeyedEncodingContainer"}, {"return_value": {"return_description": [], "return_name": [], "return_type": []}, "method_name": "encodeIfPresent", "params": [{"param_name": ["value"], "param_type": "Int", "param_description": ""}, {"param_name": ["forKey", "key"], "param_type": "K", "param_description": ""}], "method_description": "", "class_name": "KeyedEncodingContainer"}, {"return_value": {"return_description": [], "return_name": [], "return_type": []}, "method_name": "encodeIfPresent", "params": [{"param_name": ["value"], "param_type": "Encodable", "param_description": ""}, {"param_name": ["forKey", "key"], "param_type": "K", "param_description": ""}], "method_description": "", "class_name": "KeyedEncodingContainer"}, {"return_value": {"return_description": [], "return_name": [], "return_type": []}, "method_name": "encodeIfPresent", "params": [{"param_name": ["value"], "param_type": "String", "param_description": ""}, {"param_name": ["forKey", "key"], "param_type": "K", "param_description": ""}], "method_description": "", "class_name": "KeyedEncodingContainer"}, {"return_value": {"return_description": [], "return_name": [], "return_type": []}, "method_name": "encodeIfPresent", "params": [{"param_name": ["value"], "param_type": "Float", "param_description": ""}, {"param_name": ["forKey", "key"], "param_type": "K", "param_description": ""}], "method_description": "", "class_name": "KeyedEncodingContainer"}, {"return_value": {"return_description": [], "return_name": [], "return_type": []}, "method_name": "encodeIfPresent", "params": [{"param_name": ["value"], "param_type": "UInt16", "param_description": ""}, {"param_name": ["forKey", "key"], "param_type": "K", "param_description": ""}], "method_description": "", "class_name": "KeyedEncodingContainer"}, {"return_value": {"return_description": [], "return_name": [], "return_type": []}, "method_name": "encodeIfPresent", "params": [{"param_name": ["value"], "param_type": "Int64", "param_description": ""}, {"param_name": ["forKey", "key"], "param_type": "K", "param_description": ""}], "method_description": "", "class_name": "KeyedEncodingContainer"}, {"return_value": {"return_description": [], "return_name": [], "return_type": []}, "method_name": "encodeIfPresent", "params": [{"param_name": ["value"], "param_type": "UInt8", "param_description": "The value to encode."}, {"param_name": ["forKey", "key"], "param_type": "KeyedEncodingContainer<K>.Key", "param_description": "The key to associate the value with."}], "method_description": "Encodes the given value for the given key if it is not nil.", "class_name": "KeyedEncodingContainer"}, {"return_value": {"return_description": [], "return_name": [], "return_type": []}, "method_name": "encodeIfPresent", "params": [{"param_name": ["value"], "param_type": "Double", "param_description": "The value to encode."}, {"param_name": ["forKey", "key"], "param_type": "KeyedEncodingContainer<K>.Key", "param_description": "The key to associate the value with."}], "method_description": "Encodes the given value for the given key if it is not nil.", "class_name": "KeyedEncodingContainer"}, {"return_value": {"return_description": [], "return_name": [], "return_type": []}, "method_name": "encodeIfPresent", "params": [{"param_name": ["value"], "param_type": "UInt32", "param_description": "The value to encode."}, {"param_name": ["forKey", "key"], "param_type": "KeyedEncodingContainer<K>.Key", "param_description": "The key to associate the value with."}], "method_description": "Encodes the given value for the given key if it is not nil.", "class_name": "KeyedEncodingContainer"}, {"return_value": {"return_description": [], "return_name": [], "return_type": []}, "method_name": "encodeIfPresent", "params": [{"param_name": ["value"], "param_type": "Float", "param_description": "The value to encode."}, {"param_name": ["forKey", "key"], "param_type": "KeyedEncodingContainer<K>.Key", "param_description": "The key to associate the value with."}], "method_description": "Encodes the given value for the given key if it is not nil.", "class_name": "KeyedEncodingContainer"}, {"return_value": {"return_description": [], "return_name": [], "return_type": []}, "method_name": "encodeIfPresent", "params": [{"param_name": ["value"], "param_type": "Int8", "param_description": "The value to encode."}, {"param_name": ["forKey", "key"], "param_type": "KeyedEncodingContainer<K>.Key", "param_description": "The key to associate the value with."}], "method_description": "Encodes the given value for the given key if it is not nil.", "class_name": "KeyedEncodingContainer"}, {"return_value": {"return_description": [], "return_name": [], "return_type": []}, "method_name": "encodeIfPresent", "params": [{"param_name": ["value"], "param_type": "Encodable", "param_description": "The value to encode."}, {"param_name": ["forKey", "key"], "param_type": "KeyedEncodingContainer<K>.Key", "param_description": "The key to associate the value with."}], "method_description": "Encodes the given value for the given key if it is not nil.", "class_name": "KeyedEncodingContainer"}, {"return_value": {"return_description": [], "return_name": [], "return_type": []}, "method_name": "encodeIfPresent", "params": [{"param_name": ["value"], "param_type": "UInt", "param_description": "The value to encode."}, {"param_name": ["forKey", "key"], "param_type": "KeyedEncodingContainer<K>.Key", "param_description": "The key to associate the value with."}], "method_description": "Encodes the given value for the given key if it is not nil.", "class_name": "KeyedEncodingContainer"}, {"return_value": {"return_description": [], "return_name": [], "return_type": []}, "method_name": "encodeIfPresent", "params": [{"param_name": ["value"], "param_type": "Int32", "param_description": "The value to encode."}, {"param_name": ["forKey", "key"], "param_type": "KeyedEncodingContainer<K>.Key", "param_description": "The key to associate the value with."}], "method_description": "Encodes the given value for the given key if it is not nil.", "class_name": "KeyedEncodingContainer"}, {"return_value": {"return_description": [], "return_name": [], "return_type": []}, "method_name": "encodeIfPresent", "params": [{"param_name": ["value"], "param_type": "Int16", "param_description": "The value to encode."}, {"param_name": ["forKey", "key"], "param_type": "KeyedEncodingContainer<K>.Key", "param_description": "The key to associate the value with."}], "method_description": "Encodes the given value for the given key if it is not nil.", "class_name": "KeyedEncodingContainer"}, {"return_value": {"return_description": [], "return_name": [], "return_type": []}, "method_name": "encodeIfPresent", "params": [{"param_name": ["value"], "param_type": "UInt16", "param_description": "The value to encode."}, {"param_name": ["forKey", "key"], "param_type": "KeyedEncodingContainer<K>.Key", "param_description": "The key to associate the value with."}], "method_description": "Encodes the given value for the given key if it is not nil.", "class_name": "KeyedEncodingContainer"}, {"return_value": {"return_description": [], "return_name": [], "return_type": []}, "method_name": "encodeIfPresent", "params": [{"param_name": ["value"], "param_type": "Int64", "param_description": "The value to encode."}, {"param_name": ["forKey", "key"], "param_type": "KeyedEncodingContainer<K>.Key", "param_description": "The key to associate the value with."}], "method_description": "Encodes the given value for the given key if it is not nil.", "class_name": "KeyedEncodingContainer"}, {"return_value": {"return_description": [], "return_name": [], "return_type": []}, "method_name": "encodeIfPresent", "params": [{"param_name": ["value"], "param_type": "Bool", "param_description": "The value to encode."}, {"param_name": ["forKey", "key"], "param_type": "KeyedEncodingContainer<K>.Key", "param_description": "The key to associate the value with."}], "method_description": "Encodes the given value for the given key if it is not nil.", "class_name": "KeyedEncodingContainer"}, {"return_value": {"return_description": [], "return_name": [], "return_type": []}, "method_name": "encodeIfPresent", "params": [{"param_name": ["value"], "param_type": "UInt64", "param_description": "The value to encode."}, {"param_name": ["forKey", "key"], "param_type": "KeyedEncodingContainer<K>.Key", "param_description": "The key to associate the value with."}], "method_description": "Encodes the given value for the given key if it is not nil.", "class_name": "KeyedEncodingContainer"}, {"return_value": {"return_description": [], "return_name": [], "return_type": []}, "method_name": "encodeIfPresent", "params": [{"param_name": ["value"], "param_type": "String", "param_description": "The value to encode."}, {"param_name": ["forKey", "key"], "param_type": "KeyedEncodingContainer<K>.Key", "param_description": "The key to associate the value with."}], "method_description": "Encodes the given value for the given key if it is not nil.", "class_name": "KeyedEncodingContainer"}, {"return_value": {"return_description": [], "return_name": [], "return_type": []}, "method_name": "encodeIfPresent", "params": [{"param_name": ["value"], "param_type": "Int", "param_description": "The value to encode."}, {"param_name": ["forKey", "key"], "param_type": "KeyedEncodingContainer<K>.Key", "param_description": "The key to associate the value with."}], "method_description": "Encodes the given value for the given key if it is not nil.", "class_name": "KeyedEncodingContainer"}, {"return_value": {"return_description": [], "return_name": [], "return_type": []}, "method_name": "encodeNil", "params": [{"param_name": ["forKey", "key"], "param_type": "KeyedEncodingContainer<K>.Key", "param_description": "The key to associate the value with."}], "method_description": "Encodes a null value for the given key.", "class_name": "KeyedEncodingContainer"}, {"return_value": {"return_description": ["A new keyed encoding container."], "return_name": [""], "return_type": ["KeyedEncodingContainer<NestedKey>"]}, "method_name": "nestedContainer", "params": [{"param_name": ["keyedBy", "keyType"], "param_type": "CodingKey.Type", "param_description": "The key type to use for the container."}, {"param_name": ["forKey", "key"], "param_type": "KeyedEncodingContainer<K>.Key", "param_description": "The key to encode the container for."}], "method_description": "Stores a keyed encoding container for the given key and returns it.", "class_name": "KeyedEncodingContainer"}, {"return_value": {"return_description": ["A new unkeyed encoding container."], "return_name": [""], "return_type": ["UnkeyedEncodingContainer"]}, "method_name": "nestedUnkeyedContainer", "params": [{"param_name": ["forKey", "key"], "param_type": "KeyedEncodingContainer<K>.Key", "param_description": "The key to encode the container for."}], "method_description": "Stores an unkeyed encoding container for the given key and returns it.", "class_name": "KeyedEncodingContainer"}, {"return_value": {"return_description": ["A new encoder to pass to super.encode(to:)."], "return_name": [""], "return_type": ["Encoder"]}, "method_name": "superEncoder", "params": [], "method_description": "Stores a new nested container for the default super key and returns A new encoder instance for encoding super into that container.", "class_name": "KeyedEncodingContainer"}, {"return_value": {"return_description": ["A new encoder to pass to super.encode(to:)."], "return_name": [""], "return_type": ["Encoder"]}, "method_name": "superEncoder", "params": [{"param_name": ["forKey", "key"], "param_type": "KeyedEncodingContainer<K>.Key", "param_description": "The key to encode super for."}], "method_description": "Stores a new nested container for the given key and returns A new encoder instance for encoding super into that container.", "class_name": "KeyedEncodingContainer"}], "Vars": [{"var_name": "codingPath", "var_type": "[CodingKey]", "var_description": "The path of coding keys taken to get to this point in encoding."}], "subclass_list": [], "class_description": "", "package_name": "swift", "class_name": "KeyedEncodingContainer"}