{"class_inherit_list": [], "interface_list": ["CustomDebugStringConvertible", "CustomStringConvertible", "ExpressibleByDictionaryLiteral", "RandomAccessCollection"], "Methods": [{"return_value": {"return_description": [], "return_name": [], "return_type": []}, "method_name": "init", "params": [{"param_name": ["dictionaryLiteral", "elements"], "param_type": "(Key, Value)...", "param_description": ""}], "method_description": "Creates a new KeyValuePairs instance from the given dictionary literal.", "class_name": "KeyValuePairs"}, {"return_value": {"return_description": ["true if the sequence contains only elements that satisfy predicate; otherwise, false."], "return_name": [""], "return_type": ["Bool"]}, "method_name": "allSatisfy", "params": [{"param_name": ["predicate"], "param_type": "((ke", "param_description": "A closure that takes an element of the sequence as its argument and returns a Boolean value that indicates whether the passed element satisfies a condition."}, {"param_name": ["((key"], "param_type": "Key", "param_description": ""}, {"param_name": ["value"], "param_type": "Value)) throws -> Bool", "param_description": ""}], "method_description": "Returns a Boolean value indicating whether every element of a sequence satisfies a given predicate.", "class_name": "KeyValuePairs"}, {"return_value": {"return_description": ["An array of the non-nil results of calling transform with each element of the sequence."], "return_name": [""], "return_type": ["[ElementOfResult]"]}, "method_name": "compactMap", "params": [{"param_name": ["transform"], "param_type": "((ke", "param_description": "A closure that accepts an element of this sequence as its argument and returns an optional value."}, {"param_name": ["((key"], "param_type": "Key", "param_description": ""}, {"param_name": ["value"], "param_type": "Value)) throws -> ElementOfResult", "param_description": ""}], "method_description": "Returns an array containing the non-nil results of calling the given transformation with each element of this sequence.", "class_name": "KeyValuePairs"}, {"return_value": {"return_description": ["true if the sequence contains an element that satisfies predicate; otherwise, false."], "return_name": [""], "return_type": [""]}, "method_name": "contains", "params": [{"param_name": ["where", "predicate"], "param_type": "((ke", "param_description": "A closure that takes an element of the sequence as its argument and returns a Boolean value that indicates whether the passed element represents a match."}, {"param_name": ["((key"], "param_type": "Key", "param_description": ""}, {"param_name": ["value"], "param_type": "Value)) throws -> Bool", "param_description": ""}], "method_description": "Returns a Boolean value indicating whether the sequence contains an element that satisfies the given predicate.", "class_name": "KeyValuePairs"}, {"return_value": {"return_description": ["The number of elements in the sequence that satisfy the given predicate."], "return_name": [""], "return_type": [""]}, "method_name": "count", "params": [{"param_name": ["where", "predicate"], "param_type": "((ke", "param_description": "A closure that takes each element of the sequence as its argument and returns a Boolean value indicating whether the element should be included in the count."}, {"param_name": ["((key"], "param_type": "Key", "param_description": ""}, {"param_name": ["value"], "param_type": "Value)) throws -> Bool", "param_description": ""}], "method_description": "Returns the number of elements in the sequence that satisfy the given predicate.", "class_name": "KeyValuePairs"}, {"return_value": {"return_description": ["The distance between start and end."], "return_name": [""], "return_type": ["Int"]}, "method_name": "distance", "params": [{"param_name": ["from", "start"], "param_type": "Int", "param_description": "A valid index of the collection."}, {"param_name": ["to", "end"], "param_type": "Int", "param_description": "Another valid index of the collection. If end is equal to start, the result is zero."}], "method_description": "Returns the distance between two indices.", "class_name": "KeyValuePairs"}, {"return_value": {"return_description": [], "return_name": ["", ""], "return_type": ["Slice<KeyValuePairs<Key", "Value>>"]}, "method_name": "drop", "params": [{"param_name": ["while", "predicate"], "param_type": "((ke", "param_description": "A closure that takes an element of the sequence as its argument and returns true if the element should be skipped or false if it should be included. Once the predicate returns false it will not be called again."}, {"param_name": ["((key"], "param_type": "Key", "param_description": ""}, {"param_name": ["value"], "param_type": "Value)) throws -> Bool", "param_description": ""}], "method_description": "Returns a subsequence by skipping elements while predicate returns true and returning the remaining elements.", "class_name": "KeyValuePairs"}, {"return_value": {"return_description": ["A subsequence starting after the specified number of elements."], "return_name": ["", ""], "return_type": ["Slice<KeyValuePairs<Key", "Value>>"]}, "method_name": "dropFirst", "params": [{"param_name": ["k"], "param_type": "Int = 1", "param_description": "The number of elements to drop from the beginning of the collection. k must be greater than or equal to zero."}], "method_description": "Returns a subsequence containing all but the given number of initial elements.", "class_name": "KeyValuePairs"}, {"return_value": {"return_description": ["A subsequence that leaves off k elements from the end."], "return_name": ["", ""], "return_type": ["Slice<KeyValuePairs<Key", "Value>>"]}, "method_name": "dropLast", "params": [{"param_name": ["k"], "param_type": "Int", "param_description": "The number of elements to drop off the end of the collection. k must be greater than or equal to zero."}], "method_description": "Returns a subsequence containing all but the specified number of final elements.", "class_name": "KeyValuePairs"}, {"return_value": {"return_description": ["true if this sequence and other contain equivalent items, using areEquivalent as the equivalence test; otherwise, false."], "return_name": [""], "return_type": ["Bool"]}, "method_name": "elementsEqual", "params": [{"param_name": ["other"], "param_type": "Sequence", "param_description": "A sequence to compare to this sequence."}, {"param_name": ["by", "areEquivalent"], "param_type": "((ke", "param_description": "A predicate that returns true if its two arguments are equivalent; otherwise, false."}, {"param_name": ["((key"], "param_type": "Key", "param_description": ""}, {"param_name": ["value"], "param_type": "Value), OtherSequence.Element) throws -> Bool", "param_description": ""}], "method_description": "Returns a Boolean value indicating whether this sequence and another sequence contain equivalent elements in the same order, using the given predicate as the equivalence test.", "class_name": "KeyValuePairs"}, {"return_value": {"return_description": ["A sequence of pairs enumerating the sequence."], "return_name": ["", ""], "return_type": ["EnumeratedSequence<KeyValuePairs<Key", "Value>>"]}, "method_name": "enumerated", "params": [], "method_description": "Returns a sequence of pairs (n, x), where n represents a consecutive integer starting at zero and x represents an element of the sequence.", "class_name": "KeyValuePairs"}, {"return_value": {"return_description": ["An array of the elements that isIncluded allowed."], "return_name": [["[key"], ["value"]], "return_type": ["Key", "Value]"]}, "method_name": "filter", "params": [{"param_name": ["isIncluded"], "param_type": "((ke", "param_description": "A closure that takes an element of the sequence as its argument and returns a Boolean value indicating whether the element should be included in the returned array."}, {"param_name": ["((key"], "param_type": "Key", "param_description": ""}, {"param_name": ["value"], "param_type": "Value)) throws -> Bool) rethrows -> [(ke", "param_description": ""}, {"param_name": ["Value))", "throws", "->", "Bool)", "rethrows", "->", "[(key"], "param_type": "Key", "param_description": ""}, {"param_name": ["value"], "param_type": "Value", "param_description": ""}], "method_description": "Returns an array containing, in order, the elements of the sequence that satisfy the given predicate.", "class_name": "KeyValuePairs"}, {"return_value": {"return_description": ["The first element of the sequence that satisfies predicate, or nil if there is no element that satisfies predicate."], "return_name": [""], "return_type": [""]}, "method_name": "first", "params": [{"param_name": ["where", "predicate"], "param_type": "((ke", "param_description": "A closure that takes an element of the sequence as its argument and returns a Boolean value indicating whether the element is a match."}, {"param_name": ["((key"], "param_type": "Key", "param_description": ""}, {"param_name": ["value"], "param_type": "Value)) throws -> Bool) rethrows -> (ke", "param_description": ""}, {"param_name": ["Value))", "throws", "->", "Bool)", "rethrows", "->", "(key"], "param_type": "Key", "param_description": ""}, {"param_name": ["value"], "param_type": "Value", "param_description": ""}], "method_description": "Returns the first element of the sequence that satisfies the given predicate.", "class_name": "KeyValuePairs"}, {"return_value": {"return_description": ["The index of the first element for which predicate returns true. If no elements in the collection satisfy the given predicate, returns nil."], "return_name": [""], "return_type": [""]}, "method_name": "firstIndex", "params": [{"param_name": ["where", "predicate"], "param_type": "((ke", "param_description": "A closure that takes an element as its argument and returns a Boolean value that indicates whether the passed element represents a match."}, {"param_name": ["((key"], "param_type": "Key", "param_description": ""}, {"param_name": ["value"], "param_type": "Value)) throws -> Bool", "param_description": ""}], "method_description": "Returns the first index in which an element of the collection satisfies the given predicate.", "class_name": "KeyValuePairs"}, {"return_value": {"return_description": ["The resulting flattened array."], "return_name": [""], "return_type": ["[SegmentOfResult.Element]"]}, "method_name": "flatMap", "params": [{"param_name": ["transform"], "param_type": "((ke", "param_description": "A closure that accepts an element of this sequence as its argument and returns a sequence or collection."}, {"param_name": ["((key"], "param_type": "Key", "param_description": ""}, {"param_name": ["value"], "param_type": "Value)) throws -> SegmentOfResult", "param_description": ""}], "method_description": "Returns an array containing the concatenated results of calling the given transformation with each element of this sequence.", "class_name": "KeyValuePairs"}, {"return_value": {"return_description": [], "return_name": [""], "return_type": ["[ElementOfResult]"]}, "method_name": "flatMap", "params": [{"param_name": ["transform"], "param_type": "((ke", "param_description": ""}, {"param_name": ["((key"], "param_type": "Key", "param_description": ""}, {"param_name": ["value"], "param_type": "Value)) throws -> ElementOfResult", "param_description": ""}], "method_description": "", "class_name": "KeyValuePairs"}, {"return_value": {"return_description": [], "return_name": [""], "return_type": ["Void rethrows"]}, "method_name": "forEach", "params": [{"param_name": ["body"], "param_type": "((ke", "param_description": "A closure that takes an element of the sequence as a parameter."}, {"param_name": ["((key"], "param_type": "Key", "param_description": ""}, {"param_name": ["value"], "param_type": "Value)) throws -> Void", "param_description": ""}], "method_description": "Calls the given closure on each element in the sequence in the same order as a for-in loop.", "class_name": "KeyValuePairs"}, {"return_value": {"return_description": [], "return_name": [], "return_type": []}, "method_name": "formIndex", "params": [{"param_name": ["i"], "param_type": "inout Int", "param_description": "A valid index of the collection."}, {"param_name": ["offsetBy", "distance"], "param_type": "Int", "param_description": "The distance to offset i. distance must not be negative unless the collection conforms to the BidirectionalCollection protocol."}], "method_description": "Offsets the given index by the specified distance.", "class_name": "KeyValuePairs"}, {"return_value": {"return_description": ["true if i has been offset by exactly distance steps without going beyond limit; otherwise, false. When the return value is false, the value of i is equal to limit."], "return_name": [""], "return_type": ["Bool"]}, "method_name": "formIndex", "params": [{"param_name": ["i"], "param_type": "inout Int", "param_description": "A valid index of the collection."}, {"param_name": ["offsetBy", "distance"], "param_type": "Int", "param_description": "The distance to offset i. distance must not be negative unless the collection conforms to the BidirectionalCollection protocol."}, {"param_name": ["limitedBy", "limit"], "param_type": "Int", "param_description": "A valid index of the collection to use as a limit. If distance > 0, a limit that is less than i has no effect. Likewise, if distance < 0, a limit that is greater than i has no effect."}], "method_description": "Offsets the given index by the specified distance, or so that it equals the given limiting index.", "class_name": "KeyValuePairs"}, {"return_value": {"return_description": [], "return_name": [], "return_type": []}, "method_name": "formIndex", "params": [{"param_name": ["after", "i"], "param_type": "inout Int", "param_description": "A valid index of the collection. i must be less than endIndex."}], "method_description": "Replaces the given index with its successor.", "class_name": "KeyValuePairs"}, {"return_value": {"return_description": [], "return_name": [], "return_type": []}, "method_name": "formIndex", "params": [{"param_name": ["before", "i"], "param_type": "inout Int", "param_description": "A valid index of the collection. i must be greater than startIndex."}], "method_description": "Replaces the given index with its predecessor.", "class_name": "KeyValuePairs"}, {"return_value": {"return_description": ["An index offset by distance from the index i. If distance is positive, this is the same value as the result of distance calls to index(after:). If distance is negative, this is the same value as the result of abs(distance) calls to index(before:)."], "return_name": [""], "return_type": ["Int"]}, "method_name": "index", "params": [{"param_name": ["i"], "param_type": "Int", "param_description": "A valid index of the collection."}, {"param_name": ["offsetBy", "distance"], "param_type": "Int", "param_description": "The distance to offset i."}], "method_description": "Returns an index that is the specified distance from the given index.", "class_name": "KeyValuePairs"}, {"return_value": {"return_description": ["An index offset by distance from the index i, unless that index would be beyond limit in the direction of movement. In that case, the method returns nil."], "return_name": [""], "return_type": ["Int"]}, "method_name": "index", "params": [{"param_name": ["i"], "param_type": "Int", "param_description": "A valid index of the array."}, {"param_name": ["offsetBy", "distance"], "param_type": "Int", "param_description": "The distance to offset i."}, {"param_name": ["limitedBy", "limit"], "param_type": "Int", "param_description": "A valid index of the collection to use as a limit. If distance > 0, limit should be greater than i to have any effect. Likewise, if distance < 0, limit should be less than i to have any effect."}], "method_description": "Returns an index that is the specified distance from the given index, unless that distance is beyond a given limiting index.", "class_name": "KeyValuePairs"}, {"return_value": {"return_description": ["The index value immediately after i."], "return_name": [""], "return_type": ["Int"]}, "method_name": "index", "params": [{"param_name": ["after", "i"], "param_type": "Int", "param_description": "A valid index of the collection. i must be less than endIndex."}], "method_description": "Returns the position immediately after the given index.", "class_name": "KeyValuePairs"}, {"return_value": {"return_description": ["The index value immediately before i."], "return_name": [""], "return_type": ["Int"]}, "method_name": "index", "params": [{"param_name": ["before", "i"], "param_type": "Int", "param_description": "A valid index of the collection. i must be greater than startIndex."}], "method_description": "Returns the position immediately after the given index.", "class_name": "KeyValuePairs"}, {"return_value": {"return_description": ["The last element of the sequence that satisfies predicate, or nil if there is no element that satisfies predicate."], "return_name": [""], "return_type": [""]}, "method_name": "last", "params": [{"param_name": ["where", "predicate"], "param_type": "((ke", "param_description": "A closure that takes an element of the sequence as its argument and returns a Boolean value indicating whether the element is a match."}, {"param_name": ["((key"], "param_type": "Key", "param_description": ""}, {"param_name": ["value"], "param_type": "Value)) throws -> Bool) rethrows -> (ke", "param_description": ""}, {"param_name": ["Value))", "throws", "->", "Bool)", "rethrows", "->", "(key"], "param_type": "Key", "param_description": ""}, {"param_name": ["value"], "param_type": "Value", "param_description": ""}], "method_description": "Returns the last element of the sequence that satisfies the given predicate.", "class_name": "KeyValuePairs"}, {"return_value": {"return_description": ["The index of the last element in the collection that matches predicate, or nil if no elements match."], "return_name": [""], "return_type": [""]}, "method_name": "lastIndex", "params": [{"param_name": ["where", "predicate"], "param_type": "((ke", "param_description": "A closure that takes an element as its argument and returns a Boolean value that indicates whether the passed element represents a match."}, {"param_name": ["((key"], "param_type": "Key", "param_description": ""}, {"param_name": ["value"], "param_type": "Value)) throws -> Bool", "param_description": ""}], "method_description": "Returns the index of the last element in the collection that matches the given predicate.", "class_name": "KeyValuePairs"}, {"return_value": {"return_description": ["true if this sequence precedes other in a dictionary ordering as ordered by areInIncreasingOrder; otherwise, false."], "return_name": [""], "return_type": ["Bool"]}, "method_name": "lexicographicallyPrecedes", "params": [{"param_name": ["other"], "param_type": "Sequence", "param_description": "A sequence to compare to this sequence."}, {"param_name": ["by", "areInIncreasingOrder"], "param_type": "((ke", "param_description": "A predicate that returns true if its first argument should be ordered before its second argument; otherwise, false."}, {"param_name": ["((key"], "param_type": "Key", "param_description": ""}, {"param_name": ["value"], "param_type": "Value)", "param_description": ""}, {"param_name": ["(key"], "param_type": "Key", "param_description": ""}, {"param_name": ["value"], "param_type": "Value)) throws -> Bool", "param_description": ""}], "method_description": "Returns a Boolean value indicating whether the sequence precedes another sequence in a lexicographical (dictionary) ordering, using the given predicate to compare elements.", "class_name": "KeyValuePairs"}, {"return_value": {"return_description": [], "return_name": ["", ""], "return_type": ["IndexingIterator<KeyValuePairs<Key", "Value>>"]}, "method_name": "makeIterator", "params": [], "method_description": "Returns an iterator over the elements of the collection.", "class_name": "KeyValuePairs"}, {"return_value": {"return_description": ["An array containing the transformed elements of this sequence."], "return_name": [""], "return_type": ["[T]"]}, "method_name": "map", "params": [{"param_name": ["transform"], "param_type": "((ke", "param_description": "A mapping closure. transform accepts an element of this sequence as its parameter and returns a transformed value of the same or of a different type."}, {"param_name": ["((key"], "param_type": "Key", "param_description": ""}, {"param_name": ["value"], "param_type": "Value)) throws -> T", "param_description": ""}], "method_description": "Returns an array containing the results of mapping the given closure over the sequence\u2019s elements.", "class_name": "KeyValuePairs"}, {"return_value": {"return_description": ["The sequence\u2019s maximum element if the sequence is not empty; otherwise, nil."], "return_name": [["key"], ["value"]], "return_type": ["Key", "Value"]}, "method_name": "max", "params": [{"param_name": ["by", "areInIncreasingOrder"], "param_type": "((ke", "param_description": "A predicate that returns true if its first argument should be ordered before its second argument; otherwise, false."}, {"param_name": ["((key"], "param_type": "Key", "param_description": ""}, {"param_name": ["value"], "param_type": "Value)", "param_description": ""}, {"param_name": ["(key"], "param_type": "Key", "param_description": ""}, {"param_name": ["value"], "param_type": "Value)) throws -> Bool) rethrows -> (ke", "param_description": ""}, {"param_name": ["Value))", "throws", "->", "Bool)", "rethrows", "->", "(key"], "param_type": "Key", "param_description": ""}, {"param_name": ["value"], "param_type": "Value", "param_description": ""}], "method_description": "Returns the maximum element in the sequence, using the given predicate as the comparison between elements.", "class_name": "KeyValuePairs"}, {"return_value": {"return_description": ["The sequence\u2019s minimum element, according to areInIncreasingOrder. If the sequence has no elements, returns nil."], "return_name": [["key"], ["value"]], "return_type": ["Key", "Value"]}, "method_name": "min", "params": [{"param_name": ["by", "areInIncreasingOrder"], "param_type": "((ke", "param_description": "A predicate that returns true if its first argument should be ordered before its second argument; otherwise, false."}, {"param_name": ["((key"], "param_type": "Key", "param_description": ""}, {"param_name": ["value"], "param_type": "Value)", "param_description": ""}, {"param_name": ["(key"], "param_type": "Key", "param_description": ""}, {"param_name": ["value"], "param_type": "Value)) throws -> Bool) rethrows -> (ke", "param_description": ""}, {"param_name": ["Value))", "throws", "->", "Bool)", "rethrows", "->", "(key"], "param_type": "Key", "param_description": ""}, {"param_name": ["value"], "param_type": "Value", "param_description": ""}], "method_description": "Returns the minimum element in the sequence, using the given predicate as the comparison between elements.", "class_name": "KeyValuePairs"}, {"return_value": {"return_description": ["A subsequence starting at the beginning of this collection with at most maxLength elements."], "return_name": ["", ""], "return_type": ["Slice<KeyValuePairs<Key", "Value>>"]}, "method_name": "prefix", "params": [{"param_name": ["maxLength"], "param_type": "Int", "param_description": "The maximum number of elements to return. maxLength must be greater than or equal to zero."}], "method_description": "Returns a subsequence, up to the specified maximum length, containing the initial elements of the collection.", "class_name": "KeyValuePairs"}, {"return_value": {"return_description": ["A subsequence up to, and including, the end position."], "return_name": ["", ""], "return_type": ["Slice<KeyValuePairs<Key", "Value>>"]}, "method_name": "prefix", "params": [{"param_name": ["through", "position"], "param_type": "Int", "param_description": ""}], "method_description": "Returns a subsequence from the start of the collection through the specified position.", "class_name": "KeyValuePairs"}, {"return_value": {"return_description": ["A subsequence up to, but not including, the end position."], "return_name": ["", ""], "return_type": ["Slice<KeyValuePairs<Key", "Value>>"]}, "method_name": "prefix", "params": [{"param_name": ["upTo", "end"], "param_type": "Int", "param_description": "The \u201cpast the end\u201d index of the resulting subsequence. end must be a valid index of the collection."}], "method_description": "Returns a subsequence from the start of the collection up to, but not including, the specified position.", "class_name": "KeyValuePairs"}, {"return_value": {"return_description": [], "return_name": ["", ""], "return_type": ["Slice<KeyValuePairs<Key", "Value>>"]}, "method_name": "prefix", "params": [{"param_name": ["while", "predicate"], "param_type": "((ke", "param_description": "A closure that takes an element of the sequence as its argument and returns true if the element should be included or false if it should be excluded. Once the predicate returns false it will not be called again."}, {"param_name": ["((key"], "param_type": "Key", "param_description": ""}, {"param_name": ["value"], "param_type": "Value)) throws -> Bool", "param_description": ""}], "method_description": "Returns a subsequence containing the initial elements until predicate returns false and skipping the remaining elements.", "class_name": "KeyValuePairs"}, {"return_value": {"return_description": ["A random element from the collection. If the collection is empty, the method returns nil."], "return_name": [["key"], ["value"]], "return_type": ["Key", "Value"]}, "method_name": "randomElement", "params": [{"param_name": [")", "->", "(key"], "param_type": "Key", "param_description": ""}, {"param_name": ["value"], "param_type": "Value", "param_description": ""}], "method_description": "Returns a random element of the collection.", "class_name": "KeyValuePairs"}, {"return_value": {"return_description": ["A random element from the collection. If the collection is empty, the method returns nil."], "return_name": [["key"], ["value"]], "return_type": ["Key", "Value"]}, "method_name": "randomElement", "params": [{"param_name": ["using", "generator"], "param_type": "inout RandomNumberGenerator) -> (ke", "param_description": "The random number generator to use when choosing a random element."}, {"param_name": ["inout", "T)", "->", "(key"], "param_type": "Key", "param_description": ""}, {"param_name": ["value"], "param_type": "Value", "param_description": ""}], "method_description": "Returns a random element of the collection, using the given generator as a source for randomness.", "class_name": "KeyValuePairs"}, {"return_value": {"return_description": ["The final accumulated value. If the sequence has no elements, the result is initialResult."], "return_name": [""], "return_type": ["Result"]}, "method_name": "reduce", "params": [{"param_name": ["initialResult"], "param_type": "Result", "param_description": "The value to use as the initial accumulating value. initialResult is passed to nextPartialResult the first time the closure is executed."}, {"param_name": ["nextPartialResult"], "param_type": "(Result", "param_description": "A closure that combines an accumulating value and an element of the sequence into a new accumulating value, to be used in the next call of the nextPartialResult closure or returned to the caller."}, {"param_name": ["(key"], "param_type": "Key", "param_description": ""}, {"param_name": ["value"], "param_type": "Value)) throws -> Result", "param_description": ""}], "method_description": "Returns the result of combining the elements of the sequence using the given closure.", "class_name": "KeyValuePairs"}, {"return_value": {"return_description": ["The final accumulated value. If the sequence has no elements, the result is initialResult."], "return_name": [""], "return_type": ["Result"]}, "method_name": "reduce", "params": [{"param_name": ["into", "initialResult"], "param_type": "Result", "param_description": "The value to use as the initial accumulating value."}, {"param_name": ["updateAccumulatingResult"], "param_type": "(inout Result", "param_description": "A closure that updates the accumulating value with an element of the sequence."}, {"param_name": ["(key"], "param_type": "Key", "param_description": ""}, {"param_name": ["value"], "param_type": "Value)) throws -> ()", "param_description": ""}], "method_description": "Returns the result of combining the elements of the sequence using the given closure.", "class_name": "KeyValuePairs"}, {"return_value": {"return_description": [], "return_name": ["", ""], "return_type": ["ReversedCollection<KeyValuePairs<Key", "Value>>"]}, "method_name": "reversed", "params": [], "method_description": "Returns a view presenting the elements of the collection in reverse order.", "class_name": "KeyValuePairs"}, {"return_value": {"return_description": ["A shuffled array of this sequence\u2019s elements."], "return_name": [["[key"], ["value"]], "return_type": ["Key", "Value]"]}, "method_name": "shuffled", "params": [{"param_name": [")", "->", "[(key"], "param_type": "Key", "param_description": ""}, {"param_name": ["value"], "param_type": "Value", "param_description": ""}], "method_description": "Returns the elements of the sequence, shuffled.", "class_name": "KeyValuePairs"}, {"return_value": {"return_description": ["An array of this sequence\u2019s elements in a shuffled order."], "return_name": [["[key"], ["value"]], "return_type": ["Key", "Value]"]}, "method_name": "shuffled", "params": [{"param_name": ["using", "generator"], "param_type": "inout RandomNumberGenerator) -> [(ke", "param_description": "The random number generator to use when shuffling the sequence."}, {"param_name": ["inout", "T)", "->", "[(key"], "param_type": "Key", "param_description": ""}, {"param_name": ["value"], "param_type": "Value", "param_description": ""}], "method_description": "Returns the elements of the sequence, shuffled using the given generator as a source for randomness.", "class_name": "KeyValuePairs"}, {"return_value": {"return_description": ["A sorted array of the sequence\u2019s elements."], "return_name": [["[key"], ["value"]], "return_type": ["Key", "Value]"]}, "method_name": "sorted", "params": [{"param_name": ["by", "areInIncreasingOrder"], "param_type": "((ke", "param_description": "A predicate that returns true if its first argument should be ordered before its second argument; otherwise, false."}, {"param_name": ["((key"], "param_type": "Key", "param_description": ""}, {"param_name": ["value"], "param_type": "Value)", "param_description": ""}, {"param_name": ["(key"], "param_type": "Key", "param_description": ""}, {"param_name": ["value"], "param_type": "Value)) throws -> Bool) rethrows -> [(ke", "param_description": ""}, {"param_name": ["Value))", "throws", "->", "Bool)", "rethrows", "->", "[(key"], "param_type": "Key", "param_description": ""}, {"param_name": ["value"], "param_type": "Value", "param_description": ""}], "method_description": "Returns the elements of the sequence, sorted using the given predicate as the comparison between elements.", "class_name": "KeyValuePairs"}, {"return_value": {"return_description": ["An array of subsequences, split from this collection\u2019s elements."], "return_name": [""], "return_type": [""]}, "method_name": "split", "params": [{"param_name": ["maxSplits"], "param_type": "Int", "param_description": "The maximum number of times to split the collection, or one less than the number of subsequences to return. If maxSplits + 1 subsequences are returned, the last one is a suffix of the original collection containing the remaining elements. maxSplits must be greater than or equal to zero. The default value is Int.max."}, {"param_name": ["omittingEmptySubsequences"], "param_type": "Bool", "param_description": "If false, an empty subsequence is returned in the result for each pair of consecutive elements satisfying the isSeparator predicate and for each element at the start or end of the collection satisfying the isSeparator predicate. The default value is true."}, {"param_name": ["whereSeparator", "isSeparator"], "param_type": "((ke", "param_description": "A closure that takes an element as an argument and returns a Boolean value indicating whether the collection should be split at that element."}, {"param_name": ["((key"], "param_type": "Key", "param_description": ""}, {"param_name": ["value"], "param_type": "Value)) throws -> Bool", "param_description": ""}], "method_description": "Returns the longest possible subsequences of the collection, in order, that don\u2019t contain elements satisfying the given predicate.", "class_name": "KeyValuePairs"}, {"return_value": {"return_description": ["true if the initial elements of the sequence are equivalent to the elements of possiblePrefix; otherwise, false. If possiblePrefix has no elements, the return value is true."], "return_name": [""], "return_type": ["Bool"]}, "method_name": "starts", "params": [{"param_name": ["with", "possiblePrefix"], "param_type": "Sequence", "param_description": "A sequence to compare to this sequence."}, {"param_name": ["by", "areEquivalent"], "param_type": "((ke", "param_description": "A predicate that returns true if its two arguments are equivalent; otherwise, false."}, {"param_name": ["((key"], "param_type": "Key", "param_description": ""}, {"param_name": ["value"], "param_type": "Value), PossiblePrefix.Element) throws -> Bool", "param_description": ""}], "method_description": "Returns a Boolean value indicating whether the initial elements of the sequence are equivalent to the elements in another sequence, using the given predicate as the equivalence test.", "class_name": "KeyValuePairs"}, {"return_value": {"return_description": ["A subsequence terminating at the end of the collection with at most maxLength elements."], "return_name": ["", ""], "return_type": ["Slice<KeyValuePairs<Key", "Value>>"]}, "method_name": "suffix", "params": [{"param_name": ["maxLength"], "param_type": "Int", "param_description": "The maximum number of elements to return. maxLength must be greater than or equal to zero."}], "method_description": "Returns a subsequence, up to the given maximum length, containing the final elements of the collection.", "class_name": "KeyValuePairs"}, {"return_value": {"return_description": ["A subsequence starting at the start position."], "return_name": ["", ""], "return_type": ["Slice<KeyValuePairs<Key", "Value>>"]}, "method_name": "suffix", "params": [{"param_name": ["from", "start"], "param_type": "Int", "param_description": "The index at which to start the resulting subsequence. start must be a valid index of the collection."}], "method_description": "Returns a subsequence from the specified position to the end of the collection.", "class_name": "KeyValuePairs"}, {"return_value": {"return_description": [], "return_name": [""], "return_type": ["R"]}, "method_name": "withContiguousStorageIfAvailable", "params": [{"param_name": ["body"], "param_type": "(UnsafeBufferPointer<(ke", "param_description": ""}, {"param_name": ["(UnsafeBufferPointer<(key"], "param_type": "Key", "param_description": ""}, {"param_name": ["value"], "param_type": "Value)>) throws -> R", "param_description": ""}], "method_description": "", "class_name": "KeyValuePairs"}], "Vars": [{"var_name": "count", "var_type": "Int", "var_description": "The number of elements in the collection."}, {"var_name": "debugDescription", "var_type": "String", "var_description": "A string that represents the contents of the dictionary, suitable for debugging."}, {"var_name": "description", "var_type": "String", "var_description": "A string that represents the contents of the dictionary."}, {"var_name": "endIndex", "var_type": "KeyValuePairs<Key,", "var_description": "The collection\u2019s \u201cpast the end\u201d position\u2014that is, the position one greater than the last valid subscript argument."}, {"var_name": "first", "var_type": "(key", "var_description": "The first element of the collection."}, {"var_name": "indices", "var_type": "Range<Int>", "var_description": "The indices that are valid for subscripting the collection, in ascending order."}, {"var_name": "isEmpty", "var_type": "Bool", "var_description": "A Boolean value indicating whether the collection is empty."}, {"var_name": "last", "var_type": "(key", "var_description": "The last element of the collection."}, {"var_name": "lazy", "var_type": "LazySequence<KeyValuePairs<Key,", "var_description": "A sequence containing the same elements as this sequence, but on which some operations, such as map and filter, are implemented lazily."}, {"var_name": "startIndex", "var_type": "KeyValuePairs<Key,", "var_description": "The position of the first element in a nonempty collection."}, {"var_name": "underestimatedCount", "var_type": "Int", "var_description": "A value less than or equal to the number of elements in the collection."}], "subclass_list": [], "class_description": "Use a KeyValuePairs instance when you need an ordered collection of key-value pairs and don\u2019t require the fast key lookup that the Dictionary type provides. Unlike key-value pairs in a true dictionary, neither the key nor the value of a KeyValuePairs instance must conform to the Hashable protocol.\nYou initialize a KeyValuePairs instance using a Swift dictionary literal. Besides maintaining the order of the original dictionary literal, KeyValuePairs also allows duplicates keys. For example:\nSome operations that are efficient on a dictionary are slower when using KeyValuePairs. In particular, to find the value matching a key, you must search through every element of the collection. The call to firstIndex(where:) in the following example must traverse the whole collection to find the element that matches the predicate:\nWhen calling a function with a KeyValuePairs parameter, you can pass a Swift dictionary literal without causing a Dictionary to be created. This capability can be especially important when the order of elements in the literal is significant.\nFor example, you could create an IntPairs structure that holds a list of two-integer tuples and use an initializer that accepts a KeyValuePairs instance.\nWhen you\u2019re ready to create a new IntPairs instance, use a dictionary literal as the parameter to the IntPairs initializer. The KeyValuePairs instance preserves the order of the elements as passed.\n", "package_name": "swift", "class_name": "KeyValuePairs"}