{"class_inherit_list": [], "interface_list": [], "Methods": [{"return_value": {"return_description": [], "return_name": [""], "return_type": ["LazyDropWhileSequence<Base>.Iterator.Element"]}, "method_name": "next", "params": [], "method_description": "", "class_name": "LazyDropWhileSequence.Iterator"}], "Vars": [], "subclass_list": [], "class_description": "This is the associated iterator for the LazyDropWhileSequence, LazyDropWhileCollection, and LazyDropWhileBidirectionalCollection types.\n", "package_name": "swift", "class_name": "LazyDropWhileSequence.Iterator"}