{"class_inherit_list": [], "interface_list": [], "Methods": [{"return_value": {"return_description": [], "return_name": [""], "return_type": ["R"]}, "method_name": "withUnsafeMutablePointerToElements", "params": [{"param_name": ["body"], "param_type": "(UnsafeMutablePointer<Element>) throws -> R", "param_description": ""}], "method_description": "Call body with an UnsafeMutablePointer to the Element storage.", "class_name": "ManagedBuffer"}, {"return_value": {"return_description": [], "return_name": [""], "return_type": ["R"]}, "method_name": "withUnsafeMutablePointerToHeader", "params": [{"param_name": ["body"], "param_type": "(UnsafeMutablePointer<Header>) throws -> R", "param_description": ""}], "method_description": "Call body with an UnsafeMutablePointer to the stored Header.", "class_name": "ManagedBuffer"}, {"return_value": {"return_description": [], "return_name": [""], "return_type": ["R"]}, "method_name": "withUnsafeMutablePointers", "params": [{"param_name": ["body"], "param_type": "(UnsafeMutablePointer<Header>, UnsafeMutablePointer<Element>) throws -> R", "param_description": ""}], "method_description": "Call body with UnsafeMutablePointers to the stored Header and raw Element storage.", "class_name": "ManagedBuffer"}, {"return_value": {"return_description": [], "return_name": ["", ""], "return_type": ["ManagedBuffer<Header", "Element>"]}, "method_name": "create", "params": [{"param_name": ["minimumCapacity"], "param_type": "Int", "param_description": ""}, {"param_name": ["makingHeaderWith", "factory"], "param_type": "(ManagedBuffer<Header, Element>) throws -> Header", "param_description": ""}], "method_description": "Create a new instance of the most-derived class, calling factory on the partially-constructed object to generate an initial Header.", "class_name": "ManagedBuffer"}], "Vars": [{"var_name": "capacity", "var_type": "Int", "var_description": "The actual number of elements that can be stored in this object."}, {"var_name": "header", "var_type": "Header", "var_description": "The stored Header instance."}], "subclass_list": [], "class_description": "Note that the Element array is suitably-aligned raw memory. You are expected to construct and\u2014if necessary\u2014destroy objects there yourself, using the APIs on UnsafeMutablePointer<Element>. Typical usage stores a count and capacity in Header and destroys any live elements in the deinit of a subclass.\nNote\nSubclasses must not have any stored properties; any storage needed should be included in Header.\n", "package_name": "swift", "class_name": "ManagedBuffer"}