{"Methods": [{"params": [{"param_description": "", "param_name": ["value"], "param_type": "Double"}, {"param_description": "", "param_name": ["unit"], "param_type": "UnitType"}], "method_name": "init", "is_static": false, "class_name": "Measurement", "method_description": "Create a Measurement given a specified value and unit.", "return_value": {"return_name": [], "return_description": [], "return_type": []}}, {"params": [{"param_description": "A unit of the same Dimension.", "param_name": ["to", "otherUnit"], "param_type": "UnitType"}], "method_name": "convert", "is_static": false, "class_name": "Measurement", "method_description": "Converts the measurement to the specified unit.", "return_value": {"return_name": [], "return_description": [], "return_type": []}}, {"params": [{"param_description": "A unit of the same Dimension.", "param_name": ["to", "otherUnit"], "param_type": "UnitType"}], "method_name": "converted", "is_static": false, "class_name": "Measurement", "method_description": "Returns a new measurement created by converting to the specified unit.", "return_value": {"return_name": [""], "return_description": ["A converted measurement."], "return_type": ["Measurement<UnitType>"]}}, {"params": [{"param_description": "A value to compare.", "param_name": ["lhs"], "param_type": "Measurement<UnitType>"}, {"param_description": "Another value to compare.", "param_name": ["rhs"], "param_type": "Measurement<UnitType>"}], "method_name": "!=", "is_static": true, "class_name": "Measurement", "method_description": "Returns a Boolean value indicating whether two values are not equal.", "return_value": {"return_name": [""], "return_description": [], "return_type": ["Bool"]}}, {"params": [{"param_description": "", "param_name": ["lhs"], "param_type": "Double"}, {"param_description": "", "param_name": ["rhs"], "param_type": "Measurement<UnitType>"}], "method_name": "*", "is_static": true, "class_name": "Measurement", "method_description": "Multiply a scalar value by a measurement.", "return_value": {"return_name": [""], "return_description": ["A measurement of value lhs * rhs.value with the same unit as rhs."], "return_type": ["Measurement<UnitType>"]}}, {"params": [{"param_description": "", "param_name": ["lhs"], "param_type": "Measurement<UnitType>"}, {"param_description": "", "param_name": ["rhs"], "param_type": "Double"}], "method_name": "*", "is_static": true, "class_name": "Measurement", "method_description": "Multiply a measurement by a scalar value.", "return_value": {"return_name": [""], "return_description": ["A measurement of value lhs.value * rhs with the same unit as lhs."], "return_type": ["Measurement<UnitType>"]}}, {"params": [{"param_description": "The upper bound for the range.", "param_name": ["maximum"], "param_type": "Measurement<UnitType>"}], "method_name": "..", "is_static": true, "class_name": "Measurement", "method_description": "Returns a partial range up to, but not including, its upper bound.", "return_value": {"return_name": [""], "return_description": [], "return_type": ["PartialRangeUpTo<Measurement<UnitType>>"]}}, {"params": [{"param_description": "", "param_name": ["lhs"], "param_type": "Double"}, {"param_description": "", "param_name": ["rhs"], "param_type": "Measurement<UnitType>"}], "method_name": "/", "is_static": true, "class_name": "Measurement", "method_description": "Divide a scalar value by a measurement.", "return_value": {"return_name": [""], "return_description": ["A measurement of value lhs / rhs.value with the same unit as rhs."], "return_type": ["Measurement<UnitType>"]}}, {"params": [{"param_description": "", "param_name": ["lhs"], "param_type": "Measurement<UnitType>"}, {"param_description": "", "param_name": ["rhs"], "param_type": "Double"}], "method_name": "/", "is_static": true, "class_name": "Measurement", "method_description": "Divide a measurement by a scalar value.", "return_value": {"return_name": [""], "return_description": ["A measurement of value lhs.value / rhs with the same unit as lhs."], "return_type": ["Measurement<UnitType>"]}}, {"params": [{"param_description": "", "param_name": ["lhs"], "param_type": "Measurement<Unit>"}, {"param_description": "", "param_name": ["rhs"], "param_type": "Measurement<RightHandSideType>"}], "method_name": "func", "is_static": true, "class_name": "Measurement", "method_description": "Compare two measurements of the same Unit.", "return_value": {"return_name": [""], "return_description": ["true if the measurements can be compared and the lhs is less than the rhs converted value."], "return_type": ["Bool"]}}, {"params": [{"param_description": "A value to compare.", "param_name": ["lhs"], "param_type": "Measurement<UnitType>"}, {"param_description": "Another value to compare.", "param_name": ["rhs"], "param_type": "Measurement<UnitType>"}], "method_name": "func", "is_static": true, "class_name": "Measurement", "method_description": "Returns a Boolean value indicating whether the value of the first argument is less than or equal to that of the second argument.", "return_value": {"return_name": [""], "return_description": [], "return_type": ["Bool"]}}, {"params": [{"param_description": "", "param_name": ["lhs"], "param_type": "Measurement<Unit>"}, {"param_description": "", "param_name": ["rhs"], "param_type": "Measurement<RightHandSideType>"}], "method_name": "==", "is_static": true, "class_name": "Measurement", "method_description": "Compare two measurements of the same Dimension.", "return_value": {"return_name": [""], "return_description": ["true if the measurements are equal."], "return_type": ["Bool"]}}, {"params": [{"param_description": "A value to compare.", "param_name": ["lhs"], "param_type": "Measurement<UnitType>"}, {"param_description": "Another value to compare.", "param_name": ["rhs"], "param_type": "Measurement<UnitType>"}], "method_name": ">", "is_static": true, "class_name": "Measurement", "method_description": "Returns a Boolean value indicating whether the value of the first argument is greater than that of the second argument.", "return_value": {"return_name": [""], "return_description": [], "return_type": ["Bool"]}}, {"params": [{"param_description": "A value to compare.", "param_name": ["lhs"], "param_type": "Measurement<UnitType>"}, {"param_description": "Another value to compare.", "param_name": ["rhs"], "param_type": "Measurement<UnitType>"}], "method_name": ">=", "is_static": true, "class_name": "Measurement", "method_description": "Returns a Boolean value indicating whether the value of the first argument is greater than or equal to that of the second argument.", "return_value": {"return_name": [""], "return_description": ["true if lhs is greater than or equal to rhs; otherwise, false."], "return_type": ["Bool"]}}, {"params": [{"param_description": "", "param_name": ["lhs"], "param_type": "Measurement<Unit>"}, {"param_description": "", "param_name": ["rhs"], "param_type": "Measurement<RightHandSideType>"}], "method_name": "func", "is_static": true, "class_name": "Measurement", "method_description": "Compare two measurements of the same Unit.", "return_value": {"return_name": [""], "return_description": ["true if the measurements can be compared and the lhs is less than the rhs converted value."], "return_type": ["Bool"]}}, {"params": [{"param_description": "", "param_name": ["lhs"], "param_type": "Measurement<Unit>"}, {"param_description": "", "param_name": ["rhs"], "param_type": "Measurement<RightHandSideType>"}], "method_name": "==", "is_static": true, "class_name": "Measurement", "method_description": "Compare two measurements of the same Dimension.", "return_value": {"return_name": [""], "return_description": ["true if the measurements are equal."], "return_type": ["Bool"]}}, {"params": [{"param_description": "", "param_name": ["from", "decoder"], "param_type": "Decoder"}], "method_name": "init", "is_static": false, "class_name": "Measurement", "method_description": "", "return_value": {"return_name": [], "return_description": [], "return_type": []}}, {"params": [{"param_description": "", "param_name": ["to", "encoder"], "param_type": "Encoder"}], "method_name": "encode", "is_static": false, "class_name": "Measurement", "method_description": "", "return_value": {"return_name": [], "return_description": [], "return_type": []}}, {"params": [{"param_description": "", "param_name": ["lhs"], "param_type": "Measurement<UnitType>"}, {"param_description": "", "param_name": ["rhs"], "param_type": "Measurement<UnitType>"}], "method_name": "+", "is_static": true, "class_name": "Measurement", "method_description": "", "return_value": {"return_name": [""], "return_description": [], "return_type": ["Measurement<UnitType>"]}}, {"params": [{"param_description": "", "param_name": ["lhs"], "param_type": "Measurement<UnitType>"}, {"param_description": "", "param_name": ["rhs"], "param_type": "Measurement<UnitType>"}], "method_name": "+", "is_static": true, "class_name": "Measurement", "method_description": "", "return_value": {"return_name": [""], "return_description": [], "return_type": ["Measurement<UnitType>"]}}, {"params": [{"param_description": "", "param_name": ["lhs"], "param_type": "Measurement<UnitType>"}, {"param_description": "", "param_name": ["rhs"], "param_type": "Measurement<UnitType>"}], "method_name": "-", "is_static": true, "class_name": "Measurement", "method_description": "", "return_value": {"return_name": [""], "return_description": [], "return_type": ["Measurement<UnitType>"]}}, {"params": [{"param_description": "", "param_name": ["lhs"], "param_type": "Measurement<UnitType>"}, {"param_description": "", "param_name": ["rhs"], "param_type": "Measurement<UnitType>"}], "method_name": "-", "is_static": true, "class_name": "Measurement", "method_description": "", "return_value": {"return_name": [""], "return_description": [], "return_type": ["Measurement<UnitType>"]}}, {"params": [{"param_description": "The lower bound for the range.", "param_name": ["minimum"], "param_type": "Measurement<UnitType>"}], "method_name": "...", "is_static": true, "class_name": "Measurement", "method_description": "Returns a partial range extending upward from a lower bound.", "return_value": {"return_name": [""], "return_description": [], "return_type": ["PartialRangeFrom<Measurement<UnitType>>"]}}, {"params": [{"param_description": "The upper bound for the range.", "param_name": ["maximum"], "param_type": "Measurement<UnitType>"}], "method_name": "...", "is_static": true, "class_name": "Measurement", "method_description": "Returns a partial range up to, and including, its upper bound.", "return_value": {"return_name": [""], "return_description": [], "return_type": ["PartialRangeThrough<Measurement<UnitType>>"]}}, {"params": [{"param_description": "The lower bound for the range.", "param_name": ["minimum"], "param_type": "Measurement<UnitType>"}, {"param_description": "The upper bound for the range.", "param_name": ["maximum"], "param_type": "Measurement<UnitType>"}], "method_name": "...", "is_static": true, "class_name": "Measurement", "method_description": "Returns a closed range that contains both of its bounds.", "return_value": {"return_name": [""], "return_description": [], "return_type": ["ClosedRange<Measurement<UnitType>>"]}}, {"params": [{"param_description": "The lower bound for the range.", "param_name": ["minimum"], "param_type": "Measurement<UnitType>"}, {"param_description": "The upper bound for the range.", "param_name": ["maximum"], "param_type": "Measurement<UnitType>"}], "method_name": "..", "is_static": true, "class_name": "Measurement", "method_description": "Returns a half-open range that contains its lower bound but not its upper bound.", "return_value": {"return_name": [""], "return_description": [], "return_type": ["Range<Measurement<UnitType>>"]}}], "Vars": [{"var_type": "UnitType", "var_description": "The unit component of the Measurement.", "var_name": "unit"}, {"var_type": "Double", "var_description": "The value component of the Measurement.", "var_name": "value"}, {"var_type": "String", "var_description": "A textual description of the measurement.", "var_name": "description"}, {"var_type": "String", "var_description": "A textual description of the measurement suitable for debugging.", "var_name": "debugDescription"}, {"var_type": "Mirror", "var_description": "A mirror that reflects the date interval.", "var_name": "customMirror"}, {"var_type": "Int", "var_description": "The computed hash value for the date interval.", "var_name": "hashValue"}], "interface_list": ["Comparable", "CustomDebugStringConvertible", "CustomReflectable", "CustomStringConvertible", "Equatable", "ReferenceConvertible"], "package_name": "foundation", "subclass_list": [], "class_name": "Measurement", "class_description": "Measurements support a large set of operators, including +, -, *, /, and a full set of comparison operators.\n", "class_inherit_list": []}