{"class_inherit_list": [], "interface_list": [], "Methods": [{"return_value": {"return_description": ["The stride, in bytes, of the given value\u2019s type."], "return_name": [""], "return_type": ["Int"]}, "method_name": "stride", "params": [{"param_name": ["ofValue", "value"], "param_type": "T", "param_description": "A value representative of the type to describe."}], "method_description": "Returns the number of bytes from the start of one instance of T to the start of the next when stored in contiguous memory or in an Array<T>.", "class_name": "MemoryLayout"}, {"return_value": {"return_description": ["The size, in bytes, of the given value\u2019s type."], "return_name": [""], "return_type": ["Int"]}, "method_name": "size", "params": [{"param_name": ["ofValue", "value"], "param_type": "T", "param_description": "A value representative of the type to describe."}], "method_description": "Returns the contiguous memory footprint of the given instance.", "class_name": "MemoryLayout"}, {"return_value": {"return_description": ["The default memory alignment, in bytes, of the given value\u2019s type. This value is always positive."], "return_name": [""], "return_type": ["Int"]}, "method_name": "alignment", "params": [{"param_name": ["ofValue", "value"], "param_type": "T", "param_description": "A value representative of the type to describe."}], "method_description": "Returns the default memory alignment of T.", "class_name": "MemoryLayout"}, {"return_value": {"return_description": ["The offset in bytes from a pointer to a value of type T to a pointer to the storage referenced by key, or nil if no such offset is available for the storage referenced by key. If the value is nil, it can be because key is computed, has observers, requires reabstraction, or overlaps storage with other properties."], "return_name": [""], "return_type": ["Int"]}, "method_name": "offset", "params": [{"param_name": ["of", "key"], "param_type": "PartialKeyPath<T>", "param_description": "A key path referring to storage that can be accessed through a value of type T."}], "method_description": "Returns the offset of an inline stored property within a type\u2019s in-memory representation.", "class_name": "MemoryLayout"}], "Vars": [{"var_name": "size", "var_type": "Int", "var_description": "The contiguous memory footprint of T, in bytes."}, {"var_name": "alignment", "var_type": "Int", "var_description": "The default memory alignment of T, in bytes."}, {"var_name": "stride", "var_type": "Int", "var_description": "The number of bytes from the start of one instance of T to the start of the next when stored in contiguous memory or in an Array<T>."}], "subclass_list": [], "class_description": "You can use MemoryLayout as a source of information about a type when allocating or binding memory using raw pointers. The following example declares a Point type with x and y coordinates and a Boolean isFilled property.\nThe size, stride, and alignment of the Point type are accessible as static properties of MemoryLayout<Point>.\nAlways use a multiple of a type\u2019s stride instead of its size when allocating memory or accounting for the distance between instances in memory. This example allocates uninitialized raw memory with space for four instances of Point.\n", "package_name": "swift", "class_name": "MemoryLayout"}