{"Methods": [{"params": [{"param_description": "The service that is ready to publish.", "param_name": ["sender"], "param_type": "NetService"}], "method_name": "netServiceWillPublish", "is_static": false, "class_name": "NetServiceDelegate", "method_description": "Notifies the delegate that the network is ready to publish the service.", "return_value": {"return_name": [], "return_description": [], "return_type": []}}, {"params": [{"param_description": "The service that could not be published.", "param_name": ["sender"], "param_type": "NetService"}, {"param_description": "A dictionary containing information about the problem. The dictionary contains the keys NSNetServicesErrorCode and NSNetServicesErrorDomain. ", "param_name": ["didNotPublish", "errorDict"], "param_type": "[String"}, {"param_description": "", "param_name": ["[String"], "param_type": "NSNumber]"}], "method_name": "netService", "is_static": false, "class_name": "NetServiceDelegate", "method_description": "Notifies the delegate that a service could not be published.", "return_value": {"return_name": [], "return_description": [], "return_type": []}}, {"params": [{"param_description": "The service that was published.", "param_name": ["sender"], "param_type": "NetService"}], "method_name": "netServiceDidPublish", "is_static": false, "class_name": "NetServiceDelegate", "method_description": "Notifies the delegate that a service was successfully published.", "return_value": {"return_name": [], "return_description": [], "return_type": []}}, {"params": [{"param_description": "The service that the network is ready to resolve.", "param_name": ["sender"], "param_type": "NetService"}], "method_name": "netServiceWillResolve", "is_static": false, "class_name": "NetServiceDelegate", "method_description": "Notifies the delegate that the network is ready to resolve the service.", "return_value": {"return_name": [], "return_description": [], "return_type": []}}, {"params": [{"param_description": "The service that did not resolve.", "param_name": ["sender"], "param_type": "NetService"}, {"param_description": "A dictionary containing information about the problem. The dictionary contains the keys errorCode and errorDomain. ", "param_name": ["didNotResolve", "errorDict"], "param_type": "[String"}, {"param_description": "", "param_name": ["[String"], "param_type": "NSNumber]"}], "method_name": "netService", "is_static": false, "class_name": "NetServiceDelegate", "method_description": "Informs the delegate that an error occurred during resolution of a given service.", "return_value": {"return_name": [], "return_description": [], "return_type": []}}, {"params": [{"param_description": "The service that was resolved.", "param_name": ["sender"], "param_type": "NetService"}], "method_name": "netServiceDidResolveAddress", "is_static": false, "class_name": "NetServiceDelegate", "method_description": "Informs the delegate that the address for a given service was resolved.", "return_value": {"return_name": [], "return_description": [], "return_type": []}}, {"params": [{"param_description": "The service whose TXT record was updated.", "param_name": ["sender"], "param_type": "NetService"}, {"param_description": "The new TXT record.", "param_name": ["didUpdateTXTRecord", "data"], "param_type": "Data"}], "method_name": "netService", "is_static": false, "class_name": "NetServiceDelegate", "method_description": "Notifies the delegate that the TXT record for a given service has been updated.", "return_value": {"return_name": [], "return_description": [], "return_type": []}}, {"params": [{"param_description": "The service that stopped.", "param_name": ["sender"], "param_type": "NetService"}], "method_name": "netServiceDidStop", "is_static": false, "class_name": "NetServiceDelegate", "method_description": "Informs the delegate that a publish() or resolve(withTimeout:) request was stopped.", "return_value": {"return_name": [], "return_description": [], "return_type": []}}, {"params": [{"param_description": "The net service object that the client connected to.", "param_name": ["sender"], "param_type": "NetService"}, {"param_description": "A stream object for receiving data from the client.", "param_name": ["didAcceptConnectionWith", "inputStream"], "param_type": "InputStream"}, {"param_description": "A stream object for sending data to the client.", "param_name": ["outputStream"], "param_type": "OutputStream"}], "method_name": "netService", "is_static": false, "class_name": "NetServiceDelegate", "method_description": "Called when a client connects to a service managed by Bonjour.", "return_value": {"return_name": [], "return_description": [], "return_type": []}}], "Vars": [], "interface_list": [], "package_name": "foundation", "subclass_list": [], "class_name": "NetServiceDelegate", "class_description": "The NetServiceDelegate protocol defines the optional methods implemented by delegates of NetService objects.\n", "class_inherit_list": ["NSObjectProtocol"]}