{"Methods": [{"params": [{"param_description": "", "param_name": ["name"], "param_type": "Notification.Name"}, {"param_description": "", "param_name": ["object"], "param_type": "Any"}, {"param_description": "", "param_name": ["userInfo"], "param_type": "[AnyHashable"}, {"param_description": "", "param_name": ["[AnyHashable"], "param_type": "Any] = nil"}], "method_name": "init", "is_static": false, "class_name": "Notification", "method_description": "Initializes a new notification.", "return_value": {"return_name": [], "return_description": [], "return_type": []}}, {"params": [{"param_description": "A value to compare.", "param_name": ["lhs"], "param_type": "Notification"}, {"param_description": "Another value to compare.", "param_name": ["rhs"], "param_type": "Notification"}], "method_name": "!=", "is_static": true, "class_name": "Notification", "method_description": "Returns a Boolean value indicating whether two values are not equal.", "return_value": {"return_name": [""], "return_description": [], "return_type": ["Bool"]}}, {"params": [{"param_description": "", "param_name": ["lhs"], "param_type": "Notification"}, {"param_description": "", "param_name": ["rhs"], "param_type": "Notification"}], "method_name": "==", "is_static": true, "class_name": "Notification", "method_description": "Compares two notifications for equality.", "return_value": {"return_name": [""], "return_description": [], "return_type": ["Bool"]}}], "Vars": [{"var_type": "Notification.Name", "var_description": "A tag identifying the notification.", "var_name": "name"}, {"var_type": "Any", "var_description": "An object that the poster wishes to send to observers.", "var_name": "object"}, {"var_type": "[AnyHashable", "var_description": "Storage for values or objects related to this notification.", "var_name": "userInfo"}, {"var_type": "String", "var_description": "A textual description of the notification.", "var_name": "description"}, {"var_type": "String", "var_description": "A textual description of the notification suitable for debugging.", "var_name": "debugDescription"}, {"var_type": "Mirror", "var_description": "A mirror that reflects the notification.", "var_name": "customMirror"}, {"var_type": "Int", "var_description": "The computed hash value for the notification.", "var_name": "hashValue"}], "interface_list": ["CustomReflectable", "Equatable", "Hashable", "ReferenceConvertible"], "package_name": "foundation", "subclass_list": [], "class_name": "Notification", "class_description": "", "class_inherit_list": []}