{"Methods": [{"params": [{"param_description": "", "param_name": ["rawValue"], "param_type": "UInt"}], "method_name": "init", "is_static": false, "class_name": "NotificationQueue.NotificationCoalescing", "method_description": "", "return_value": {"return_name": [], "return_description": [], "return_type": []}}], "Vars": [{"var_type": "NotificationQueue.NotificationCoalescing", "var_description": "Do not coalesce notifications in the queue.", "var_name": "none"}, {"var_type": "NotificationQueue.NotificationCoalescing", "var_description": "Coalesce notifications with the same name.", "var_name": "onName"}, {"var_type": "NotificationQueue.NotificationCoalescing", "var_description": "Coalesce notifications with the same object.", "var_name": "onSender"}], "interface_list": ["OptionSet"], "package_name": "foundation", "subclass_list": [], "class_name": "NotificationQueue.NotificationCoalescing", "class_description": "These constants are used by the enqueue(_:postingStyle:coalesceMask:forModes:) method.\n", "class_inherit_list": []}