{"Methods": [{"params": [], "method_name": "init", "is_static": false, "class_name": "NSAffineTransformStruct", "method_description": "Initializes a zero-filled transformation matrix.", "return_value": {"return_name": [], "return_description": [], "return_type": []}}, {"params": [{"param_description": "", "param_name": ["m11"], "param_type": "CGFloat"}, {"param_description": "", "param_name": ["m12"], "param_type": "CGFloat"}, {"param_description": "", "param_name": ["m21"], "param_type": "CGFloat"}, {"param_description": "", "param_name": ["m22"], "param_type": "CGFloat"}, {"param_description": "", "param_name": ["tX"], "param_type": "CGFloat"}, {"param_description": "", "param_name": ["tY"], "param_type": "CGFloat"}], "method_name": "init", "is_static": false, "class_name": "NSAffineTransformStruct", "method_description": "Initializes a transformation matrix with the given values.", "return_value": {"return_name": [], "return_description": [], "return_type": []}}], "Vars": [{"var_type": "CGFloat", "var_description": "An element of the transform matrix that contributes scaling, rotation, and shear.", "var_name": "m11"}, {"var_type": "CGFloat", "var_description": "An element of the transform matrix that contributes scaling, rotation, and shear.", "var_name": "m12"}, {"var_type": "CGFloat", "var_description": "An element of the transform matrix that contributes scaling, rotation, and shear.", "var_name": "m21"}, {"var_type": "CGFloat", "var_description": "An element of the transform matrix that contributes scaling, rotation, and shear.", "var_name": "m22"}, {"var_type": "CGFloat", "var_description": "An element of the transform matrix that contributes translation.", "var_name": "tX"}, {"var_type": "CGFloat", "var_description": "An element of the transform matrix that contributes translation.", "var_name": "tY"}], "interface_list": [], "package_name": "foundation", "subclass_list": [], "class_name": "NSAffineTransformStruct", "class_description": "For more details, see Cocoa Drawing Guide.\n", "class_inherit_list": []}