{"Methods": [{"params": [{"param_description": "", "param_name": ["rawValue"], "param_type": "UInt"}], "method_name": "init", "is_static": false, "class_name": "NSAppleEventDescriptor.SendOptions", "method_description": "", "return_value": {"return_name": [], "return_description": [], "return_type": []}}], "Vars": [{"var_type": "NSAppleEventDescriptor.SendOptions", "var_description": "", "var_name": "alwaysInteract"}, {"var_type": "NSAppleEventDescriptor.SendOptions", "var_description": "", "var_name": "canInteract"}, {"var_type": "NSAppleEventDescriptor.SendOptions", "var_description": "", "var_name": "canSwitchLayer"}, {"var_type": "NSAppleEventDescriptor.SendOptions", "var_description": "", "var_name": "defaultOptions"}, {"var_type": "NSAppleEventDescriptor.SendOptions", "var_description": "", "var_name": "dontAnnotate"}, {"var_type": "NSAppleEventDescriptor.SendOptions", "var_description": "", "var_name": "dontExecute"}, {"var_type": "NSAppleEventDescriptor.SendOptions", "var_description": "", "var_name": "dontRecord"}, {"var_type": "NSAppleEventDescriptor.SendOptions", "var_description": "", "var_name": "neverInteract"}, {"var_type": "NSAppleEventDescriptor.SendOptions", "var_description": "", "var_name": "noReply"}, {"var_type": "NSAppleEventDescriptor.SendOptions", "var_description": "", "var_name": "queueReply"}, {"var_type": "NSAppleEventDescriptor.SendOptions", "var_description": "", "var_name": "waitForReply"}], "interface_list": ["OptionSet"], "package_name": "foundation", "subclass_list": [], "class_name": "NSAppleEventDescriptor.SendOptions", "class_description": "", "class_inherit_list": []}