{"Methods": [{"params": [{"param_description": "", "param_name": ["rawValue"], "param_type": "String"}], "method_name": "init", "is_static": false, "class_name": "NSAttributedString.TextLayoutSectionKey", "method_description": "", "return_value": {"return_name": [], "return_description": [], "return_type": []}}], "Vars": [{"var_type": "NSAttributedString.TextLayoutSectionKey", "var_description": "An NSNumber object containing an NSLayoutManager.TextLayoutOrientation value. The default value is NSLayoutManager.TextLayoutOrientation.horizontal.", "var_name": "orientation"}, {"var_type": "NSAttributedString.TextLayoutSectionKey", "var_description": "An NSValue object containing an NSRange representing a character range. The default value is a range covering the entire string.", "var_name": "range"}], "interface_list": ["Equatable", "Hashable", "RawRepresentable"], "package_name": "foundation", "subclass_list": [], "class_name": "NSAttributedString.TextLayoutSectionKey", "class_description": "", "class_inherit_list": []}