{"Methods": [{"params": [{"param_description": "", "param_name": ["rawValue"], "param_type": "String"}], "method_name": "init", "is_static": false, "class_name": "NSAttributedString.DocumentAttributeKey", "method_description": "", "return_value": {"return_name": [], "return_description": [], "return_type": []}}, {"params": [{"param_description": "", "param_name": ["rawValue"], "param_type": "String"}], "method_name": "init", "is_static": false, "class_name": "NSAttributedString.DocumentAttributeKey", "method_description": "", "return_value": {"return_name": [], "return_description": [], "return_type": []}}], "Vars": [{"var_type": "NSAttributedString.DocumentAttributeKey", "var_description": "The value of this attribute is an NSString object containing author name.", "var_name": "author"}, {"var_type": "NSAttributedString.DocumentAttributeKey", "var_description": "The value of this attribute is an NSColor object representing the document-wide page background color.", "var_name": "backgroundColor"}, {"var_type": "NSAttributedString.DocumentAttributeKey", "var_description": "The value of this attribute is an NSNumber object containing a float, in points.", "var_name": "bottomMargin"}, {"var_type": "NSAttributedString.DocumentAttributeKey", "var_description": "The value of this attribute is an NSString object containing the document\u2019s category.", "var_name": "category"}, {"var_type": "NSAttributedString.DocumentAttributeKey", "var_description": "The value of this attribute is an NSNumber object containing integer specifying NSStringEncoding for the file; default for plain text is the default encoding. This key in options can specify the string encoding for reading the data. Upon return, the document attributes can contain the actual encoding used. For writing methods, this value is used for generating the plain text data.", "var_name": "characterEncoding"}, {"var_type": "NSAttributedString.DocumentAttributeKey", "var_description": "The value of this attribute is an NSNumber object containing a float. For RTF files only, stores the version of Cocoa with which the file was created. Absence of this value indicates RTF file not created by Cocoa or its predecessors. ", "var_name": "cocoaVersion"}, {"var_type": "NSAttributedString.DocumentAttributeKey", "var_description": "The value of this attribute is an NSString object containing document comments.", "var_name": "comment"}, {"var_type": "NSAttributedString.DocumentAttributeKey", "var_description": "The value of this attribute is an NSString object containing company or organization name.", "var_name": "company"}, {"var_type": "NSAttributedString.DocumentAttributeKey", "var_description": "The value of this attribute is an NSNumber object containing an int. Indicates whether the file was converted by a filter service.", "var_name": "converted"}, {"var_type": "NSAttributedString.DocumentAttributeKey", "var_description": "The value of this attribute is an NSString object containing document copyright info.", "var_name": "copyright"}, {"var_type": "NSAttributedString.DocumentAttributeKey", "var_description": "The value of this attribute is an NSDate object containing the creation date of the document; note that this is not the file system creation date of the file, but of the document.", "var_name": "creationTime"}, {"var_type": "NSAttributedString.DocumentAttributeKey", "var_description": "", "var_name": "defaultAttributes"}, {"var_type": "NSAttributedString.DocumentAttributeKey", "var_description": "The value of this attribute is an NSNumber object containing a float. Represents the document-wide default tab stop interval.", "var_name": "defaultTabInterval"}, {"var_type": "NSAttributedString.DocumentAttributeKey", "var_description": "", "var_name": "documentType"}, {"var_type": "NSAttributedString.DocumentAttributeKey", "var_description": "The value of this attribute is an NSString object containing name of person who last edited the document.", "var_name": "editor"}, {"var_type": "NSAttributedString.DocumentAttributeKey", "var_description": "An NSArray object containing NSString objects, representing HTML elements not to be used in generated HTML.", "var_name": "excludedElements"}, {"var_type": "NSAttributedString.DocumentAttributeKey", "var_description": "The value of this attribute is an NSString object indicating which document type was used to interpret the document, specified as a UTI; for reading, this is available along with documentType, but for writing the two are mutually exclusive.", "var_name": "fileType"}, {"var_type": "NSAttributedString.DocumentAttributeKey", "var_description": "The value of this attribute is an NSNumber object containing a float; 0 = off, 1 = full hyphenation.", "var_name": "hyphenationFactor"}, {"var_type": "NSAttributedString.DocumentAttributeKey", "var_description": "The value of this attribute is an NSArray object containing NSString objects, containing keywords.", "var_name": "keywords"}, {"var_type": "NSAttributedString.DocumentAttributeKey", "var_description": "The value of this attribute is an NSNumber object containing a float, in points.", "var_name": "leftMargin"}, {"var_type": "NSAttributedString.DocumentAttributeKey", "var_description": "The value of this attribute is an NSString object containing the name of the author's manager.", "var_name": "manager"}, {"var_type": "NSAttributedString.DocumentAttributeKey", "var_description": "The value of this attribute is an NSDate object containing the modification date of the document contents.", "var_name": "modificationTime"}, {"var_type": "NSAttributedString.DocumentAttributeKey", "var_description": "", "var_name": "paperMargin"}, {"var_type": "NSAttributedString.DocumentAttributeKey", "var_description": "The value of this attribute is an NSValue object containing NSSize.", "var_name": "paperSize"}, {"var_type": "NSAttributedString.DocumentAttributeKey", "var_description": "An NSNumber object containing an integer (default 0) representing the number of spaces per level by which to indent certain nested HTML elements.", "var_name": "prefixSpaces"}, {"var_type": "NSAttributedString.DocumentAttributeKey", "var_description": "The value of this attribute is an NSNumber object containing an integer. If missing or 0 or negative, not read only; 1 or more, read only. ", "var_name": "readOnly"}, {"var_type": "NSAttributedString.DocumentAttributeKey", "var_description": "The value of this attribute is an NSNumber object containing a float, in points.", "var_name": "rightMargin"}, {"var_type": "NSAttributedString.DocumentAttributeKey", "var_description": "The value of this attribute is an NSString object containing subject of document.", "var_name": "subject"}, {"var_type": "NSAttributedString.DocumentAttributeKey", "var_description": "An NSString object containing the name, IANA or otherwise, of a text encoding to be used; mutually exclusive with characterEncoding.", "var_name": "textEncodingName"}, {"var_type": "NSAttributedString.DocumentAttributeKey", "var_description": "", "var_name": "textLayoutSections"}, {"var_type": "NSAttributedString.DocumentAttributeKey", "var_description": "The value of this attribute is an NSString object containing document title.", "var_name": "title"}, {"var_type": "NSAttributedString.DocumentAttributeKey", "var_description": "The value of this attribute is an NSNumber object containing a float, in points.", "var_name": "topMargin"}, {"var_type": "NSAttributedString.DocumentAttributeKey", "var_description": "The value of this attribute is an NSValue object containing an int; 0 = normal; 1 = page layout (use value of @\"PaperSize\").", "var_name": "viewMode"}, {"var_type": "NSAttributedString.DocumentAttributeKey", "var_description": "The value of this attribute is an NSValue object containing NSSize.", "var_name": "viewSize"}, {"var_type": "NSAttributedString.DocumentAttributeKey", "var_description": "The value of this attribute is an NSValue object containing a float. 100 = 100% zoom.", "var_name": "viewZoom"}, {"var_type": "NSAttributedString.DocumentAttributeKey", "var_description": "", "var_name": "appearance"}], "interface_list": ["Equatable", "Hashable", "RawRepresentable"], "package_name": "foundation", "subclass_list": [], "class_name": "NSAttributedString.DocumentAttributeKey", "class_description": "", "class_inherit_list": []}