{"Methods": [{"params": [{"param_description": "", "param_name": ["rawValue"], "param_type": "UInt"}], "method_name": "init", "is_static": false, "class_name": "NSAttributedString.EnumerationOptions", "method_description": "", "return_value": {"return_name": [], "return_description": [], "return_type": []}}], "Vars": [{"var_type": "NSAttributedString.EnumerationOptions", "var_description": "Causes the enumeration to occur in reverse.", "var_name": "reverse"}, {"var_type": "NSAttributedString.EnumerationOptions", "var_description": "If NSAttributedStringEnumerationLongestEffectiveRangeNotRequired option is supplied, then the longest effective range computation is not performed; the blocks may be invoked with consecutive attribute runs that have the same value.", "var_name": "longestEffectiveRangeNotRequired"}], "interface_list": ["OptionSet"], "package_name": "foundation", "subclass_list": [], "class_name": "NSAttributedString.EnumerationOptions", "class_description": "", "class_inherit_list": []}