{"Methods": [{"params": [{"param_description": "", "param_name": ["rawValue"], "param_type": "String"}], "method_name": "init", "is_static": false, "class_name": "NSAttributedString.DocumentReadingOptionKey", "method_description": "", "return_value": {"return_name": [], "return_description": [], "return_type": []}}, {"params": [{"param_description": "", "param_name": ["rawValue"], "param_type": "String"}], "method_name": "init", "is_static": false, "class_name": "NSAttributedString.DocumentReadingOptionKey", "method_description": "", "return_value": {"return_name": [], "return_description": [], "return_type": []}}], "Vars": [{"var_type": "NSAttributedString.DocumentReadingOptionKey", "var_description": "For HTML documents; NSURL containing base URL. Previous string constant was @\"BaseURL\"", "var_name": "baseURL"}, {"var_type": "NSAttributedString.DocumentReadingOptionKey", "var_description": "For plain text documents; NSNumber containing the unsigned int NSStringEncoding to override any encoding specified in an HTML document. Previous string constant was @\"CharacterEncoding\".", "var_name": "characterEncoding"}, {"var_type": "NSAttributedString.DocumentReadingOptionKey", "var_description": "For plain text documents; NSDictionary containing attributes to be applied to plain files. Previous string constant was @\"DefaultAttributes\".", "var_name": "defaultAttributes"}, {"var_type": "NSAttributedString.DocumentReadingOptionKey", "var_description": "One of the document types described in Document Types, indicating a document type to be forced when loading the document. Previous string constant was @\"DocumentType\".", "var_name": "documentType"}, {"var_type": "NSAttributedString.DocumentReadingOptionKey", "var_description": "The value of this attribute is an NSString object indicating a document type to be forced when loading the document, specified as a UTI string; mutually exclusive with documentType.", "var_name": "fileType"}, {"var_type": "NSAttributedString.DocumentReadingOptionKey", "var_description": "NSString containing the name, IANA or otherwise, of a text encoding to override any encoding specified in an HTML document. Mutually exclusive with @\"CharacterEncoding\". Previous string constant was @\"TextEncodingName\".", "var_name": "textEncodingName"}, {"var_type": "NSAttributedString.DocumentReadingOptionKey", "var_description": "Specifies a scale factor for font sizes. NSNumber containing float, default 1.0; for HTML only, corresponding to WebView's textSizeMultiplier.", "var_name": "textSizeMultiplier"}, {"var_type": "NSAttributedString.DocumentReadingOptionKey", "var_description": "NSNumber containing float. Time in seconds to wait for a document to finish loading. Previous string constant was @\"Timeout\".", "var_name": "timeout"}, {"var_type": "NSAttributedString.DocumentReadingOptionKey", "var_description": "WebPreferences; for HTML only, specifies a WebPreferences object. If not present, a default set of preferences is used. Previous string constant was @\"WebPreferences\".", "var_name": "webPreferences"}, {"var_type": "NSAttributedString.DocumentReadingOptionKey", "var_description": "NSObject; for HTML only, specifies an object to serve as the web resource loading delegate. ", "var_name": "webResourceLoadDelegate"}], "interface_list": ["Equatable", "Hashable", "RawRepresentable"], "package_name": "foundation", "subclass_list": [], "class_name": "NSAttributedString.DocumentReadingOptionKey", "class_description": "Use these strings as keys when importing documents using the init(data:options:documentAttributes:), init(html:options:documentAttributes:), and init(url:options:documentAttributes:) methods of NSAttributedString. You can also use them from the read(from:options:documentAttributes:error:) and read(from:options:documentAttributes:error:) methods of NSMutableAttributedString. \n", "class_inherit_list": []}