{"Methods": [{"params": [{"param_description": "", "param_name": ["rawValue"], "param_type": "UInt"}], "method_name": "init", "is_static": false, "class_name": "NSBinarySearchingOptions", "method_description": "", "return_value": {"return_name": [], "return_description": [], "return_type": []}}], "Vars": [{"var_type": "NSBinarySearchingOptions", "var_description": "Specifies that the search should return the first object in the range that is equal to the given object.", "var_name": "firstEqual"}, {"var_type": "NSBinarySearchingOptions", "var_description": "Specifies that the search should return the last object in the range that is equal to the given object.", "var_name": "lastEqual"}, {"var_type": "NSBinarySearchingOptions", "var_description": "Returns the index at which you should insert the object in order to maintain a sorted array.", "var_name": "insertionIndex"}], "interface_list": ["OptionSet"], "package_name": "foundation", "subclass_list": [], "class_name": "NSBinarySearchingOptions", "class_description": "", "class_inherit_list": []}