{"Methods": [{"params": [{"param_description": "A set of strings, with each string specifying a tag assigned to resources stored in the main bundle. The value must not be nil.", "param_name": ["tags"], "param_type": "Set<String>"}], "method_name": "init", "is_static": false, "class_name": "NSBundleResourceRequest", "method_description": "Initializes a resource request for managing the on-demand resources marked with any of the set of specified tags. The managed resources are loaded into the main bundle.", "return_value": {"return_name": [], "return_description": ["The initialized resource request."], "return_type": []}}, {"params": [{"param_description": "A set of strings, with each string specifying a tag assigned to resources stored in bundle. The value must not be nil.", "param_name": ["tags"], "param_type": "Set<String>"}, {"param_description": "The bundle used to store the loaded resources. Pass nil for the main bundle. The bundle must be the same as the one used in the Xcode project for all the resources marked with the specified tags.", "param_name": ["bundle"], "param_type": "Bundle"}], "method_name": "init", "is_static": false, "class_name": "NSBundleResourceRequest", "method_description": "Initializes a resource request for managing the on-demand resources marked with any of the set of specified tags. The managed resources are loaded into the specified bundle.", "return_value": {"return_name": [], "return_description": ["The initialized resource request."], "return_type": []}}, {"params": [{"param_description": "A block called when the resources have finished downloading or if an error occurs. The resources are not available until the completion handler is called with error set to nil.The block takes the following parameter:errorSet to nil if the resources are downloaded successfully; otherwise this parameter holds an NSError object describing the problem that occurred. Errors are usually due to a lack of free space or problems connecting with the App Store.", "param_name": ["completionHandler"], "param_type": "@escaping (Error) -> Void"}], "method_name": "beginAccessingResources", "is_static": false, "class_name": "NSBundleResourceRequest", "method_description": "Requests access to the resources marked with the managed tags. If any of the resources are not on the device, they are requested from the App Store.", "return_value": {"return_name": [""], "return_description": [], "return_type": ["Void"]}}, {"params": [{"param_description": "A block called when the availability of the resources has been checked.The block takes the following parameter:resourcesAvailableReturns true if all of the resources marked with the tags managed by the request are already on the device. Returns false if any of the resources are not on the device.", "param_name": ["completionHandler"], "param_type": "@escaping (Bool) -> Void"}], "method_name": "conditionallyBeginAccessingResources", "is_static": false, "class_name": "NSBundleResourceRequest", "method_description": "Checks whether the resources marked with the tags managed by the request are already on the device. If all of the resources are on the device, you can begin accessing those resources.", "return_value": {"return_name": [""], "return_description": [], "return_type": ["Void"]}}, {"params": [], "method_name": "endAccessingResources", "is_static": false, "class_name": "NSBundleResourceRequest", "method_description": "Informs the system that you have finished accessing the resources marked with the tags managed by the request.", "return_value": {"return_name": [], "return_description": [], "return_type": []}}], "Vars": [{"var_type": "Bundle", "var_description": "A reference to the bundle used for storing the downloaded resources. (read-only)", "var_name": "bundle"}, {"var_type": "Set<String>", "var_description": "A set of strings, with each string specifying a tag used to mark on-demand resources managed by the request. (read-only)", "var_name": "tags"}, {"var_type": "Double", "var_description": "A hint to the system of the relative priority of the resource request.", "var_name": "loadingPriority"}, {"var_type": "Double", "var_description": "", "var_name": "NSBundleResourceRequestLoadingPriorityUrgent"}, {"var_type": "Progress", "var_description": "A reference to the progress object associated with the specified resource request. (read-only)", "var_name": "progress"}, {"var_type": "Int", "var_description": "The end of the range of error codes reserved for bundle errors.", "var_name": "NSBundleErrorMaximum"}, {"var_type": "Int", "var_description": "The start of the range of error codes reserved for bundle errors.", "var_name": "NSBundleErrorMinimum"}, {"var_type": "Int", "var_description": "The application exceeded the amount of on-demand resources content in use at one time.", "var_name": "NSBundleOnDemandResourceExceededMaximumSizeError"}, {"var_type": "Int", "var_description": "The application specified a tag that the system couldn\u2019t find in the application tag manifest.", "var_name": "NSBundleOnDemandResourceInvalidTagError"}, {"var_type": "Int", "var_description": "Insufficient space available to download the requested on-demand resources.", "var_name": "NSBundleOnDemandResourceOutOfSpaceError"}, {"var_type": "NSNotification.Name", "var_description": "Posted after the system detects that the amount of available disk space is getting low. The notification is posted to the default notification center.", "var_name": "NSBundleResourceRequestLowDiskSpace"}], "interface_list": ["CVarArg", "Equatable", "Hashable", "ProgressReporting"], "package_name": "foundation", "subclass_list": [], "class_name": "NSBundleResourceRequest", "class_description": "You identify on-demand resources during development by creating string identifiers known as tags and assigning one or more tags to each resource. An NSBundleResourceRequest object manages the resources marked by one or more tags.\nYou use the resource request to inform the system when the managed tags are needed and when you have finished accessing them. The resource request manages the downloading of any resources marked with the managed tags that are not already on the device and informs your app when the resources are ready for use.\nThe system will not attempt to purge the resources marked with a tag from on-device storage as long as at least one NSBundleResourceRequest object is managing the tag. Apps can access resources after the completion handler of either beginAccessingResources(completionHandler:) or conditionallyBeginAccessingResources(completionHandler:) is called successfully. Management ends after a call to endAccessingResources() or after the resource request object is deallocated.\nOther properties and methods let you track the progress of a download, change the priority of a download, and check whether the resources marked by a set of tags are already on the device. Methods in Bundle indicate to the system the relative importance of preserving a tag in memory after it is no longer in use. For more information, see setPreservationPriority(_:forTags:) and preservationPriority(forTag:).\nImportant\nAn NSBundleResourceRequest object can only be used for one successful resource request.\n", "class_inherit_list": ["NSObject"]}