{"Methods": [{"params": [{"param_description": "An object identifying the value.", "param_name": ["forKey", "key"], "param_type": "KeyType"}], "method_name": "object", "is_static": false, "class_name": "NSCache", "method_description": "Returns the value associated with a given key.", "return_value": {"return_name": [""], "return_description": ["The value associated with key, or nil if no value is associated with key."], "return_type": ["ObjectType"]}}, {"params": [{"param_description": "The object to be stored in the cache.", "param_name": ["obj"], "param_type": "ObjectType"}, {"param_description": "The key with which to associate the value.", "param_name": ["forKey", "key"], "param_type": "KeyType"}], "method_name": "setObject", "is_static": false, "class_name": "NSCache", "method_description": "Sets the value of the specified key in the cache.", "return_value": {"return_name": [], "return_description": [], "return_type": []}}, {"params": [{"param_description": "The object to store in the cache.", "param_name": ["obj"], "param_type": "ObjectType"}, {"param_description": "The key with which to associate the value.", "param_name": ["forKey", "key"], "param_type": "KeyType"}, {"param_description": "", "param_name": ["cost", "g"], "param_type": "Int"}], "method_name": "setObject", "is_static": false, "class_name": "NSCache", "method_description": "Sets the value of the specified key in the cache, and associates the key-value pair with the specified cost.", "return_value": {"return_name": [], "return_description": [], "return_type": []}}, {"params": [{"param_description": "The key identifying the value to be removed.", "param_name": ["forKey", "key"], "param_type": "KeyType"}], "method_name": "removeObject", "is_static": false, "class_name": "NSCache", "method_description": "Removes the value of the specified key in the cache.", "return_value": {"return_name": [], "return_description": [], "return_type": []}}, {"params": [], "method_name": "removeAllObjects", "is_static": false, "class_name": "NSCache", "method_description": "Empties the cache.", "return_value": {"return_name": [], "return_description": [], "return_type": []}}], "Vars": [{"var_type": "String", "var_description": "The name of the cache.", "var_name": "name"}, {"var_type": "Int", "var_description": "The maximum number of objects the cache should hold.", "var_name": "countLimit"}, {"var_type": "Int", "var_description": "The maximum total cost that the cache can hold before it starts evicting objects.", "var_name": "totalCostLimit"}, {"var_type": "Bool", "var_description": "Whether the cache will automatically evict discardable-content objects whose content has been discarded.", "var_name": "evictsObjectsWithDiscardedContent"}, {"var_type": "NSCacheDelegate", "var_description": "The cache\u2019s delegate.", "var_name": "delegate"}], "interface_list": ["CVarArg", "Equatable", "Hashable"], "package_name": "foundation", "subclass_list": [], "class_name": "NSCache", "class_description": "Cache objects differ from other mutable collections in a few ways:\nThe NSCache class incorporates various auto-eviction policies, which ensure that a cache doesn\u2019t use too much of the system\u2019s memory. If memory is needed by other applications, these policies remove some items from the cache, minimizing its memory footprint.\nYou can add, remove, and query items in the cache from different threads without having to lock the cache yourself. \nUnlike an NSMutableDictionary object, a cache does not copy the key objects that are put into it.\nYou typically use NSCache objects to temporarily store objects with transient data that are expensive to create. Reusing these objects can provide performance benefits, because their values do not have to be recalculated. However, the objects are not critical to the application and can be discarded if memory is tight. If discarded, their values will have to be recomputed again when needed.\nObjects that have subcomponents that can be discarded when not being used can adopt the NSDiscardableContent protocol to improve cache eviction behavior. By default, NSDiscardableContent objects in a cache are automatically removed if their content is discarded, although this automatic removal policy can be changed. If an NSDiscardableContent object is put into the cache, the cache calls discardContentIfPossible() on it upon its removal.\n", "class_inherit_list": ["NSObject"]}