{"Methods": [{"params": [{"param_description": "", "param_name": ["rawValue"], "param_type": "String"}], "method_name": "init", "is_static": false, "class_name": "NSCalendar.Identifier", "method_description": "", "return_value": {"return_name": [], "return_description": [], "return_type": []}}, {"params": [{"param_description": "", "param_name": ["rawValue"], "param_type": "String"}], "method_name": "init", "is_static": false, "class_name": "NSCalendar.Identifier", "method_description": "", "return_value": {"return_name": [], "return_description": [], "return_type": []}}], "Vars": [{"var_type": "NSCalendar.Identifier", "var_description": "Identifier for the Gregorian calendar.", "var_name": "gregorian"}, {"var_type": "NSCalendar.Identifier", "var_description": "Identifier for the ISO8601 calendar.", "var_name": "ISO8601"}, {"var_type": "NSCalendar.Identifier", "var_description": "Identifier for the Buddhist calendar.", "var_name": "buddhist"}, {"var_type": "NSCalendar.Identifier", "var_description": "Identifier for the Chinese calendar.", "var_name": "chinese"}, {"var_type": "NSCalendar.Identifier", "var_description": "Identifier for the Coptic calendar.", "var_name": "coptic"}, {"var_type": "NSCalendar.Identifier", "var_description": "Identifier for the Ethiopic (Amete Alem) calendar.", "var_name": "ethiopicAmeteAlem"}, {"var_type": "NSCalendar.Identifier", "var_description": "Identifier for the Ethiopic (Amete Mihret) calendar.", "var_name": "ethiopicAmeteMihret"}, {"var_type": "NSCalendar.Identifier", "var_description": "Identifier for the Hebrew calendar.", "var_name": "hebrew"}, {"var_type": "NSCalendar.Identifier", "var_description": "Identifier for the Indian calendar.", "var_name": "indian"}, {"var_type": "NSCalendar.Identifier", "var_description": "Identifier for the Islamic calendar.", "var_name": "islamic"}, {"var_type": "NSCalendar.Identifier", "var_description": "Identifier for the Islamic civil calendar.", "var_name": "islamicCivil"}, {"var_type": "NSCalendar.Identifier", "var_description": "Identifier for a tabular Islamic calendar.", "var_name": "islamicTabular"}, {"var_type": "NSCalendar.Identifier", "var_description": "Identifier for the Islamic Umm al-Qura calendar.", "var_name": "islamicUmmAlQura"}, {"var_type": "NSCalendar.Identifier", "var_description": "Identifier for the Japanese calendar.", "var_name": "japanese"}, {"var_type": "NSCalendar.Identifier", "var_description": "Identifier for the Persian calendar.", "var_name": "persian"}, {"var_type": "NSCalendar.Identifier", "var_description": "Identifier for the Republic of China (Taiwan) calendar.", "var_name": "republicOfChina"}], "interface_list": ["Equatable", "Hashable", "RawRepresentable"], "package_name": "foundation", "subclass_list": [], "class_name": "NSCalendar.Identifier", "class_description": "Use these identifiers to specify the kind of calendar. The Gregorian calendar is the calendar typically used in Europe, the Western Hemisphere, and elsewhere.\n", "class_inherit_list": []}