{"Methods": [{"params": [{"param_description": "", "param_name": ["coder", "aDecoder"], "param_type": "NSCoder"}], "method_name": "init", "is_static": false, "class_name": "NSCharacterSet", "method_description": "", "return_value": {"return_name": [], "return_description": [], "return_type": []}}, {"params": [{"param_description": "A string containing characters for the new character set.", "param_name": ["charactersIn", "aString"], "param_type": "String"}], "method_name": "init", "is_static": false, "class_name": "NSCharacterSet", "method_description": "Returns a character set containing the characters in a given string.", "return_value": {"return_name": [], "return_description": ["A character set containing the characters in aString. Returns an empty character set if aString is empty."], "return_type": []}}, {"params": [{"param_description": "A range of Unicode values.aRange.location is the value of the first character to return; aRange.location + aRange.length\u2013 1 is the value of the last.", "param_name": ["range", "aRange"], "param_type": "NSRange"}], "method_name": "init", "is_static": false, "class_name": "NSCharacterSet", "method_description": "Returns a character set containing characters with Unicode values in a given range.", "return_value": {"return_name": [], "return_description": ["A character set containing characters whose Unicode values are given by aRange. If aRange.length is 0, returns an empty character set."], "return_type": []}}, {"params": [{"param_description": "A bitmap representation of a character set.", "param_name": ["bitmapRepresentation", "data"], "param_type": "Data"}], "method_name": "init", "is_static": false, "class_name": "NSCharacterSet", "method_description": "Returns a character set containing characters determined by a given bitmap representation.", "return_value": {"return_name": [], "return_description": ["A character set containing characters determined by data."], "return_type": []}}, {"params": [{"param_description": "", "param_name": ["contentsOfFile", "fName"], "param_type": "String"}], "method_name": "init", "is_static": false, "class_name": "NSCharacterSet", "method_description": "Returns a character set read from the bitmap representation stored in the file a given path.", "return_value": {"return_name": [], "return_description": ["A character set read from the bitmap representation stored in the file at path."], "return_type": []}}, {"params": [{"param_description": "The character to test for membership of the receiver.", "param_name": ["aCharacter"], "param_type": "unichar"}], "method_name": "characterIsMember", "is_static": false, "class_name": "NSCharacterSet", "method_description": "Returns a Boolean value that indicates whether a given character is in the receiver. ", "return_value": {"return_name": [""], "return_description": ["true if aCharacter is in the receiving character set, otherwise false."], "return_type": ["Bool"]}}, {"params": [{"param_description": "A character plane.", "param_name": ["thePlane"], "param_type": "UInt8"}], "method_name": "hasMemberInPlane", "is_static": false, "class_name": "NSCharacterSet", "method_description": "Returns a Boolean value that indicates whether the receiver has at least one member in a given character plane.", "return_value": {"return_name": [""], "return_description": ["true if the receiver has at least one member in thePlane, otherwise false."], "return_type": ["Bool"]}}, {"params": [{"param_description": "A character set.", "param_name": ["of", "theOtherSet"], "param_type": "CharacterSet"}], "method_name": "isSuperset", "is_static": false, "class_name": "NSCharacterSet", "method_description": "Returns a Boolean value that indicates whether the receiver is a superset of another given character set.", "return_value": {"return_name": [""], "return_description": ["true if the receiver is a superset of theOtherSet, otherwise false."], "return_type": ["Bool"]}}, {"params": [{"param_description": "A UTF32 character.", "param_name": ["theLongChar"], "param_type": "UTF32Char"}], "method_name": "longCharacterIsMember", "is_static": false, "class_name": "NSCharacterSet", "method_description": "Returns a Boolean value that indicates whether a given long character is a member of the receiver.", "return_value": {"return_name": [""], "return_description": ["true if theLongChar is in the receiver, otherwise false."], "return_type": ["Bool"]}}], "Vars": [{"var_type": "CharacterSet", "var_description": "A character set containing the characters in Unicode General Categories L*, M*, and N*.", "var_name": "alphanumerics"}, {"var_type": "CharacterSet", "var_description": "A character set containing the characters in Unicode General Category Lt.", "var_name": "capitalizedLetters"}, {"var_type": "CharacterSet", "var_description": "A character set containing the characters in Unicode General Category Cc and Cf.", "var_name": "controlCharacters"}, {"var_type": "CharacterSet", "var_description": "A character set containing the characters in the category of Decimal Numbers.", "var_name": "decimalDigits"}, {"var_type": "CharacterSet", "var_description": "A character set containing individual Unicode characters that can also be represented as composed character sequences (such as for letters with accents), by the definition of \u201cstandard decomposition\u201d in version 3.2 of the Unicode character encoding standard.", "var_name": "decomposables"}, {"var_type": "CharacterSet", "var_description": "A character set containing values in the category of Non-Characters or that have not yet been defined in version 3.2 of the Unicode standard.", "var_name": "illegalCharacters"}, {"var_type": "CharacterSet", "var_description": "A character set containing the characters in Unicode General Category L* & M*.", "var_name": "letters"}, {"var_type": "CharacterSet", "var_description": "A character set containing the characters in Unicode General Category Ll.", "var_name": "lowercaseLetters"}, {"var_type": "CharacterSet", "var_description": "A character set containing the newline characters (U+000A ~ U+000D, U+0085, U+2028, and U+2029).", "var_name": "newlines"}, {"var_type": "CharacterSet", "var_description": "A character set containing the characters in Unicode General Category M*.", "var_name": "nonBaseCharacters"}, {"var_type": "CharacterSet", "var_description": "A character set containing the characters in Unicode General Category P*.", "var_name": "punctuationCharacters"}, {"var_type": "CharacterSet", "var_description": "A character set containing the characters in Unicode General Category S*.", "var_name": "symbols"}, {"var_type": "CharacterSet", "var_description": "A character set containing the characters in Unicode General Category Lu and Lt.", "var_name": "uppercaseLetters"}, {"var_type": "CharacterSet", "var_description": "A character set containing characters in Unicode General Category Z*, U+000A ~ U+000D, and U+0085.", "var_name": "whitespacesAndNewlines"}, {"var_type": "CharacterSet", "var_description": "A character set containing the characters in Unicode General Category Zs and CHARACTER TABULATION (U+0009).", "var_name": "whitespaces"}, {"var_type": "CharacterSet", "var_description": "Returns the character set for characters allowed in a fragment URL component.", "var_name": "urlFragmentAllowed"}, {"var_type": "CharacterSet", "var_description": "Returns the character set for characters allowed in a host URL subcomponent.", "var_name": "urlHostAllowed"}, {"var_type": "CharacterSet", "var_description": "Returns the character set for characters allowed in a password URL subcomponent.", "var_name": "urlPasswordAllowed"}, {"var_type": "CharacterSet", "var_description": "Returns the character set for characters allowed in a path URL component.", "var_name": "urlPathAllowed"}, {"var_type": "CharacterSet", "var_description": "Returns the character set for characters allowed in a query URL component.", "var_name": "urlQueryAllowed"}, {"var_type": "CharacterSet", "var_description": "Returns the character set for characters allowed in a user URL subcomponent.", "var_name": "urlUserAllowed"}, {"var_type": "Int", "var_description": "Specifies lower bound for a Unicode character range reserved for Apple\u2019s corporate use (the range is 0xF400\u20130xF8FF).", "var_name": "NSOpenStepUnicodeReservedBase"}, {"var_type": "Data", "var_description": "An NSData object encoding the receiver in binary format.", "var_name": "bitmapRepresentation"}, {"var_type": "CharacterSet", "var_description": "A character set containing only characters that don\u2019t exist in the receiver.", "var_name": "inverted"}], "interface_list": ["CVarArg", "Equatable", "Hashable", "NSCopying", "NSMutableCopying", "NSSecureCoding"], "package_name": "foundation", "subclass_list": [], "class_name": "NSCharacterSet", "class_description": "An NSCharacterSet object represents a set of Unicode-compliant characters. NSString and NSScanner objects use NSCharacterSet objects to group characters together for searching operations, so that they can find any of a particular set of characters during a search. The cluster\u2019s two public classes, NSCharacterSet and NSMutableCharacterSet, declare the programmatic interface for static and dynamic character sets, respectively.\nThe objects you create using these classes are referred to as character set objects (and when no confusion will result, merely as character sets). Because of the nature of class clusters, character set objects aren\u2019t actual instances of the NSCharacterSet or NSMutableCharacterSet classes but of one of their private subclasses. Although a character set object\u2019s class is private, its interface is public, as declared by these abstract superclasses, NSCharacterSet and NSMutableCharacterSet. The character set classes adopt the NSCopying and NSMutableCopying protocols, making it convenient to convert a character set of one type to the other.\nThe NSCharacterSet class declares the programmatic interface for an object that manages a set of Unicode characters (see the NSString class cluster specification for information on Unicode). NSCharacterSet\u2019s principal primitive method, characterIsMember(_:), provides the basis for all other instance methods in its interface. A subclass of NSCharacterSet needs only to implement this method, plus mutableCopy(with:), for proper behavior. For optimal performance, a subclass should also override bitmapRepresentation, which otherwise works by invoking characterIsMember(_:) for every possible Unicode value.\nNSCharacterSet is \u201ctoll-free bridged\u201d with its Core Foundation counterpart, CFCharacterSet. See Toll-Free Bridging for more information on toll-free bridging.\nImportant\nThe Swift overlay to the Foundation framework provides the CharacterSet structure, which bridges to the NSCharacterSet class and its mutable subclass, NSMutableCharacterSet. For more information about value types, see Working with Cocoa Frameworks in Using Swift with Cocoa and Objective-C (Swift 4.1).\n", "class_inherit_list": ["NSObject"]}