{"Methods": [], "Vars": [{"var_type": "NSSaveOptions", "var_description": "Returns a constant indicating how to deal with closing any modified documents.", "var_name": "saveOptions"}], "interface_list": ["CVarArg", "Equatable", "Hashable"], "package_name": "foundation", "subclass_list": [], "class_name": "NSCloseCommand", "class_description": "An instance of NSCloseCommand closes the specified scriptable object or objects\u2014typically a document or window (and its associated document, if any). The command may optionally specify a location to save in and how to handle modified documents (by automatically saving changes, not saving them, or asking the user).\nNSCloseCommand is part of Cocoa\u2019s built-in scripting support. It works automatically to support the close command through key-value coding. Most applications don\u2019t need to subclass NSCloseCommand or call its methods.\n", "class_inherit_list": ["NSScriptCommand"]}