{"Methods": [{"params": [{"param_description": "The object specifier for the receiver.", "param_name": ["receiversRef"], "param_type": "NSScriptObjectSpecifier"}], "method_name": "setReceiversSpecifier", "is_static": false, "class_name": "NSCloneCommand", "method_description": "Sets the receiver\u2019s object specifier;.", "return_value": {"return_name": [], "return_description": [], "return_type": []}}], "Vars": [{"var_type": "NSScriptObjectSpecifier", "var_description": "Returns a specifier for the object or objects to be cloned.", "var_name": "keySpecifier"}], "interface_list": ["CVarArg", "Equatable", "Hashable"], "package_name": "foundation", "subclass_list": [], "class_name": "NSCloneCommand", "class_description": "An instance of NSCloneCommand clones the specified scriptable object or objects (such as words, paragraphs, images, and so on) and inserts them in the specified location, or the default location if no location is specified. The cloned scriptable objects typically correspond to objects in the application, but aren\u2019t required to. This command corresponds to AppleScript\u2019s duplicate command.\nNSCloneCommand is part of Cocoa\u2019s built-in scripting support. It works automatically to support the duplicate command through key-value coding. Most applications don\u2019t need to subclass NSCloneCommand or invoke its methods.\nWhen an instance of NSCloneCommand is executed, it clones the specified objects by sending them copyWithZone: messages.\n", "class_inherit_list": ["NSScriptCommand"]}