{"Methods": [{"params": [{"param_description": "The left hand expression.", "param_name": ["leftExpression", "lhs"], "param_type": "NSExpression"}, {"param_description": "The right hand expression.", "param_name": ["rightExpression", "rhs"], "param_type": "NSExpression"}, {"param_description": "The selector to use. The method defined by the selector must take a single argument and return a BOOL value.", "param_name": ["customSelector", "selector"], "param_type": "Selector"}], "method_name": "init", "is_static": false, "class_name": "NSComparisonPredicate", "method_description": "Initializes a predicate formed by combining given left and right expressions using a given selector.", "return_value": {"return_name": [], "return_description": ["The receiver, initialized by combining the left and right expressions using selector."], "return_type": []}}, {"params": [{"param_description": "The left hand expression.", "param_name": ["leftExpression", "lhs"], "param_type": "NSExpression"}, {"param_description": "The right hand expression.", "param_name": ["rightExpression", "rhs"], "param_type": "NSExpression"}, {"param_description": "The modifier to apply.", "param_name": ["modifier"], "param_type": "NSComparisonPredicate.Modifier"}, {"param_description": "The predicate operator type.", "param_name": ["type"], "param_type": "NSComparisonPredicate.Operator"}, {"param_description": "The options to apply (see NSComparisonPredicate.Options). For no options, pass 0.", "param_name": ["options"], "param_type": "NSComparisonPredicate.Options = []"}], "method_name": "init", "is_static": false, "class_name": "NSComparisonPredicate", "method_description": "Initializes a predicate to a given type formed by combining given left and right expressions using a given modifier and options.", "return_value": {"return_name": [], "return_description": ["The receiver, initialized to a predicate of type type formed by combining the left and right expressions using the modifier and options."], "return_type": []}}, {"params": [{"param_description": "", "param_name": ["coder"], "param_type": "NSCoder"}], "method_name": "init", "is_static": false, "class_name": "NSComparisonPredicate", "method_description": "", "return_value": {"return_name": [], "return_description": [], "return_type": []}}], "Vars": [{"var_type": "NSComparisonPredicate.Modifier", "var_description": "The comparison predicate modifier for the receiver.", "var_name": "comparisonPredicateModifier"}, {"var_type": "Selector", "var_description": "The selector for the receiver.", "var_name": "customSelector"}, {"var_type": "NSExpression", "var_description": "The right expression for the receiver.", "var_name": "rightExpression"}, {"var_type": "NSExpression", "var_description": "The left expression for the receiver.", "var_name": "leftExpression"}, {"var_type": "NSComparisonPredicate.Options", "var_description": "The options that are set for the receiver.", "var_name": "options"}, {"var_type": "NSComparisonPredicate.Operator", "var_description": "The predicate type for the receiver.", "var_name": "predicateOperatorType"}], "interface_list": ["CVarArg", "Equatable", "Hashable"], "package_name": "foundation", "subclass_list": [], "class_name": "NSComparisonPredicate", "class_description": "You use comparison predicates to compare the results of two expressions. You create a comparison predicate with an operator, a left expression, and a right expression. You represent the expressions using instances of the NSExpression class. When you evaluate the predicate, it returns as a BOOL value the result of invoking the operator with the results of evaluating the expressions. \n", "class_inherit_list": ["NSPredicate"]}