{"Methods": [{"params": [{"param_description": "", "param_name": ["rawValue"], "param_type": "UInt"}], "method_name": "init", "is_static": false, "class_name": "NSComparisonPredicate.Options", "method_description": "", "return_value": {"return_name": [], "return_description": [], "return_type": []}}], "Vars": [{"var_type": "NSComparisonPredicate.Options", "var_description": "A case-insensitive predicate.", "var_name": "caseInsensitive"}, {"var_type": "NSComparisonPredicate.Options", "var_description": "A diacritic-insensitive predicate.", "var_name": "diacriticInsensitive"}, {"var_type": "NSComparisonPredicate.Options", "var_description": "Indicates that the strings to be compared have been preprocessed.", "var_name": "normalized"}], "interface_list": ["OptionSet"], "package_name": "foundation", "subclass_list": [], "class_name": "NSComparisonPredicate.Options", "class_description": "", "class_inherit_list": []}