{"Methods": [{"params": [{"param_description": "An array of NSPredicate objects.", "param_name": ["andPredicateWithSubpredicates", "subpredicates"], "param_type": "[NSPredicate]"}], "method_name": "init", "is_static": false, "class_name": "NSCompoundPredicate", "method_description": "Returns a new predicate formed by AND-ing the predicates in a given array.", "return_value": {"return_name": [], "return_description": ["A new predicate formed by AND-ing the predicates specified by subpredicates."], "return_type": []}}, {"params": [{"param_description": "A predicate.", "param_name": ["notPredicateWithSubpredicate", "predicate"], "param_type": "NSPredicate"}], "method_name": "init", "is_static": false, "class_name": "NSCompoundPredicate", "method_description": "Returns a new predicate formed by NOT-ing a given predicate.", "return_value": {"return_name": [], "return_description": ["A new predicate formed by NOT-ing the predicate specified by predicate."], "return_type": []}}, {"params": [{"param_description": "An array of NSPredicate objects.", "param_name": ["orPredicateWithSubpredicates", "subpredicates"], "param_type": "[NSPredicate]"}], "method_name": "init", "is_static": false, "class_name": "NSCompoundPredicate", "method_description": "Returns a new predicate formed by OR-ing the predicates in a given array.", "return_value": {"return_name": [], "return_description": ["A new predicate formed by OR-ing the predicates specified by subpredicates."], "return_type": []}}, {"params": [{"param_description": "The type of the new predicate.", "param_name": ["type"], "param_type": "NSCompoundPredicate.LogicalType"}, {"param_description": "An array of NSPredicate objects.", "param_name": ["subpredicates"], "param_type": "[NSPredicate]"}], "method_name": "init", "is_static": false, "class_name": "NSCompoundPredicate", "method_description": "Returns the receiver initialized to a given type using predicates from a given array.", "return_value": {"return_name": [], "return_description": ["The receiver initialized with its type set to type and subpredicates array to subpredicates."], "return_type": []}}, {"params": [{"param_description": "", "param_name": ["coder"], "param_type": "NSCoder"}], "method_name": "init", "is_static": false, "class_name": "NSCompoundPredicate", "method_description": "", "return_value": {"return_name": [], "return_description": [], "return_type": []}}], "Vars": [{"var_type": "NSCompoundPredicate.LogicalType", "var_description": "The predicate type for the receiver.", "var_name": "compoundPredicateType"}, {"var_type": "[Any]", "var_description": "The receiver\u2019s subpredicates.", "var_name": "subpredicates"}], "interface_list": ["CVarArg", "Equatable", "Hashable"], "package_name": "foundation", "subclass_list": [], "class_name": "NSCompoundPredicate", "class_description": "Use NSCompoundPredicate to create an AND or OR compound predicate of zero or more other predicates, or the NOT of a single predicate. For the logical AND and OR operations:\nAn AND predicate with no subpredicates evaluates to true.\nAn OR predicate with no subpredicates evaluates to false.\nA compound predicate with one or more subpredicates evaluates to the truth of its subpredicates.\n", "class_inherit_list": ["NSPredicate"]}