{"Methods": [{"params": [{"param_description": "", "param_name": ["array"], "param_type": "[Any]"}], "method_name": "init", "is_static": false, "class_name": "NSCountedSet", "method_description": "Returns a counted set object initialized with the contents of a given array.", "return_value": {"return_name": [], "return_description": ["An initialized counted set object with the contents of anArray. The returned object might be different than the original receiver."], "return_type": []}}, {"params": [{"param_description": "", "param_name": ["set"], "param_type": "Set<AnyHashable>"}], "method_name": "init", "is_static": false, "class_name": "NSCountedSet", "method_description": "Returns a counted set object initialized with the contents of a given set.", "return_value": {"return_name": [], "return_description": ["An initialized counted set object with the contents of aSet. The returned object might be different than the original receiver."], "return_type": []}}, {"params": [{"param_description": "The initial capacity of the new counted set.", "param_name": ["capacity", "numItems"], "param_type": "Int"}], "method_name": "init", "is_static": false, "class_name": "NSCountedSet", "method_description": "Returns a counted set object initialized with enough memory to hold a given number of objects.", "return_value": {"return_name": [], "return_description": ["A counted set object initialized with enough memory to hold numItems objects "], "return_type": []}}, {"params": [{"param_description": "", "param_name": ["object"], "param_type": "Any"}], "method_name": "add", "is_static": false, "class_name": "NSCountedSet", "method_description": "Adds a given object to the set.", "return_value": {"return_name": [], "return_description": [], "return_type": []}}, {"params": [{"param_description": "", "param_name": ["object"], "param_type": "Any"}], "method_name": "remove", "is_static": false, "class_name": "NSCountedSet", "method_description": "Removes a given object from the set.", "return_value": {"return_name": [], "return_description": [], "return_type": []}}, {"params": [{"param_description": "", "param_name": ["for", "object"], "param_type": "Any"}], "method_name": "count", "is_static": false, "class_name": "NSCountedSet", "method_description": "Returns the count associated with a given object in the set.", "return_value": {"return_name": [""], "return_description": ["The count associated with anObject in the set, which can be thought of as the number of occurrences of anObject present in the set."], "return_type": ["Int"]}}, {"params": [], "method_name": "objectEnumerator", "is_static": false, "class_name": "NSCountedSet", "method_description": "Returns an enumerator object that lets you access each object in the set once, independent of its count.", "return_value": {"return_name": [""], "return_description": ["An enumerator object that lets you access each object in the set once, independent of its count."], "return_type": ["NSEnumerator"]}}], "Vars": [], "interface_list": ["CustomReflectable", "CVarArg", "Equatable", "ExpressibleByArrayLiteral", "Hashable", "Sequence"], "package_name": "foundation", "subclass_list": [], "class_name": "NSCountedSet", "class_description": "Each distinct object inserted into an NSCountedSet object has a counter associated with it. NSCountedSet keeps track of the number of times objects are inserted and requires that objects be removed the same number of times. Thus, there is only one instance of an object in an NSSet object even if the object has been added to the set multiple times. The count method defined by the superclass NSSet has special significance; it returns the number of distinct objects, not the total number of times objects are represented in the set. The NSSet and NSMutableSet classes are provided for static and dynamic sets, respectively, whose elements are distinct.\nWhile NSCountedSet and CFBag are not toll-free bridged, they provide similar functionality. For more information about CFBag, see the CFBag.\nBecause NSCountedSet is not a class cluster, it does not have primitive methods that provide the basis for its implementation. In general, there should be little need for subclassing.\nIf you subclass NSCountedSet, you must override any method of which you want to change the behavior.\nIf you change the primitive behavior of an NSCountedSet, for instance if you change how objects are stored, you must override all of the affected methods. These include:\nadd(_:)\nremove(_:)\nobjectEnumerator()\ncount(for:)\nIf you change the primitive behavior, you must also override the primitive methods of NSSet and NSMutableSet.\n", "class_inherit_list": ["NSMutableSet"]}