{"Methods": [{"params": [{"param_description": "", "param_name": ["rawValue"], "param_type": "UInt"}], "method_name": "init", "is_static": false, "class_name": "NSData.Base64EncodingOptions", "method_description": "", "return_value": {"return_name": [], "return_description": [], "return_type": []}}], "Vars": [{"var_type": "NSData.Base64EncodingOptions", "var_description": "Set the maximum line length to 64 characters, after which a line ending is inserted.", "var_name": "lineLength64Characters"}, {"var_type": "NSData.Base64EncodingOptions", "var_description": "Set the maximum line length to 76 characters, after which a line ending is inserted.", "var_name": "lineLength76Characters"}, {"var_type": "NSData.Base64EncodingOptions", "var_description": "When a maximum line length is set, specify that the line ending to insert should include a carriage return.", "var_name": "endLineWithCarriageReturn"}, {"var_type": "NSData.Base64EncodingOptions", "var_description": "When a maximum line length is set, specify that the line ending to insert should include a line feed.", "var_name": "endLineWithLineFeed"}], "interface_list": ["OptionSet"], "package_name": "foundation", "subclass_list": [], "class_name": "NSData.Base64EncodingOptions", "class_description": "", "class_inherit_list": []}