{"Methods": [{"params": [{"param_description": "", "param_name": ["rawValue"], "param_type": "UInt"}], "method_name": "init", "is_static": false, "class_name": "NSData.WritingOptions", "method_description": "", "return_value": {"return_name": [], "return_description": [], "return_type": []}}], "Vars": [{"var_type": "NSData.WritingOptions", "var_description": "A hint to write data to an auxiliary file first and then exchange the files.", "var_name": "atomic"}, {"var_type": "NSData.WritingOptions", "var_description": "A hint to return prevent overwriting an existing file.", "var_name": "withoutOverwriting"}, {"var_type": "NSData.WritingOptions", "var_description": "A hint to set the content protection attribute of the file when writing it out.", "var_name": "noFileProtection"}, {"var_type": "NSData.WritingOptions", "var_description": "A hint to set the content protection attribute of the file when writing it out. ", "var_name": "completeFileProtection"}, {"var_type": "NSData.WritingOptions", "var_description": "A hint to set the content protection attribute of the file when writing it out.", "var_name": "completeFileProtectionUnlessOpen"}, {"var_type": "NSData.WritingOptions", "var_description": "A hint to set the content protection attribute of the file when writing it out.", "var_name": "completeFileProtectionUntilFirstUserAuthentication"}, {"var_type": "NSData.WritingOptions", "var_description": "A mask to use when determining the file protection options assigned to the data.", "var_name": "fileProtectionMask"}, {"var_type": "NSData.WritingOptions", "var_description": "A hint to write data to an auxiliary file first and then exchange the files.DeprecatedUse atomic instead.", "var_name": "atomicWrite"}], "interface_list": ["OptionSet"], "package_name": "foundation", "subclass_list": [], "class_name": "NSData.WritingOptions", "class_description": "", "class_inherit_list": []}