{"Methods": [{"params": [{"param_description": "", "param_name": ["rawValue"], "param_type": "UInt"}], "method_name": "init", "is_static": false, "class_name": "NSData.ReadingOptions", "method_description": "", "return_value": {"return_name": [], "return_description": [], "return_type": []}}], "Vars": [{"var_type": "NSData.ReadingOptions", "var_description": "A hint indicating the file should be mapped into virtual memory, if possible and safe.", "var_name": "mappedIfSafe"}, {"var_type": "NSData.ReadingOptions", "var_description": "A hint indicating the file should not be stored in the file-system caches.", "var_name": "uncached"}, {"var_type": "NSData.ReadingOptions", "var_description": "Hint to map the file in if possible.", "var_name": "alwaysMapped"}, {"var_type": "NSData.ReadingOptions", "var_description": "Deprecated name for mappedIfSafe.", "var_name": "dataReadingMapped"}, {"var_type": "NSData.ReadingOptions", "var_description": "Deprecated name for dataReadingMapped.", "var_name": "mappedRead"}, {"var_type": "NSData.ReadingOptions", "var_description": "Deprecated name for uncached.", "var_name": "uncachedRead"}], "interface_list": ["OptionSet"], "package_name": "foundation", "subclass_list": [], "class_name": "NSData.ReadingOptions", "class_description": "", "class_inherit_list": []}