{"Methods": [{"params": [{"param_description": "", "param_name": ["rawValue"], "param_type": "UInt"}], "method_name": "init", "is_static": false, "class_name": "NSData.SearchOptions", "method_description": "", "return_value": {"return_name": [], "return_description": [], "return_type": []}}], "Vars": [{"var_type": "NSData.SearchOptions", "var_description": "Search from the end of the data object.", "var_name": "backwards"}, {"var_type": "NSData.SearchOptions", "var_description": "Search is limited to start (or end, if searching backwards) of the data object.", "var_name": "anchored"}], "interface_list": ["OptionSet"], "package_name": "foundation", "subclass_list": [], "class_name": "NSData.SearchOptions", "class_description": "These options are used with the range(of:options:in:) method.\n", "class_inherit_list": []}