{"Methods": [{"params": [{"param_description": "The calendar for which to use in the calculation.", "param_name": ["in", "calendar"], "param_type": "Calendar"}], "method_name": "isValidDate", "is_static": false, "class_name": "NSDateComponents", "method_description": "Returns a Boolean value that indicates whether the current combination of properties represents a date which exists in the specified calendar.", "return_value": {"return_name": [""], "return_description": ["true if the date corresponding to the receiver's values is valid and exists in the given calendar, otherwise false."], "return_type": ["Bool"]}}, {"params": [], "method_name": "week", "is_static": false, "class_name": "NSDateComponents", "method_description": "Returns the number of weeks.DeprecatedUse weekOfYear or weekOfMonth instead, depending on what you intend.", "return_value": {"return_name": [""], "return_description": ["The number of week units for the receiver."], "return_type": ["Int"]}}, {"params": [{"param_description": "The number of week units.", "param_name": ["v"], "param_type": "Int"}], "method_name": "setWeek", "is_static": false, "class_name": "NSDateComponents", "method_description": "Sets the number of weeks.DeprecatedUse weekOfYear or weekOfMonth instead, depending on what you intend.", "return_value": {"return_name": [], "return_description": [], "return_type": []}}, {"params": [{"param_description": "The calendar unit for which to retrieve its value. Do not pass calendar or timeZone.", "param_name": ["forComponent", "unit"], "param_type": "NSCalendar.Unit"}], "method_name": "value", "is_static": false, "class_name": "NSDateComponents", "method_description": "Returns the value for a given calendar unit.", "return_value": {"return_name": [""], "return_description": ["The value for the given calendar unit."], "return_type": ["Int"]}}, {"params": [{"param_description": "The value to set for the unit component.", "param_name": ["value"], "param_type": "Int"}, {"param_description": "The calendar unit for which to set value. Do not pass calendar or timeZone.", "param_name": ["forComponent", "unit"], "param_type": "NSCalendar.Unit"}], "method_name": "setValue", "is_static": false, "class_name": "NSDateComponents", "method_description": "Sets a value for a given calendar unit.", "return_value": {"return_name": [], "return_description": ["The value for the given calendar unit."], "return_type": []}}], "Vars": [{"var_type": "Calendar", "var_description": "The calendar used to interpret the date components.", "var_name": "calendar"}, {"var_type": "TimeZone", "var_description": "The time zone used to interpret the date components.", "var_name": "timeZone"}, {"var_type": "Bool", "var_description": "A Boolean value that indicates whether the current combination of properties represents a date which exists in the current calendar.", "var_name": "isValidDate"}, {"var_type": "Date", "var_description": "The date calculated from the current components using the stored calendar.", "var_name": "date"}, {"var_type": "Int", "var_description": "Specifies a date component without a value.", "var_name": "NSDateComponentUndefined"}, {"var_type": "Int", "var_description": "Specifies a date component without a value.DeprecatedUse NSDateComponentUndefined instead.", "var_name": "NSUndefinedDateComponent"}, {"var_type": "Int", "var_description": "The number of eras.", "var_name": "era"}, {"var_type": "Int", "var_description": "The number of years.", "var_name": "year"}, {"var_type": "Int", "var_description": "The ISO 8601 week-numbering year.", "var_name": "yearForWeekOfYear"}, {"var_type": "Int", "var_description": "The number of quarters.", "var_name": "quarter"}, {"var_type": "Int", "var_description": "The number of months.", "var_name": "month"}, {"var_type": "Bool", "var_description": "A Boolean value that indicates whether the month is a leap month.", "var_name": "isLeapMonth"}, {"var_type": "Int", "var_description": "The number of the weekdays.", "var_name": "weekday"}, {"var_type": "Int", "var_description": "The ordinal number of weekdays.", "var_name": "weekdayOrdinal"}, {"var_type": "Int", "var_description": "The week number of the months.", "var_name": "weekOfMonth"}, {"var_type": "Int", "var_description": "The ISO 8601 week date of the year.", "var_name": "weekOfYear"}, {"var_type": "Int", "var_description": "The number of days.", "var_name": "day"}, {"var_type": "Int", "var_description": "The number of hour units for the receiver.", "var_name": "hour"}, {"var_type": "Int", "var_description": "The number of minute units for the receiver.", "var_name": "minute"}, {"var_type": "Int", "var_description": "The number of second units for the receiver.", "var_name": "second"}, {"var_type": "Int", "var_description": "The number of nanosecond units for the receiver.", "var_name": "nanosecond"}], "interface_list": ["CVarArg", "Equatable", "Hashable", "NSCopying", "NSSecureCoding"], "package_name": "foundation", "subclass_list": [], "class_name": "NSDateComponents", "class_description": "NSDateComponents encapsulates the components of a date in an extendable, object-oriented manner. It's used to specify a date by providing the temporal components that make up a date and time: hour, minutes, seconds, day, month, year, and so on. You can also use it to specify a duration of time, for example, 5 hours and 16 minutes. An NSDateComponents object is not required to define all the component fields. When a new instance of NSDateComponents is created, the date components are set to NSDateComponentUndefined.\nImportant\nAn NSDateComponents object is meaningless in itself; you need to know what calendar it is interpreted against, and you need to know whether the values are absolute values of the units, or quantities of the units.\nAn instance of NSDateComponents is not responsible for answering questions about a date beyond the information with which it was initialized. For example, if you initialize one with May 4, 2017, its weekday is NSDateComponentUndefined, not Thursday. To get the correct day of the week, you must create a suitable instance of NSCalendar, create an NSDate object using date(from:) and then use components(_:from:) to retrieve the weekday\u2014as illustrated in the following example.\nFor more details, see Calendars, Date Components, and Calendar Units in Date and Time Programming Guide.\nImportant\nThe Swift overlay to the Foundation framework provides the DateComponents structure, which bridges to the NSDateComponents class. For more information about value types, see Working with Cocoa Frameworks in Using Swift with Cocoa and Objective-C (Swift 4.1).\n", "class_inherit_list": ["NSObject"]}