{"Methods": [{"params": [{"param_description": "", "param_name": ["rawValue"], "param_type": "UInt"}], "method_name": "init", "is_static": false, "class_name": "NSData.Base64DecodingOptions", "method_description": "", "return_value": {"return_name": [], "return_description": [], "return_type": []}}], "Vars": [{"var_type": "NSData.Base64DecodingOptions", "var_description": "Modify the decoding algorithm so that it ignores unknown non-Base-64 bytes, including line ending characters.", "var_name": "ignoreUnknownCharacters"}], "interface_list": ["OptionSet"], "package_name": "foundation", "subclass_list": [], "class_name": "NSData.Base64DecodingOptions", "class_description": "", "class_inherit_list": []}