{"Methods": [{"params": [], "method_name": "roundingMode", "is_static": false, "class_name": "NSDecimalNumberBehaviors", "method_description": "Returns the way that NSDecimalNumber's decimalNumberBy... methods round their return values.Required.", "return_value": {"return_name": [""], "return_description": ["Returns the current rounding mode. See NSDecimalNumber.RoundingMode for possible values."], "return_type": ["NSDecimalNumber.RoundingMode"]}}, {"params": [], "method_name": "scale", "is_static": false, "class_name": "NSDecimalNumberBehaviors", "method_description": "Returns the number of digits allowed after the decimal separator. Required.", "return_value": {"return_name": [""], "return_description": ["The number of digits allowed after the decimal separator."], "return_type": ["Int16"]}}, {"params": [{"param_description": "", "param_name": ["operation"], "param_type": "Selector"}, {"param_description": "The type of error that was generated.", "param_name": ["error"], "param_type": "NSDecimalNumber.CalculationError"}, {"param_description": "The left operand.", "param_name": ["leftOperand"], "param_type": "NSDecimalNumber"}, {"param_description": "The right operand.", "param_name": ["rightOperand"], "param_type": "NSDecimalNumber"}], "method_name": "exceptionDuringOperation", "is_static": false, "class_name": "NSDecimalNumberBehaviors", "method_description": "Specifies what an NSDecimalNumber object will do when it encounters an error.Required.", "return_value": {"return_name": [""], "return_description": [], "return_type": ["NSDecimalNumber"]}}], "Vars": [], "interface_list": [], "package_name": "foundation", "subclass_list": [], "class_name": "NSDecimalNumberBehaviors", "class_description": "The scale() and roundingMode() methods determine the precision of NSDecimalNumber\u2019s return values and the way in which those values should be rounded to fit that precision. The exceptionDuringOperation(_:error:leftOperand:rightOperand:) method determines the way in which an NSDecimalNumber object should handle different calculation errors.\nFor an example of a class that adopts the NSDecimalBehaviors protocol, see the specification for NSDecimalNumberHandler.\n", "class_inherit_list": []}