{"Methods": [{"params": [{"param_description": "The receiver\u2019s object specifier.", "param_name": ["receiversRef"], "param_type": "NSScriptObjectSpecifier"}], "method_name": "setReceiversSpecifier", "is_static": false, "class_name": "NSDeleteCommand", "method_description": "Sets the receiver\u2019s object specifier.", "return_value": {"return_name": [], "return_description": [], "return_type": []}}], "Vars": [{"var_type": "NSScriptObjectSpecifier", "var_description": "Returns a specifier for the object or objects to be deleted.", "var_name": "keySpecifier"}], "interface_list": ["CVarArg", "Equatable", "Hashable"], "package_name": "foundation", "subclass_list": [], "class_name": "NSDeleteCommand", "class_description": "An instance of NSDeleteCommand deletes the specified scriptable object or objects (such as words, paragraphs, and so on).\nSuppose, for example, a user executes a script that sends the command delete the third rectangle in the first document to the Sketch sample application (located in /Developer/Examples/AppKit). Cocoa creates an NSDeleteCommand object to perform the operation. When the command is executed, it uses the key-value coding mechanism (by invoking removeValueAtIndex:fromPropertyWithKey:) to remove the specified object or objects from their container. See the description for removeValue(at:fromPropertyWithKey:) for related information.\nNSDeleteCommand is part of Cocoa\u2019s built-in scripting support. Most applications don\u2019t need to subclass NSDeleteCommand or call its methods.\n", "class_inherit_list": ["NSScriptCommand"]}