{"Methods": [], "Vars": [], "interface_list": [], "package_name": "foundation", "subclass_list": [], "class_name": "NSDecimalNumber.RoundingMode", "class_description": "The rounding mode matters only if the scale() method sets a limit on the precision of NSDecimalNumber return values. It has no effect if scale() returns NSDecimalNoScale. Assuming that scale() returns 1, the rounding mode has the following effects on various original values:\nOriginal Value\nNSRoundPlain\nNSRoundDown & NS RoundUp\nNSRoundBankers\n1.24\n1.2\n1.2 & 1.3\n1.2\n1.26\n1.3\n1.2 & 1.3\n1.3\n1.25\n1.3\n1.2 & 1.3 \n1.2\n1.35\n1.4\n1.3  & 1.4\n1.4\n\u20131.35\n\u20131.4\n\u20131.4  & -1.3\n\u20131.4\n", "class_inherit_list": []}