{"Methods": [{"params": [{"param_description": "The rounding mode to use. There are four possible values: NSRoundUp, NSRoundDown, NSRoundPlain, and NSRoundBankers.", "param_name": ["roundingMode"], "param_type": "NSDecimalNumber.RoundingMode"}, {"param_description": "The number of digits a rounded value should have after its decimal point.", "param_name": ["scale"], "param_type": "Int16"}, {"param_description": "If true, in the event of an exactness error the handler will raise an exception, otherwise it will ignore the error and return control to the calling method.", "param_name": ["raiseOnExactness", "exact"], "param_type": "Bool"}, {"param_description": "If true, in the event of an overflow error the handler will raise an exception, otherwise it will ignore the error and return control to the calling method", "param_name": ["raiseOnOverflow", "overflow"], "param_type": "Bool"}, {"param_description": "If true, in the event of an underflow error the handler will raise an exception, otherwise it will ignore the error and return control to the calling method", "param_name": ["raiseOnUnderflow", "underflow"], "param_type": "Bool"}, {"param_description": "If true, in the event of a divide by zero error the handler will raise an exception, otherwise it will ignore the error and return control to the calling method", "param_name": ["raiseOnDivideByZero", "divideByZero"], "param_type": "Bool"}], "method_name": "init", "is_static": false, "class_name": "NSDecimalNumberHandler", "method_description": "Returns an NSDecimalNumberHandler object initialized so it behaves as specified by the method\u2019s arguments.", "return_value": {"return_name": [], "return_description": ["An initialized NSDecimalNumberHandler object initialized with customized behavior. The returned object might be different than the original receiver."], "return_type": []}}], "Vars": [{"var_type": "NSDecimalNumberHandler", "var_description": "Returns the default instance of NSDecimalNumberHandler.", "var_name": "`default`"}], "interface_list": ["CVarArg", "Equatable", "Hashable", "NSCoding", "NSDecimalNumberBehaviors"], "package_name": "foundation", "subclass_list": [], "class_name": "NSDecimalNumberHandler", "class_description": "This class allows you to set the way an NSDecimalNumber object rounds off and handles errors, without having to create a custom class.\nYou can use an instance of this class as an argument to any of the NSDecimalNumber methods that end with ...Behavior:. If you don\u2019t think you need special behavior, you probably don\u2019t need this class\u2014it is likely that NSDecimalNumber's default behavior will suit your needs.\nFor more information, see the NSDecimalNumberBehaviors protocol specification.\n", "class_inherit_list": ["NSObject"]}