{"Methods": [{"params": [], "method_name": "beginContentAccess", "is_static": false, "class_name": "NSDiscardableContent", "method_description": "Returns a Boolean value indicating whether the discardable contents are still available and have been successfully accessed.Required.", "return_value": {"return_name": [""], "return_description": ["YES if the discardable contents are still available and have now been successfully accessed; otherwise, false."], "return_type": ["Bool"]}}, {"params": [], "method_name": "endContentAccess", "is_static": false, "class_name": "NSDiscardableContent", "method_description": "Called if the discardable contents are no longer being accessed.Required.", "return_value": {"return_name": [], "return_description": [], "return_type": []}}, {"params": [], "method_name": "discardContentIfPossible", "is_static": false, "class_name": "NSDiscardableContent", "method_description": "Called to discard the contents of the receiver if the value of the accessed counter is 0.Required.", "return_value": {"return_name": [], "return_description": [], "return_type": []}}, {"params": [], "method_name": "isContentDiscarded", "is_static": false, "class_name": "NSDiscardableContent", "method_description": "Returns a Boolean value indicating whether the content has been discarded.Required.", "return_value": {"return_name": [""], "return_description": ["true if the content has been discarded; otherwise, false."], "return_type": ["Bool"]}}], "Vars": [], "interface_list": [], "package_name": "foundation", "subclass_list": [], "class_name": "NSDiscardableContent", "class_description": "An NSDiscardableContent object\u2019s life cycle is dependent upon a \u201ccounter\u201d variable. An NSDiscardableContent object is a purgeable block of memory that keeps track of whether or not it is currently being used by some other object. When this memory is being read, or is still needed, its counter variable will be greater than or equal to 1. When it is not being used, and can be discarded, the counter variable will be equal to 0. \nWhen the counter is equal to 0, the block of memory may be discarded if memory is tight at that point in time. In order to discard the content, call discardContentIfPossible() on the object, which will free the associated memory if the counter variable equals 0.\nBy default, NSDiscardableContent objects are initialized with their counter equal to 1 to ensure that they are not immediately discarded by the memory-management system. From this point, you must keep track of the counter variable\u2019s state. Calling the beginContentAccess() method increments the counter variable by 1, thus ensuring that the object will not be discarded. When you no longer need the object, decrement its counter\u00a0by calling endContentAccess().\nThe Foundation framework includes the NSPurgeableData class, which provides a default implementation of this protocol.\n", "class_inherit_list": []}