{"Methods": [{"params": [{"param_description": "", "param_name": ["aInsets"], "param_type": "NSEdgeInsets"}, {"param_description": "", "param_name": ["bInsets"], "param_type": "NSEdgeInsets"}], "method_name": "NSEdgeInsetsEqual", "is_static": false, "class_name": "NSEdgeInsets", "method_description": "", "return_value": {"return_name": [""], "return_description": [], "return_type": ["Bool"]}}, {"params": [{"param_description": "", "param_name": ["top"], "param_type": "CGFloat"}, {"param_description": "", "param_name": ["left"], "param_type": "CGFloat"}, {"param_description": "", "param_name": ["bottom"], "param_type": "CGFloat"}, {"param_description": "", "param_name": ["right"], "param_type": "CGFloat"}], "method_name": "NSEdgeInsetsMake", "is_static": false, "class_name": "NSEdgeInsets", "method_description": "", "return_value": {"return_name": [""], "return_description": [], "return_type": ["NSEdgeInsets"]}}, {"params": [], "method_name": "init", "is_static": false, "class_name": "NSEdgeInsets", "method_description": "", "return_value": {"return_name": [], "return_description": [], "return_type": []}}, {"params": [{"param_description": "", "param_name": ["top"], "param_type": "CGFloat"}, {"param_description": "", "param_name": ["left"], "param_type": "CGFloat"}, {"param_description": "", "param_name": ["bottom"], "param_type": "CGFloat"}, {"param_description": "", "param_name": ["right"], "param_type": "CGFloat"}], "method_name": "init", "is_static": false, "class_name": "NSEdgeInsets", "method_description": "", "return_value": {"return_name": [], "return_description": [], "return_type": []}}], "Vars": [{"var_type": "CGFloat", "var_description": "The distance from the bottom of the source rectangle to the bottom of the result rectangle.", "var_name": "bottom"}, {"var_type": "CGFloat", "var_description": "The distance from the left side of the source rectangle to the left side of the result rectangle.", "var_name": "left"}, {"var_type": "CGFloat", "var_description": "The distance from the right side of the source rectangle to the right side of the result rectangle.", "var_name": "right"}, {"var_type": "CGFloat", "var_description": "The distance from the top of the source rectangle to the top of the result rectangle.", "var_name": "top"}, {"var_type": "NSEdgeInsets", "var_description": "", "var_name": "NSEdgeInsetsZero"}], "interface_list": [], "package_name": "foundation", "subclass_list": [], "class_name": "NSEdgeInsets", "class_description": "Edge insets describe the distance between the edges of one rectangle to a related rectangle that can be described by measuring a constant but edge-specific distance from each edge.\nA common use for this structure is to describe the relationship between a view\u2019s frame and its alignment rectangle.\n", "class_inherit_list": []}