{"Methods": [{"params": [{"param_description": "", "param_name": ["rawValue"], "param_type": "UInt"}], "method_name": "init", "is_static": false, "class_name": "NSEnumerationOptions", "method_description": "", "return_value": {"return_name": [], "return_description": [], "return_type": []}}], "Vars": [{"var_type": "NSEnumerationOptions", "var_description": "Specifies that the Block enumeration should be concurrent.", "var_name": "concurrent"}, {"var_type": "NSEnumerationOptions", "var_description": "Specifies that the enumeration should be performed in reverse.", "var_name": "reverse"}], "interface_list": ["OptionSet"], "package_name": "foundation", "subclass_list": [], "class_name": "NSEnumerationOptions", "class_description": "", "class_inherit_list": []}