{"Methods": [{"params": [{"param_description": "The error object to return. It must be non-nil.", "param_name": ["withError", "error"], "param_type": "Error"}], "method_name": "cancelRequest", "is_static": false, "class_name": "NSExtensionContext", "method_description": "Tells the host app to cancel the app extension request, with a supplied error.", "return_value": {"return_name": [], "return_description": [], "return_type": []}}, {"params": [{"param_description": "An array of result items, each an NSExtensionItem object, to return to the host app.", "param_name": ["returningItems", "items"], "param_type": "[Any]"}, {"param_description": "An optional block to be called when the request completes, performed as a background priority task.The block takes the following parameter:expiredA Boolean value that indicates whether the system is terminating a previous invocation of the completionHandler block.This parameter is true when the system prematurely terminates a completionHandler block that was previously invoked and had not otherwise expired.ImportantIf the system calls your block with an expired value of true, you must immediately suspend your app extension. If you fail to do this, the system terminates your extension\u2019s process.When your app extension exits, all concurrent requests being handled by the extension, serving the same or other host apps, are terminated.", "param_name": ["completionHandler"], "param_type": "((Bool) -> Void) = nil"}], "method_name": "completeRequest", "is_static": false, "class_name": "NSExtensionContext", "method_description": "Tells the host app to complete the app extension request with an array of result items.", "return_value": {"return_name": [""], "return_description": [], "return_type": ["Void = nil"]}}, {"params": [{"param_description": "The URL to open.", "param_name": ["URL"], "param_type": "URL"}, {"param_description": "A closure to be called when the URL has opened.The closure takes a single parameter, a Boolean value that indicates whether the open operation was successful.", "param_name": ["completionHandler"], "param_type": "((Bool) -> Void) = nil"}], "method_name": "open", "is_static": false, "class_name": "NSExtensionContext", "method_description": "Asks the system to open a URL on behalf of the currently running app extension.", "return_value": {"return_name": [""], "return_description": [], "return_type": ["Void = nil"]}}, {"params": [{"param_description": "The active display mode of the widget. For possible values, see .", "param_name": ["for", "displayMode"], "param_type": "NCWidgetDisplayMode"}], "method_name": "widgetMaximumSize", "is_static": false, "class_name": "NSExtensionContext", "method_description": "Returns the maximum size for the specified widget display mode.", "return_value": {"return_name": [""], "return_description": [], "return_type": ["CGSize"]}}, {"params": [], "method_name": "mediaPlayingStarted", "is_static": false, "class_name": "NSExtensionContext", "method_description": "Tells the system that the Notification Content app extension began playing a media file.", "return_value": {"return_name": [], "return_description": [], "return_type": []}}, {"params": [], "method_name": "mediaPlayingPaused", "is_static": false, "class_name": "NSExtensionContext", "method_description": "Tells the system that the Notification Content app extension stopped playing a media file. ", "return_value": {"return_name": [], "return_description": [], "return_type": []}}, {"params": [], "method_name": "interfaceParametersDescription", "is_static": false, "class_name": "NSExtensionContext", "method_description": "Returns a human-readable string describing the data that SiriKit displays to the user when you handle an intent. ", "return_value": {"return_name": [""], "return_description": [], "return_type": ["String"]}}, {"params": [{"param_description": "", "param_name": ["withBroadcast", "broadcastURL"], "param_type": "URL"}, {"param_description": "", "param_name": ["broadcastConfiguration"], "param_type": "RPBroadcastConfiguration"}, {"param_description": "", "param_name": ["setupInfo"], "param_type": "[String"}, {"param_description": "", "param_name": ["[String"], "param_type": "NSCoding & NSObjectProtocol]"}], "method_name": "completeRequest", "is_static": false, "class_name": "NSExtensionContext", "method_description": "", "return_value": {"return_name": [], "return_description": [], "return_type": []}}, {"params": [{"param_description": "", "param_name": ["withBroadcast", "broadcastURL"], "param_type": "URL"}, {"param_description": "", "param_name": ["setupInfo"], "param_type": "[String"}, {"param_description": "", "param_name": ["[String"], "param_type": "NSCoding & NSObjectProtocol]"}], "method_name": "completeRequest", "is_static": false, "class_name": "NSExtensionContext", "method_description": "", "return_value": {"return_name": [], "return_description": [], "return_type": []}}, {"params": [], "method_name": "dismissNotificationContentExtension", "is_static": false, "class_name": "NSExtensionContext", "method_description": "", "return_value": {"return_name": [], "return_description": [], "return_type": []}}, {"params": [{"param_description": "", "param_name": ["completion", "handler"], "param_type": "@escaping (String, String, UIImage) -> Void"}], "method_name": "loadBroadcastingApplicationInfo", "is_static": false, "class_name": "NSExtensionContext", "method_description": "", "return_value": {"return_name": [""], "return_description": [], "return_type": ["Void"]}}, {"params": [], "method_name": "performNotificationDefaultAction", "is_static": false, "class_name": "NSExtensionContext", "method_description": "", "return_value": {"return_name": [], "return_description": [], "return_type": []}}], "Vars": [{"var_type": "NCWidgetDisplayMode", "var_description": "The largest display mode the widget supports.", "var_name": "widgetLargestAvailableDisplayMode"}, {"var_type": "NCWidgetDisplayMode", "var_description": "The active display mode of the widget.", "var_name": "widgetActiveDisplayMode"}, {"var_type": "[Any]", "var_description": "The list of input NSExtensionItem objects associated with the context.", "var_name": "inputItems"}, {"var_type": "CGSize", "var_description": "The minimum size for a Siri hosted view.", "var_name": "hostedViewMinimumAllowedSize"}, {"var_type": "CGSize", "var_description": "The maximum size for a Siri hosted view.", "var_name": "hostedViewMaximumAllowedSize"}, {"var_type": "String", "var_description": "", "var_name": "NSExtensionItemsAndErrorsKey"}, {"var_type": "NSNotification.Name", "var_description": "Posted when the extension\u2019s host app moves from the inactive to the active state.", "var_name": "NSExtensionHostDidBecomeActive"}, {"var_type": "NSNotification.Name", "var_description": "Posted when the extension\u2019s host app moves from the active to the inactive state.", "var_name": "NSExtensionHostWillResignActive"}, {"var_type": "NSNotification.Name", "var_description": "Posted when the extension\u2019s host app begins running in the background.", "var_name": "NSExtensionHostDidEnterBackground"}, {"var_type": "NSNotification.Name", "var_description": "Posted when the extension\u2019s host app begins running in the foreground.", "var_name": "NSExtensionHostWillEnterForeground"}, {"var_type": "[UNNotificationAction]", "var_description": "", "var_name": "notificationActions"}], "interface_list": ["CVarArg", "Equatable", "Hashable"], "package_name": "foundation", "subclass_list": [], "class_name": "NSExtensionContext", "class_description": "When a host app sends a request to an app extension, it provides an extension context. For many app extensions, the most important part of the context is the data the user wants to work with, which is contained in the inputItems property.\n", "class_inherit_list": ["NSObject"]}