{"Methods": [{"params": [{"param_description": "", "param_name": ["rawValue"], "param_type": "String"}], "method_name": "init", "is_static": false, "class_name": "NSExceptionName", "method_description": "", "return_value": {"return_name": [], "return_description": [], "return_type": []}}, {"params": [{"param_description": "", "param_name": ["rawValue"], "param_type": "String"}], "method_name": "init", "is_static": false, "class_name": "NSExceptionName", "method_description": "", "return_value": {"return_name": [], "return_description": [], "return_type": []}}], "Vars": [{"var_type": "NSExceptionName", "var_description": "NSString raises an NSCharacterConversionException if a string cannot be represented in a file-system or string encoding.", "var_name": "characterConversionException"}, {"var_type": "NSExceptionName", "var_description": "The exception raised on divide by zero.", "var_name": "decimalNumberDivideByZeroException"}, {"var_type": "NSExceptionName", "var_description": "The exception raised if there is an exactness error.", "var_name": "decimalNumberExactnessException"}, {"var_type": "NSExceptionName", "var_description": "The exception raised on overflow.", "var_name": "decimalNumberOverflowException"}, {"var_type": "NSExceptionName", "var_description": "The exception raised on underflow.", "var_name": "decimalNumberUnderflowException"}, {"var_type": "NSExceptionName", "var_description": "Name of an exception that occurs when an internal assertion fails and implies an unexpected condition within the distributed objects.", "var_name": "destinationInvalidException"}, {"var_type": "NSExceptionName", "var_description": "Raised by NSFileHandle if attempts to determine file-handle type fail or if attempts to read from a file or channel fail.", "var_name": "fileHandleOperationException"}, {"var_type": "NSExceptionName", "var_description": "A generic name for an exception.", "var_name": "genericException"}, {"var_type": "NSExceptionName", "var_description": "Name of an exception that occurs when an internal assertion fails and implies an unexpected condition within the called code.", "var_name": "internalInconsistencyException"}, {"var_type": "NSExceptionName", "var_description": "The name of the exception raised by NSKeyedArchiver if there is a problem creating an archive.", "var_name": "invalidArchiveOperationException"}, {"var_type": "NSExceptionName", "var_description": "Name of an exception that occurs when you pass an invalid argument to a method, such as a nil pointer where a non-nil object is required.", "var_name": "invalidArgumentException"}, {"var_type": "NSExceptionName", "var_description": "Name of an exception that occurs when the receive port of an NSConnection has become invalid. ", "var_name": "invalidReceivePortException"}, {"var_type": "NSExceptionName", "var_description": "Name of an exception that occurs when the send port of an NSConnection has become invalid.", "var_name": "invalidSendPortException"}, {"var_type": "NSExceptionName", "var_description": "The name of the exception raised by NSKeyedArchiver if there is a problem extracting an archive.", "var_name": "invalidUnarchiveOperationException"}, {"var_type": "NSExceptionName", "var_description": "The name of the exception raised if the result method is called after the operation was cancelled. ", "var_name": "invocationOperationCancelledException"}, {"var_type": "NSExceptionName", "var_description": "The name of the exception raised if the result method is called for an invocation method with a void return type. ", "var_name": "invocationOperationVoidResultException"}, {"var_type": "NSExceptionName", "var_description": "Obsolete; not currently used.", "var_name": "mallocException"}, {"var_type": "NSExceptionName", "var_description": "Name of an exception that occurs when a remote object is accessed from a thread that should not access it. ", "var_name": "objectInaccessibleException"}, {"var_type": "NSExceptionName", "var_description": "Name of an exception that occurs when the remote side of the NSConnection refused to send the message to the object because the object has never been vended.", "var_name": "objectNotAvailableException"}, {"var_type": "NSExceptionName", "var_description": "No longer used.", "var_name": "oldStyleException"}, {"var_type": "NSExceptionName", "var_description": "NSString raises an NSParseErrorException if a string cannot be parsed as a property list.", "var_name": "parseErrorException"}, {"var_type": "NSExceptionName", "var_description": "Generic error occurred on receive. ", "var_name": "portReceiveException"}, {"var_type": "NSExceptionName", "var_description": "Generic error occurred on send. ", "var_name": "portSendException"}, {"var_type": "NSExceptionName", "var_description": "Name of an exception that occurs when a timeout set on a port expires during a send or receive operation. ", "var_name": "portTimeoutException"}, {"var_type": "NSExceptionName", "var_description": "Name of an exception that occurs when attempting to access outside the bounds of some data, such as beyond the end of a string.", "var_name": "rangeException"}, {"var_type": "NSExceptionName", "var_description": "Raised when a key value coding operation fails. userInfo keys are described in NSUndefinedKeyException userInfo Keys", "var_name": "undefinedKeyException"}, {"var_type": "NSExceptionName", "var_description": "The name of an exception raised by NSArchiver if there are problems initializing or encoding.", "var_name": "inconsistentArchiveException"}, {"var_type": "NSExceptionName", "var_description": "", "var_name": "NSPPDIncludeNotFoundException"}, {"var_type": "NSExceptionName", "var_description": "", "var_name": "NSPPDIncludeStackOverflowException"}, {"var_type": "NSExceptionName", "var_description": "", "var_name": "NSPPDIncludeStackUnderflowException"}, {"var_type": "NSExceptionName", "var_description": "", "var_name": "NSPPDParseException"}, {"var_type": "NSExceptionName", "var_description": "", "var_name": "NSRTFPropertyStackOverflowException"}, {"var_type": "NSExceptionName", "var_description": "", "var_name": "NSTIFFException"}, {"var_type": "NSExceptionName", "var_description": "", "var_name": "abortModalException"}, {"var_type": "NSExceptionName", "var_description": "", "var_name": "abortPrintingException"}, {"var_type": "NSExceptionName", "var_description": "", "var_name": "accessibilityException"}, {"var_type": "NSExceptionName", "var_description": "", "var_name": "appKitIgnoredException"}, {"var_type": "NSExceptionName", "var_description": "", "var_name": "appKitVirtualMemoryException"}, {"var_type": "NSExceptionName", "var_description": "", "var_name": "badBitmapParametersException"}, {"var_type": "NSExceptionName", "var_description": "", "var_name": "badComparisonException"}, {"var_type": "NSExceptionName", "var_description": "", "var_name": "badRTFColorTableException"}, {"var_type": "NSExceptionName", "var_description": "", "var_name": "badRTFDirectiveException"}, {"var_type": "NSExceptionName", "var_description": "", "var_name": "badRTFFontTableException"}, {"var_type": "NSExceptionName", "var_description": "", "var_name": "badRTFStyleSheetException"}, {"var_type": "NSExceptionName", "var_description": "", "var_name": "browserIllegalDelegateException"}, {"var_type": "NSExceptionName", "var_description": "", "var_name": "colorListIOException"}, {"var_type": "NSExceptionName", "var_description": "", "var_name": "colorListNotEditableException"}, {"var_type": "NSExceptionName", "var_description": "", "var_name": "draggingException"}, {"var_type": "NSExceptionName", "var_description": "", "var_name": "fontUnavailableException"}, {"var_type": "NSExceptionName", "var_description": "", "var_name": "illegalSelectorException"}, {"var_type": "NSExceptionName", "var_description": "", "var_name": "imageCacheException"}, {"var_type": "NSExceptionName", "var_description": "", "var_name": "nibLoadingException"}, {"var_type": "NSExceptionName", "var_description": "", "var_name": "pasteboardCommunicationException"}, {"var_type": "NSExceptionName", "var_description": "The name of an exception raised when there is already a print operation in process.", "var_name": "printOperationExistsException"}, {"var_type": "NSExceptionName", "var_description": "", "var_name": "printPackageException"}, {"var_type": "NSExceptionName", "var_description": "", "var_name": "printingCommunicationException"}, {"var_type": "NSExceptionName", "var_description": "Exception generated if a line is too long in a NSText object.", "var_name": "textLineTooLongException"}, {"var_type": "NSExceptionName", "var_description": "", "var_name": "textNoSelectionException"}, {"var_type": "NSExceptionName", "var_description": "", "var_name": "textReadException"}, {"var_type": "NSExceptionName", "var_description": "", "var_name": "textWriteException"}, {"var_type": "NSExceptionName", "var_description": "", "var_name": "typedStreamVersionException"}, {"var_type": "NSExceptionName", "var_description": "", "var_name": "windowServerCommunicationException"}, {"var_type": "NSExceptionName", "var_description": "", "var_name": "wordTablesReadException"}, {"var_type": "NSExceptionName", "var_description": "", "var_name": "wordTablesWriteException"}, {"var_type": "NSExceptionName", "var_description": "Raised if the view controller hierarchy is inconsistent with the view hierarchy.", "var_name": "hierarchyInconsistencyException"}, {"var_type": "NSExceptionName", "var_description": "This exception is thrown if a view controller or the app returns 0 instead of a valid set of supported interface orientation values. It is also thrown if the orientation returned by a view controller\u2019s preferredInterfaceOrientationForPresentation method does not match one of the view controller\u2019s supported orientations.", "var_name": "invalidInterfaceOrientationException"}], "interface_list": ["Equatable", "Hashable", "RawRepresentable"], "package_name": "foundation", "subclass_list": [], "class_name": "NSExceptionName", "class_description": "", "class_inherit_list": []}