{"Methods": [{"params": [], "method_name": "init", "is_static": false, "class_name": "NSFastEnumerationState", "method_description": "", "return_value": {"return_name": [], "return_description": [], "return_type": []}}, {"params": [{"param_description": "", "param_name": ["state"], "param_type": "UInt"}, {"param_description": "", "param_name": ["itemsPtr"], "param_type": "AutoreleasingUnsafeMutablePointer<AnyObject>"}, {"param_description": "", "param_name": ["mutationsPtr"], "param_type": "UnsafeMutablePointer<UInt>"}, {"param_description": "", "param_name": ["extra"], "param_type": "(UInt, UInt, UInt, UInt, UInt)"}], "method_name": "init", "is_static": false, "class_name": "NSFastEnumerationState", "method_description": "", "return_value": {"return_name": [], "return_description": [], "return_type": []}}], "Vars": [{"var_type": "(UInt,", "var_description": "A C array that you can use to hold returned values.", "var_name": "extra"}, {"var_type": "AutoreleasingUnsafeMutablePointer<AnyObject>", "var_description": "A C array of objects.", "var_name": "itemsPtr"}, {"var_type": "UnsafeMutablePointer<UInt>", "var_description": "Arbitrary state information used to detect whether the collection has been mutated.", "var_name": "mutationsPtr"}, {"var_type": "UInt", "var_description": "Arbitrary state information used by the iterator. Typically this is set to 0 at the beginning of the iteration.", "var_name": "state"}], "interface_list": [], "package_name": "foundation", "subclass_list": [], "class_name": "NSFastEnumerationState", "class_description": "For more information, see countByEnumerating(with:objects:count:).\n", "class_inherit_list": []}