{"Methods": [{"params": [{"param_description": "Context information that is used in the enumeration to, in addition to other possibilities, ensure that the collection has not been mutated.", "param_name": ["with", "state"], "param_type": "UnsafeMutablePointer<NSFastEnumerationState>"}, {"param_description": "", "param_name": ["objects", "buffer"], "param_type": "AutoreleasingUnsafeMutablePointer<AnyObject>"}, {"param_description": "The maximum number of objects to return in stackbuf.", "param_name": ["count", "len"], "param_type": "Int"}], "method_name": "countByEnumerating", "is_static": false, "class_name": "NSFastEnumeration", "method_description": "Returns by reference a C array of objects over which the sender should iterate, and as the return value the number of objects in the array.Required.", "return_value": {"return_name": [""], "return_description": ["The number of objects returned in stackbuf. Returns 0 when the iteration is finished."], "return_type": ["Int"]}}], "Vars": [], "interface_list": [], "package_name": "foundation", "subclass_list": ["MDLObjectContainerComponent"], "class_name": "NSFastEnumeration", "class_description": "The abstract class NSEnumerator provides a convenience implementation that uses nextObject() to return items one at a time.\n", "class_inherit_list": []}