{"Methods": [{"params": [{"param_description": "", "param_name": ["coder", "aDecoder"], "param_type": "NSCoder"}], "method_name": "init", "is_static": false, "class_name": "NSFileSecurity", "method_description": "", "return_value": {"return_name": [], "return_description": [], "return_type": []}}], "Vars": [], "interface_list": ["CVarArg", "Equatable", "Hashable", "NSCopying", "NSSecureCoding"], "package_name": "foundation", "subclass_list": [], "class_name": "NSFileSecurity", "class_description": "NSFileSecurity contains no methods of its own. Instead, it is transparently bridged to CFFileSecurity.\n", "class_inherit_list": ["NSObject"]}