{"Methods": [{"params": [{"param_description": "", "param_name": ["rawValue"], "param_type": "UInt"}], "method_name": "init", "is_static": false, "class_name": "NSFileCoordinator.WritingOptions", "method_description": "Instantiates a writing option using an unsigned integer.", "return_value": {"return_name": [], "return_description": [], "return_type": []}}], "Vars": [{"var_type": "NSFileCoordinator.WritingOptions", "var_description": "", "var_name": "forDeleting"}, {"var_type": "NSFileCoordinator.WritingOptions", "var_description": "", "var_name": "forMoving"}, {"var_type": "NSFileCoordinator.WritingOptions", "var_description": "", "var_name": "forMerging"}, {"var_type": "NSFileCoordinator.WritingOptions", "var_description": "", "var_name": "forReplacing"}, {"var_type": "NSFileCoordinator.WritingOptions", "var_description": "Select this option when writing to change the file\u2019s metadata only and not its contents.", "var_name": "contentIndependentMetadataOnly"}], "interface_list": ["OptionSet"], "package_name": "foundation", "subclass_list": [], "class_name": "NSFileCoordinator.WritingOptions", "class_description": "You must specify only one constant at a time for a given write operation.\n", "class_inherit_list": []}