{"Methods": [{"params": [{"param_description": "The URL of the document you intend to read from.", "param_name": ["with", "url"], "param_type": "URL"}, {"param_description": "The coordinated reading options. For a list of valid values, see NSFileCoordinator.ReadingOptions in the NSFileCoordinator.", "param_name": ["options"], "param_type": "NSFileCoordinator.ReadingOptions = []"}], "method_name": "readingIntent", "is_static": false, "class_name": "NSFileAccessIntent", "method_description": "Returns a file access intent object for reading the given URL with the provided options.", "return_value": {"return_name": [""], "return_description": ["A newly instantiated and configured file access intent object."], "return_type": ["Self"]}}, {"params": [{"param_description": "The URL of the document you intend to write to.", "param_name": ["with", "url"], "param_type": "URL"}, {"param_description": "The coordinated writing options. For a list of valid values, see NSFileCoordinator.WritingOptions in the NSFileCoordinator.", "param_name": ["options"], "param_type": "NSFileCoordinator.WritingOptions = []"}], "method_name": "writingIntent", "is_static": false, "class_name": "NSFileAccessIntent", "method_description": "Returns a file access intent object for writing to the given URL with the provided options.", "return_value": {"return_name": [""], "return_description": ["A newly instantiated and configured file access intent object."], "return_type": ["Self"]}}], "Vars": [{"var_type": "URL", "var_description": "The current URL for the item managed by the file access intent instance. (read-only)", "var_name": "url"}], "interface_list": ["CVarArg", "Equatable", "Hashable"], "package_name": "foundation", "subclass_list": [], "class_name": "NSFileAccessIntent", "class_description": "Use this class when performing asynchronous operations with a file coordinator using the coordinator\u2019s coordinate(with:queue:byAccessor:) method.\n", "class_inherit_list": ["NSObject"]}