{"Methods": [{"params": [{"param_description": "", "param_name": ["rawValue"], "param_type": "UInt"}], "method_name": "init", "is_static": false, "class_name": "NSFileCoordinator.ReadingOptions", "method_description": "Instantiates a reading option using an unsigned integer.", "return_value": {"return_name": [], "return_description": [], "return_type": []}}], "Vars": [{"var_type": "NSFileCoordinator.ReadingOptions", "var_description": "", "var_name": "withoutChanges"}, {"var_type": "NSFileCoordinator.ReadingOptions", "var_description": "", "var_name": "resolvesSymbolicLink"}, {"var_type": "NSFileCoordinator.ReadingOptions", "var_description": "Specify this constant if you want to read an item\u2019s metadata without triggering a download.", "var_name": "immediatelyAvailableMetadataOnly"}, {"var_type": "NSFileCoordinator.ReadingOptions", "var_description": "Specify this content when reading an item for the purpose of uploading its contents. ", "var_name": "forUploading"}], "interface_list": ["OptionSet"], "package_name": "foundation", "subclass_list": [], "class_name": "NSFileCoordinator.ReadingOptions", "class_description": "", "class_inherit_list": []}