{"Methods": [{"params": [], "method_name": "init", "is_static": false, "class_name": "NSHashEnumerator", "method_description": "", "return_value": {"return_name": [], "return_description": [], "return_type": []}}, {"params": [{"param_description": "", "param_name": ["pi"], "param_type": "Int"}, {"param_description": "", "param_name": ["si"], "param_type": "Int"}, {"param_description": "", "param_name": ["bs"], "param_type": "UnsafeMutableRawPointer"}], "method_name": "init", "is_static": false, "class_name": "NSHashEnumerator", "method_description": "", "return_value": {"return_name": [], "return_description": [], "return_type": []}}], "Vars": [], "interface_list": [], "package_name": "foundation", "subclass_list": [], "class_name": "NSHashEnumerator", "class_description": "The fields of NSHashEnumerator are private.\n", "class_inherit_list": []}