{"Methods": [{"params": [{"param_description": "An index. Must be in the range 0 .. NSNotFound - 1.", "param_name": ["index", "value"], "param_type": "Int"}], "method_name": "init", "is_static": false, "class_name": "NSIndexSet", "method_description": "Initializes an allocated NSIndexSet object with an index.", "return_value": {"return_name": [], "return_description": ["Initialized NSIndexSet object with index."], "return_type": []}}, {"params": [{"param_description": "", "param_name": ["indexesIn", "range"], "param_type": "NSRange"}], "method_name": "init", "is_static": false, "class_name": "NSIndexSet", "method_description": "Initializes an allocated NSIndexSet object with an index range.", "return_value": {"return_name": [], "return_description": ["Initialized NSIndexSet object with indexRange."], "return_type": []}}, {"params": [{"param_description": "An index set.", "param_name": ["indexSet"], "param_type": "IndexSet"}], "method_name": "init", "is_static": false, "class_name": "NSIndexSet", "method_description": "Initializes an allocated NSIndexSet object with an index set.", "return_value": {"return_name": [], "return_description": ["Initialized NSIndexSet object with indexSet."], "return_type": []}}, {"params": [{"param_description": "", "param_name": ["value"], "param_type": "Int"}], "method_name": "contains", "is_static": false, "class_name": "NSIndexSet", "method_description": "Indicates whether the index set contains a specific index.", "return_value": {"return_name": [""], "return_description": ["true when the index set contains index, false otherwise."], "return_type": ["Bool"]}}, {"params": [{"param_description": "Index set being inquired about.", "param_name": ["indexSet"], "param_type": "IndexSet"}], "method_name": "contains", "is_static": false, "class_name": "NSIndexSet", "method_description": "Indicates whether the receiving index set contains a superset of the indexes in another index set.", "return_value": {"return_name": [""], "return_description": ["true when the receiving index set contains a superset of the indexes in indexSet, false otherwise."], "return_type": ["Bool"]}}, {"params": [{"param_description": "", "param_name": ["in", "range"], "param_type": "NSRange"}], "method_name": "contains", "is_static": false, "class_name": "NSIndexSet", "method_description": "Indicates whether the index set contains the indexes represented by an index range.", "return_value": {"return_name": [""], "return_description": ["true when the index set contains the indexes in indexRange, false otherwise."], "return_type": ["Bool"]}}, {"params": [{"param_description": "", "param_name": ["in", "range"], "param_type": "NSRange"}], "method_name": "intersects", "is_static": false, "class_name": "NSIndexSet", "method_description": "Indicates whether the index set contains any of the indexes in a range.", "return_value": {"return_name": [""], "return_description": ["true when the index set contains one or more of the indexes in indexRange, false otherwise."], "return_type": ["Bool"]}}, {"params": [{"param_description": "", "param_name": ["in", "range"], "param_type": "NSRange"}], "method_name": "countOfIndexes", "is_static": false, "class_name": "NSIndexSet", "method_description": "Returns the number of indexes in the index set that are members of a given range.", "return_value": {"return_name": [""], "return_description": ["Number of indexes in the index set that are members of indexRange."], "return_type": ["Int"]}}, {"params": [{"param_description": "The Block to apply to elements in the set.The Block takes two arguments:idxThe index of the object.stopA reference to a Boolean value. The block can set the value to true to stop further processing of the set. The stop argument is an out-only argument. You should only ever set this Boolean to YES within the Block.The Block returns a Boolean value that indicates whether obj passed the test.", "param_name": ["passingTest", "predicate"], "param_type": "(Int, UnsafeMutablePointer<ObjCBool>) -> Bool"}], "method_name": "index", "is_static": false, "class_name": "NSIndexSet", "method_description": "Returns the index of the first object that passes the predicate Block test.", "return_value": {"return_name": [""], "return_description": ["The index of the first object that passes the predicate test."], "return_type": ["Int"]}}, {"params": [{"param_description": "The Block to apply to elements in the set.The Block takes two arguments:idxThe index of the object.stopA reference to a Boolean value. The block can set the value to true to stop further processing of the set. The stop argument is an out-only argument. You should only ever set this Boolean to YES within the Block.The Block returns a Boolean value that indicates whether obj passed the test.", "param_name": ["passingTest", "predicate"], "param_type": "(Int, UnsafeMutablePointer<ObjCBool>) -> Bool"}], "method_name": "indexes", "is_static": false, "class_name": "NSIndexSet", "method_description": "Returns an NSIndexSet containing the receiving index set\u2019s objects that pass the Block test.", "return_value": {"return_name": [""], "return_description": ["An NSIndexSet containing the indexes of the receiving index set that passed the predicate Block test."], "return_type": ["IndexSet"]}}, {"params": [{"param_description": "A bitmask that specifies the options for the enumeration (whether it should be performed concurrently and whether it should be performed in reverse order). See NSEnumerationOptions for the supported values.", "param_name": ["options", "opts"], "param_type": "NSEnumerationOptions"}, {"param_description": "The Block to apply to elements in the set.The Block takes two arguments:idxThe index of the object.stopA reference to a Boolean value. The block can set the value to true to stop further processing of the set. The stop argument is an out-only argument. You should only ever set this Boolean to YES within the Block.The Block returns a Boolean value that indicates whether obj passed the test.", "param_name": ["passingTest", "predicate"], "param_type": "(Int, UnsafeMutablePointer<ObjCBool>) -> Bool"}], "method_name": "index", "is_static": false, "class_name": "NSIndexSet", "method_description": "Returns the index of the first object that passes the predicate Block test using the specified enumeration options.", "return_value": {"return_name": [""], "return_description": ["The index of the first object that passes the predicate test."], "return_type": ["Int"]}}, {"params": [{"param_description": "A bitmask that specifies the options for the enumeration (whether it should be performed concurrently and whether it should be performed in reverse order). See NSEnumerationOptions for the supported values.", "param_name": ["options", "opts"], "param_type": "NSEnumerationOptions"}, {"param_description": "The Block to apply to elements in the set.The Block takes two arguments:idxThe index of the object.stopA reference to a Boolean value. The block can set the value to true to stop further processing of the set. The stop argument is an out-only argument. You should only ever set this Boolean to YES within the Block.The Block returns a Boolean value that indicates whether obj passed the test.", "param_name": ["passingTest", "predicate"], "param_type": "(Int, UnsafeMutablePointer<ObjCBool>) -> Bool"}], "method_name": "indexes", "is_static": false, "class_name": "NSIndexSet", "method_description": "Returns an NSIndexSet containing the receiving index set\u2019s objects that pass the Block test using the specified enumeration options.", "return_value": {"return_name": [""], "return_description": ["An NSIndexSet containing the indexes of the receiving index set that passed the predicate Block test."], "return_type": ["IndexSet"]}}, {"params": [{"param_description": "The range of indexes to test.", "param_name": ["in", "range"], "param_type": "NSRange"}, {"param_description": "A bitmask that specifies the options for the enumeration (whether it should be performed concurrently and whether it should be performed in reverse order). See NSEnumerationOptions for the supported values.", "param_name": ["options", "opts"], "param_type": "NSEnumerationOptions"}, {"param_description": "The Block to apply to elements in the set.The Block takes two arguments:idxThe index of the object.stopA reference to a Boolean value. The block can set the value to true to stop further processing of the set. The stop argument is an out-only argument. You should only ever set this Boolean to YES within the Block.The Block returns a Boolean value that indicates whether obj passed the test.", "param_name": ["passingTest", "predicate"], "param_type": "(Int, UnsafeMutablePointer<ObjCBool>) -> Bool"}], "method_name": "index", "is_static": false, "class_name": "NSIndexSet", "method_description": "Returns the index of the first object in the specified range that passes the predicate Block test.", "return_value": {"return_name": [""], "return_description": ["The index of the first object that passes the predicate test."], "return_type": ["Int"]}}, {"params": [{"param_description": "The range of indexes to test.", "param_name": ["in", "range"], "param_type": "NSRange"}, {"param_description": "A bitmask that specifies the options for the enumeration (whether it should be performed concurrently and whether it should be performed in reverse order). See NSEnumerationOptions for the supported values.", "param_name": ["options", "opts"], "param_type": "NSEnumerationOptions"}, {"param_description": "The Block to apply to elements in the set.The Block takes two arguments:idxThe index of the object.stopA reference to a Boolean value. The block can set the value to true to stop further processing of the set. The stop argument is an out-only argument. You should only ever set this Boolean to YES within the Block.The Block returns a Boolean value that indicates whether obj passed the test.", "param_name": ["passingTest", "predicate"], "param_type": "(Int, UnsafeMutablePointer<ObjCBool>) -> Bool"}], "method_name": "indexes", "is_static": false, "class_name": "NSIndexSet", "method_description": "Returns an NSIndexSet containing the receiving index set\u2019s objects in the specified range that pass the Block test.", "return_value": {"return_name": [""], "return_description": ["An NSIndexSet containing the indexes of the receiving index set that passed the predicate Block test."], "return_type": ["IndexSet"]}}, {"params": [{"param_description": "The range of items to enumerate. If the range intersects a range of the receiver's indexes, then that intersection will be passed to the block.", "param_name": ["in", "range"], "param_type": "NSRange"}, {"param_description": "A bitmask that specifies the NSEnumerationOptions for the enumeration.", "param_name": ["options", "opts"], "param_type": "NSEnumerationOptions"}, {"param_description": "The block to apply to elements in the index set.The block takes two arguments:rangeThe range of elements.stopA reference to a Boolean value. The block can set the value to true to stop further processing of the array. The stop argument is an out-only argument. You should only ever set this Boolean to true within the Block.", "param_name": ["using", "block"], "param_type": "(NSRange, UnsafeMutablePointer<ObjCBool>) -> Void"}], "method_name": "enumerateRanges", "is_static": false, "class_name": "NSIndexSet", "method_description": "Enumerates over the ranges in the range of objects using the block ", "return_value": {"return_name": [""], "return_description": [], "return_type": ["Void"]}}, {"params": [{"param_description": "The block to apply to elements in the index set.The block takes two arguments:rangeThe range of objects of the elements in the index set.stopA reference to a Boolean value. The block can set the value to true to stop further processing of the array. The stop argument is an out-only argument. You should only ever set this Boolean to true within the Block.", "param_name": ["block"], "param_type": "(NSRange, UnsafeMutablePointer<ObjCBool>) -> Void"}], "method_name": "enumerateRanges", "is_static": false, "class_name": "NSIndexSet", "method_description": "Executes a given block using each object in the index set, in the specified ranges.", "return_value": {"return_name": [""], "return_description": [], "return_type": ["Void"]}}, {"params": [{"param_description": "A bitmask that specifies the NSEnumerationOptions for the enumeration (whether it should be performed concurrently and whether it should be performed in reverse order).", "param_name": ["options", "opts"], "param_type": "NSEnumerationOptions"}, {"param_description": "The block to apply to elements in the index set.The block takes two arguments:rangeThe range of objects of the elements in the index set.stopA reference to a Boolean value. The block can set the value to true to stop further processing of the array. The stop argument is an out-only argument. You should only ever set this Boolean to true within the Block.", "param_name": ["using", "block"], "param_type": "(NSRange, UnsafeMutablePointer<ObjCBool>) -> Void"}], "method_name": "enumerateRanges", "is_static": false, "class_name": "NSIndexSet", "method_description": "Executes a given block using each object in the index set, in the specified ranges.", "return_value": {"return_name": [""], "return_description": [], "return_type": ["Void"]}}, {"params": [{"param_description": "Index set being inquired about.", "param_name": ["to", "indexSet"], "param_type": "IndexSet"}], "method_name": "isEqual", "is_static": false, "class_name": "NSIndexSet", "method_description": "Indicates whether the indexes in the receiving index set are the same indexes contained in another index set.", "return_value": {"return_name": [""], "return_description": ["true when the indexes in the receiving index set are the same indexes indexSet contains, false otherwise."], "return_type": ["Bool"]}}, {"params": [{"param_description": "", "param_name": ["value"], "param_type": "Int"}], "method_name": "indexLessThanIndex", "is_static": false, "class_name": "NSIndexSet", "method_description": "Returns either the closest index in the index set that is less than a specific index or the not-found indicator.", "return_value": {"return_name": [""], "return_description": ["Closest index in the index set less than index; NSNotFound when the index set contains no qualifying index."], "return_type": ["Int"]}}, {"params": [{"param_description": "", "param_name": ["to", "value"], "param_type": "Int"}], "method_name": "indexLessThanOrEqual", "is_static": false, "class_name": "NSIndexSet", "method_description": "Returns either the closest index in the index set that is less than or equal to a specific index or the not-found indicator.", "return_value": {"return_name": [""], "return_description": ["Closest index in the index set less than or equal to index; NSNotFound when the index set contains no qualifying index."], "return_type": ["Int"]}}, {"params": [{"param_description": "", "param_name": ["to", "value"], "param_type": "Int"}], "method_name": "indexGreaterThanOrEqual", "is_static": false, "class_name": "NSIndexSet", "method_description": "Returns either the closest index in the index set that is greater than or equal to a specific index or the not-found indicator.", "return_value": {"return_name": [""], "return_description": ["Closest index in the index set greater than or equal to index; NSNotFound when the index set contains no qualifying index."], "return_type": ["Int"]}}, {"params": [{"param_description": "", "param_name": ["value"], "param_type": "Int"}], "method_name": "indexGreaterThanIndex", "is_static": false, "class_name": "NSIndexSet", "method_description": "Returns either the closest index in the index set that is greater than a specific index or the not-found indicator.", "return_value": {"return_name": [""], "return_description": ["Closest index in the index set greater than index; NSNotFound when the index set contains no qualifying index."], "return_type": ["Int"]}}, {"params": [{"param_description": "Index buffer to fill.", "param_name": ["indexBuffer"], "param_type": "UnsafeMutablePointer<Int>"}, {"param_description": "Maximum size of indexBuffer.", "param_name": ["maxCount", "bufferSize"], "param_type": "Int"}, {"param_description": "", "param_name": ["inIndexRange", "range"], "param_type": "NSRangePointer"}], "method_name": "getIndexes", "is_static": false, "class_name": "NSIndexSet", "method_description": "The index set fills an index buffer with the indexes contained both in the index set and in an index range, returning the number of indexes copied.", "return_value": {"return_name": [""], "return_description": ["Number of indexes placed in indexBuffer."], "return_type": ["Int"]}}, {"params": [{"param_description": "The Block to apply to elements in the set.The Block takes two arguments:idxThe index of the object.stopA reference to a Boolean value. The block can set the value to true to stop further processing of the set. The stop argument is an out-only argument. You should only ever set this Boolean to YES within the Block.", "param_name": ["block"], "param_type": "(Int, UnsafeMutablePointer<ObjCBool>) -> Void"}], "method_name": "enumerate", "is_static": false, "class_name": "NSIndexSet", "method_description": "Executes a given Block using each object in the index set.", "return_value": {"return_name": [""], "return_description": [], "return_type": ["Void"]}}, {"params": [{"param_description": "A bitmask that specifies the options for the enumeration (whether it should be performed concurrently and whether it should be performed in reverse order). See NSEnumerationOptions for the supported values.", "param_name": ["options", "opts"], "param_type": "NSEnumerationOptions"}, {"param_description": "The Block to apply to elements in the set.The Block takes two arguments:idxThe index of the object.stopA reference to a Boolean value. The block can set the value to true to stop further processing of the set. The stop argument is an out-only argument. You should only ever set this Boolean to YES within the Block.", "param_name": ["using", "block"], "param_type": "(Int, UnsafeMutablePointer<ObjCBool>) -> Void"}], "method_name": "enumerate", "is_static": false, "class_name": "NSIndexSet", "method_description": "Executes a given Block over the index set\u2019s indexes, using the specified enumeration options.", "return_value": {"return_name": [""], "return_description": [], "return_type": ["Void"]}}, {"params": [{"param_description": "The range to enumerate.", "param_name": ["in", "range"], "param_type": "NSRange"}, {"param_description": "A bitmask that specifies the options for the enumeration (whether it should be performed concurrently and whether it should be performed in reverse order). See NSEnumerationOptions for the supported values.", "param_name": ["options", "opts"], "param_type": "NSEnumerationOptions"}, {"param_description": "The Block to apply to elements in the set.The Block takes two arguments:idxThe index of the object.stopA reference to a Boolean value. The block can set the value to true to stop further processing of the set. The stop argument is an out-only argument. You should only ever set this Boolean to YES within the Block.", "param_name": ["using", "block"], "param_type": "(Int, UnsafeMutablePointer<ObjCBool>) -> Void"}], "method_name": "enumerate", "is_static": false, "class_name": "NSIndexSet", "method_description": "Executes a given Block using the indexes in the specified range, using the specified enumeration options. ", "return_value": {"return_name": [""], "return_description": [], "return_type": ["Void"]}}, {"params": [], "method_name": "makeIterator", "is_static": false, "class_name": "NSIndexSet", "method_description": "Returns an iterator over the elements of this sequence.", "return_value": {"return_name": [""], "return_description": [], "return_type": ["NSIndexSetIterator"]}}, {"params": [{"param_description": "", "param_name": ["at", "rangeIndex"], "param_type": "Int"}], "method_name": "range", "is_static": false, "class_name": "NSIndexSet", "method_description": "", "return_value": {"return_name": [""], "return_description": [], "return_type": ["NSRange"]}}, {"params": [], "method_name": "rangeCount", "is_static": false, "class_name": "NSIndexSet", "method_description": "", "return_value": {"return_name": [""], "return_description": [], "return_type": ["Int"]}}], "Vars": [{"var_type": "Int", "var_description": "The number of indexes in the index set.", "var_name": "count"}, {"var_type": "Int", "var_description": "The first index in the index set.", "var_name": "firstIndex"}, {"var_type": "Int", "var_description": "The last index in the index set.", "var_name": "lastIndex"}], "interface_list": ["CVarArg", "Equatable", "Hashable", "NSCopying", "NSMutableCopying", "NSSecureCoding", "Sequence"], "package_name": "foundation", "subclass_list": [], "class_name": "NSIndexSet", "class_description": "The NSIndexSet class represents an immutable collection of unique unsigned integers, known as indexes because of the way they are used. This collection is referred to as an index set. Indexes must be in the range 0 .. NSNotFound - 1.\nYou use index sets in your code to store indexes into some other data structure. For example, given an NSArray object, you could use an index set to identify a subset of objects in that array.\nYou should not use index sets to store an arbitrary collection of integer values because index sets store indexes as sorted ranges. This makes them more efficient than storing a collection of individual integers. It also means that each index value can only appear once in the index set.\nThe designated initializers of the NSIndexSet class are: init, init(indexesIn:), and init(indexSet:).\nYou must not subclass the NSIndexSet class.\nThe mutable subclass of NSIndexSet is NSMutableIndexSet.\nImportant\nThe Swift overlay to the Foundation framework provides the IndexSet structure, which bridges to the NSIndexSet class and its mutable subclass, NSMutableIndexSet. For more information about value types, see Working with Cocoa Frameworks in Using Swift with Cocoa and Objective-C (Swift 4.1).\n", "class_inherit_list": ["NSObject"]}