{"Methods": [{"params": [{"param_description": "", "param_name": ["containerClassDescription", "classDesc"], "param_type": "NSScriptClassDescription"}, {"param_description": "Container of the collection.", "param_name": ["containerSpecifier", "container"], "param_type": "NSScriptObjectSpecifier"}, {"param_description": "", "param_name": ["key", "property"], "param_type": "String"}, {"param_description": "", "param_name": ["index"], "param_type": "Int"}], "method_name": "init", "is_static": false, "class_name": "NSIndexSpecifier", "method_description": "Initializes an allocated NSIndexSpecifier object with a class description, container specifier, collection key, and object index.", "return_value": {"return_name": [], "return_description": ["Initialized NSIndexSpecifier object with its index property set to objectIndex."], "return_type": []}}], "Vars": [{"var_type": "Int", "var_description": "Sets the value of the receiver\u2019s index property.", "var_name": "index"}], "interface_list": ["CVarArg", "Equatable", "Hashable"], "package_name": "foundation", "subclass_list": [], "class_name": "NSIndexSpecifier", "class_description": "The script terms first and front specify the object with index 0, while last specifies the object with index of count-1. A negative index indicates a location by counting backward from the last object in the collection.\nYou don\u2019t normally subclass NSIndexSpecifier.\n", "class_inherit_list": ["NSScriptObjectSpecifier"]}