{"Methods": [{"params": [{"param_description": "Index of the item in node 0 to point to.", "param_name": ["index"], "param_type": "Int"}], "method_name": "init", "is_static": false, "class_name": "NSIndexPath", "method_description": "Initializes an index path with a single node.", "return_value": {"return_name": [], "return_description": ["Initialized NSIndexPath object representing a one-node index path with index."], "return_type": []}}, {"params": [{"param_description": "Array of indexes to make up the index path.", "param_name": ["indexes"], "param_type": "UnsafePointer<Int>"}, {"param_description": "Number of nodes to include in the index path.", "param_name": ["length"], "param_type": "Int"}], "method_name": "init", "is_static": false, "class_name": "NSIndexPath", "method_description": "Initializes an index path with the given nodes and length.", "return_value": {"return_name": [], "return_description": ["Initialized NSIndexPath object with indexes up to length."], "return_type": []}}, {"params": [{"param_description": "An index number identifying a row in a UITableView object in a section identified by section.", "param_name": ["row"], "param_type": "Int"}, {"param_description": "An index number identifying a section in a UITableView object.", "param_name": ["section"], "param_type": "Int"}], "method_name": "init", "is_static": false, "class_name": "NSIndexPath", "method_description": "Initializes an index path with the indexes of a specific row and section in a table view.", "return_value": {"return_name": [], "return_description": ["An NSIndexPath object."], "return_type": []}}, {"params": [{"param_description": "An index number identifying an item in a UICollectionView object in a section identified by the section parameter.", "param_name": ["item"], "param_type": "Int"}, {"param_description": "An index number identifying a section in a UICollectionView object.", "param_name": ["section"], "param_type": "Int"}], "method_name": "init", "is_static": false, "class_name": "NSIndexPath", "method_description": "Initializes an index path with the indexes of a specific item and section in a collection view. ", "return_value": {"return_name": [], "return_description": ["An NSIndexPath object."], "return_type": []}}, {"params": [{"param_description": "Index to append to the index path\u2019s indexes.", "param_name": ["index"], "param_type": "Int"}], "method_name": "adding", "is_static": false, "class_name": "NSIndexPath", "method_description": "Returns an index path containing the nodes in the receiving index path plus another given index.", "return_value": {"return_name": [""], "return_description": ["A new index path containing the receiving index path\u2019s indexes and index."], "return_type": ["IndexPath"]}}, {"params": [], "method_name": "removingLastIndex", "is_static": false, "class_name": "NSIndexPath", "method_description": "Returns an index path with the nodes in the receiving index path, excluding the last one.", "return_value": {"return_name": [""], "return_description": ["A new index path with the receiving index path\u2019s indexes, excluding the last one."], "return_type": ["IndexPath"]}}, {"params": [{"param_description": "", "param_name": ["otherObject"], "param_type": "IndexPath"}], "method_name": "compare", "is_static": false, "class_name": "NSIndexPath", "method_description": "Indicates the depth-first traversal order of the receiving index path and another index path.", "return_value": {"return_name": [""], "return_description": ["The depth-first traversal ordering of the receiving index path and indexPath."], "return_type": ["ComparisonResult"]}}, {"params": [{"param_description": "", "param_name": ["atPosition", "position"], "param_type": "Int"}], "method_name": "index", "is_static": false, "class_name": "NSIndexPath", "method_description": "Provides the value at a particular node in the index path.", "return_value": {"return_name": [""], "return_description": ["The index value at node or NSNotFound if the node is outside the range of the index path."], "return_type": ["Int"]}}, {"params": [{"param_description": "Pointer to a C array of at least as many NSUInteger objects as specified by the length of positionRange. On return, the array holds the index path's indexes.", "param_name": ["indexes"], "param_type": "UnsafeMutablePointer<Int>"}, {"param_description": "A range of valid positions within the index path. If the location plus the length of positionRange is greater than the length of the index path, this method raises an rangeException.", "param_name": ["range", "positionRange"], "param_type": "NSRange"}], "method_name": "getIndexes", "is_static": false, "class_name": "NSIndexPath", "method_description": "Copies the indexes stored in the index path from the positions specified by the position range into the specified indexes.", "return_value": {"return_name": [], "return_description": [], "return_type": []}}, {"params": [{"param_description": "Pointer to a C array of objects of size at least the length of the index path. On return, the index path\u2019s indexes.", "param_name": ["indexes"], "param_type": "UnsafeMutablePointer<Int>"}], "method_name": "getIndexes", "is_static": false, "class_name": "NSIndexPath", "method_description": "Copies the objects contained in the index path into indexes.DeprecatedUse getIndexes(_:range:) instead.", "return_value": {"return_name": [], "return_description": [], "return_type": []}}], "Vars": [{"var_type": "Int", "var_description": "An index number identifying a section in a table view or collection view.", "var_name": "section"}, {"var_type": "Int", "var_description": "An index number identifying a row in a section of a table view.", "var_name": "row"}, {"var_type": "Int", "var_description": "An index number identifying an item in a section of a collection view.", "var_name": "item"}, {"var_type": "Int", "var_description": "The number of nodes in the index path.", "var_name": "length"}], "interface_list": ["CVarArg", "Equatable", "Hashable", "NSCopying", "NSSecureCoding"], "package_name": "foundation", "subclass_list": [], "class_name": "NSIndexPath", "class_description": "Each index in an index path represents the index into an array of children from one node in the tree to another, deeper, node. For example, the index path 1.4.3.2 specifies the path shown in Figure 1.\nIndex path 1.4.3.2\nNote\nThe UIKit framework adds programming interfaces to the NSIndexPath class of the Foundation framework to facilitate the identification of rows and sections in UITableView objects and the identification of items and sections in UICollectionView objects. The API consists of class factory methods and properties for accessing the various indexed values. You use the factory methods to create an index path for the corresponding table view or collection view.\nImportant\nThe Swift overlay to the Foundation framework provides the IndexPath structure, which bridges to the NSIndexPath class. For more information about value types, see Working with Cocoa Frameworks in Using Swift with Cocoa and Objective-C (Swift 4.1).\n", "class_inherit_list": ["NSObject"]}