{"Methods": [{"params": [{"param_description": "The uniform type identifier (UTI) identifying the type of data to load.", "param_name": ["withTypeIdentifier", "typeIdentifier"], "param_type": "String"}, {"param_description": "The handler that's called after the data is loaded.", "param_name": ["forItemProviderCompletionHandler", "completionHandler"], "param_type": "@escaping (Data, Error) -> Void"}], "method_name": "loadData", "is_static": false, "class_name": "NSItemProviderWriting", "method_description": "Loads data of a particular type, identified by the given UTI.Required.", "return_value": {"return_name": [""], "return_description": ["The progress of the data load process."], "return_type": ["Progress"]}}, {"params": [{"param_description": "A uniform type identifier (UTI).", "param_name": ["withTypeIdentifier", "typeIdentifier"], "param_type": "String"}], "method_name": "itemProviderVisibilityForRepresentation", "is_static": true, "class_name": "NSItemProviderWriting", "method_description": "Asks the item provider for the default representation visibility specification for the given UTI.", "return_value": {"return_name": [""], "return_description": ["A representation visibility specification for the given UTI."], "return_type": ["NSItemProviderRepresentationVisibility"]}}, {"params": [{"param_description": "A uniform type identifier (UTI).", "param_name": ["withTypeIdentifier", "typeIdentifier"], "param_type": "String"}], "method_name": "itemProviderVisibilityForRepresentation", "is_static": false, "class_name": "NSItemProviderWriting", "method_description": "Asks the item provider for the representation visibility specification for the given UTI.", "return_value": {"return_name": [""], "return_description": ["A representation visibility specification for the given UTI."], "return_type": ["NSItemProviderRepresentationVisibility"]}}], "Vars": [{"var_type": "[String]", "var_description": "An array of UTI strings representing the types of data that can be loaded for an item provider.Required.", "var_name": "writableTypeIdentifiersForItemProvider"}, {"var_type": "[String]", "var_description": "An array of UTI strings representing the types of data that can be loaded for an item provider.", "var_name": "writableTypeIdentifiersForItemProvider"}], "interface_list": [], "package_name": "foundation", "subclass_list": [], "class_name": "NSItemProviderWriting", "class_description": "A source app uses an object that conforms to this protocol to initialize an item provider for a copied or dragged item.\n", "class_inherit_list": ["NSObjectProtocol"]}