{"Methods": [{"params": [{"param_description": "The data used to create the object.", "param_name": ["withItemProviderData", "data"], "param_type": "Data"}, {"param_description": "The uniform type identifier (UTI) representing the data type of data.", "param_name": ["typeIdentifier"], "param_type": "String"}], "method_name": "object", "is_static": true, "class_name": "NSItemProviderReading", "method_description": "Creates a new instance of a class using the given data and UTI string.Required.", "return_value": {"return_name": [""], "return_description": ["An object created from the given data."], "return_type": ["Self"]}}], "Vars": [{"var_type": "[String]", "var_description": "An array of UTI strings representing the data types supported by the class.Required.", "var_name": "readableTypeIdentifiersForItemProvider"}], "interface_list": [], "package_name": "foundation", "subclass_list": [], "class_name": "NSItemProviderReading", "class_description": "A destination app uses an object that conforms to this protocol to consume pasted or dropped items.\n", "class_inherit_list": ["NSObjectProtocol"]}