{"Methods": [], "Vars": [], "interface_list": [], "package_name": "foundation", "subclass_list": [], "class_name": "NSKeyValueSetMutationKind", "class_description": "These constants are specified as the mutationKind parameter to the methods willChangeValue(forKey:withSetMutation:using:) and didChangeValue(forKey:withSetMutation:using:). Their semantics correspond exactly to the NSMutableSet class methods union(_:), minus(_:), intersect(_:), and the instance method setSet(_:).\n", "class_inherit_list": []}