{"Methods": [{"params": [{"param_description": "The mutable-data object into which the archive is written.", "param_name": ["forWritingWith", "data"], "param_type": "NSMutableData"}], "method_name": "init", "is_static": false, "class_name": "NSKeyedArchiver", "method_description": "Returns the receiver, initialized for encoding an archive into a given a mutable-data object.", "return_value": {"return_name": [], "return_description": ["The receiver, initialized for encoding an archive into data."], "return_type": []}}, {"params": [{"param_description": "The root of the object graph to archive.", "param_name": ["withRootObject", "rootObject"], "param_type": "Any"}], "method_name": "archivedData", "is_static": false, "class_name": "NSKeyedArchiver", "method_description": "Returns an NSData object containing the encoded form of the object graph whose root object is given.", "return_value": {"return_name": [""], "return_description": ["An NSData object containing the encoded form of the object graph whose root object is rootObject. The format of the archive is NSPropertyListBinaryFormat_v1_0."], "return_type": ["Data"]}}, {"params": [{"param_description": "The root of the object graph to archive.", "param_name": ["rootObject"], "param_type": "Any"}, {"param_description": "The path of the file in which to write the archive.", "param_name": ["toFile", "path"], "param_type": "String"}], "method_name": "archiveRootObject", "is_static": false, "class_name": "NSKeyedArchiver", "method_description": "Archives an object graph rooted at a given object by encoding it into a data object then atomically writes the resulting data object to a file at a given path, and returns a Boolean value that indicates whether the operation was successful.", "return_value": {"return_name": [""], "return_description": ["true if the operation was successful, otherwise false."], "return_type": ["Bool"]}}, {"params": [], "method_name": "finishEncoding", "is_static": false, "class_name": "NSKeyedArchiver", "method_description": "Instructs the receiver to construct the final data stream.", "return_value": {"return_name": [], "return_description": [], "return_type": []}}, {"params": [{"param_description": "The value to encode.", "param_name": ["value"], "param_type": "Encodable"}, {"param_description": "The key with which to associate the encoded value.", "param_name": ["forKey", "key"], "param_type": "String"}], "method_name": "encodeEncodable", "is_static": false, "class_name": "NSKeyedArchiver", "method_description": "Encodes a given value and associates it with a given key.", "return_value": {"return_name": [], "return_description": [], "return_type": []}}, {"params": [{"param_description": "", "param_name": ["value"], "param_type": "Bool"}, {"param_description": "The key with which to associate boolv. This value must not be nil.", "param_name": ["forKey", "key"], "param_type": "String"}], "method_name": "encode", "is_static": false, "class_name": "NSKeyedArchiver", "method_description": "Encodes a given Boolean value and associates it with a given key.", "return_value": {"return_name": [], "return_description": [], "return_type": []}}, {"params": [{"param_description": "", "param_name": ["bytes"], "param_type": "UnsafePointer<UInt8>"}, {"param_description": "", "param_name": ["length"], "param_type": "Int"}, {"param_description": "The key with which to associate the encoded value. This value must not be nil.", "param_name": ["forKey", "key"], "param_type": "String"}], "method_name": "encodeBytes", "is_static": false, "class_name": "NSKeyedArchiver", "method_description": "Encodes a given number of bytes from a given C array of bytes and associates them with the a given key.", "return_value": {"return_name": [], "return_description": [], "return_type": []}}, {"params": [{"param_description": "", "param_name": ["object"], "param_type": "Any"}, {"param_description": "The key with which to associate the encoded value. This value must not be nil.", "param_name": ["forKey", "key"], "param_type": "String"}], "method_name": "encodeConditionalObject", "is_static": false, "class_name": "NSKeyedArchiver", "method_description": "Encodes a reference to a given object and associates it with a given key only if it has been unconditionally encoded elsewhere in the archive with encode(_:forKey:).", "return_value": {"return_name": [], "return_description": [], "return_type": []}}, {"params": [{"param_description": "", "param_name": ["value"], "param_type": "Double"}, {"param_description": "The key with which to associate realv. This value must not be nil.", "param_name": ["forKey", "key"], "param_type": "String"}], "method_name": "encode", "is_static": false, "class_name": "NSKeyedArchiver", "method_description": "Encodes a given double value and associates it with a given key.", "return_value": {"return_name": [], "return_description": [], "return_type": []}}, {"params": [{"param_description": "", "param_name": ["value"], "param_type": "Float"}, {"param_description": "The key with which to associate realv. This value must not be nil.", "param_name": ["forKey", "key"], "param_type": "String"}], "method_name": "encode", "is_static": false, "class_name": "NSKeyedArchiver", "method_description": "Encodes a given float value and associates it with a given key.", "return_value": {"return_name": [], "return_description": [], "return_type": []}}, {"params": [{"param_description": "", "param_name": ["value"], "param_type": "Int32"}, {"param_description": "The key with which to associate intv. This value must not be nil.", "param_name": ["forKey", "key"], "param_type": "String"}], "method_name": "encode", "is_static": false, "class_name": "NSKeyedArchiver", "method_description": "Encodes a given 32-bit integer value and associates it with a given key.", "return_value": {"return_name": [], "return_description": [], "return_type": []}}, {"params": [{"param_description": "", "param_name": ["value"], "param_type": "Int64"}, {"param_description": "The key with which to associate intv. This value must not be nil.", "param_name": ["forKey", "key"], "param_type": "String"}], "method_name": "encode", "is_static": false, "class_name": "NSKeyedArchiver", "method_description": "Encodes a given 64-bit integer value and associates it with a given key.", "return_value": {"return_name": [], "return_description": [], "return_type": []}}, {"params": [{"param_description": "", "param_name": ["object"], "param_type": "Any"}, {"param_description": "The key with which to associate objv. This value must not be nil.", "param_name": ["forKey", "key"], "param_type": "String"}], "method_name": "encode", "is_static": false, "class_name": "NSKeyedArchiver", "method_description": "Encodes a given object and associates it with a given key.", "return_value": {"return_name": [], "return_description": [], "return_type": []}}, {"params": [{"param_description": "The name of the class that NSKeyedArchiver uses in place of cls.", "param_name": ["codedName"], "param_type": "String"}, {"param_description": "The class for which to set up a translation mapping.", "param_name": ["for", "cls"], "param_type": "AnyClass"}], "method_name": "setClassName", "is_static": false, "class_name": "NSKeyedArchiver", "method_description": "Adds a class translation mapping to NSKeyedArchiver whereby instances of a given class are encoded with a given class name instead of their real class names.", "return_value": {"return_name": [], "return_description": [], "return_type": []}}, {"params": [{"param_description": "The class for which to determine the translation mapping.", "param_name": ["for", "cls"], "param_type": "AnyClass"}], "method_name": "className", "is_static": false, "class_name": "NSKeyedArchiver", "method_description": "Returns the class name with which NSKeyedArchiver encodes instances of a given class.", "return_value": {"return_name": [""], "return_description": ["The class name with which NSKeyedArchiver encodes instances of cls. Returns nil if NSKeyedArchiver does not have a translation mapping for cls."], "return_type": ["String"]}}, {"params": [{"param_description": "The name of the class that the receiver uses uses in place of cls.", "param_name": ["codedName"], "param_type": "String"}, {"param_description": "The class for which to set up a translation mapping.", "param_name": ["for", "cls"], "param_type": "AnyClass"}], "method_name": "setClassName", "is_static": false, "class_name": "NSKeyedArchiver", "method_description": "Adds a class translation mapping to the receiver whereby instances of a given class are encoded with a given class name instead of their real class names.", "return_value": {"return_name": [], "return_description": [], "return_type": []}}, {"params": [{"param_description": "The class for which to determine the translation mapping.", "param_name": ["for", "cls"], "param_type": "AnyClass"}], "method_name": "className", "is_static": false, "class_name": "NSKeyedArchiver", "method_description": "Returns the class name with which the receiver encodes instances of a given class.", "return_value": {"return_name": [""], "return_description": ["The class name with which the receiver encodes instances of cls. Returns nil if the receiver does not have a translation mapping for cls. The class\u2019s separate translation map is not searched."], "return_type": ["String"]}}, {"params": [], "method_name": "init", "is_static": false, "class_name": "NSKeyedArchiver", "method_description": "", "return_value": {"return_name": [], "return_description": [], "return_type": []}}, {"params": [{"param_description": "", "param_name": ["requiringSecureCoding", "requiresSecureCoding"], "param_type": "Bool"}], "method_name": "init", "is_static": false, "class_name": "NSKeyedArchiver", "method_description": "", "return_value": {"return_name": [], "return_description": [], "return_type": []}}, {"params": [{"param_description": "", "param_name": ["withRootObject", "object"], "param_type": "Any"}, {"param_description": "", "param_name": ["requiringSecureCoding", "requiresSecureCoding"], "param_type": "Bool"}], "method_name": "archivedData", "is_static": false, "class_name": "NSKeyedArchiver", "method_description": "", "return_value": {"return_name": [""], "return_description": [], "return_type": ["Data"]}}], "Vars": [{"var_type": "PropertyListSerialization.PropertyListFormat", "var_description": "The format in which the receiver encodes its data.", "var_name": "outputFormat"}, {"var_type": "Bool", "var_description": "Indicates whether the receiver requires all archived classes to conform to NSSecureCoding.", "var_name": "requiresSecureCoding"}, {"var_type": "NSKeyedArchiverDelegate", "var_description": "The archiver\u2019s delegate.", "var_name": "delegate"}, {"var_type": "NSExceptionName", "var_description": "The name of the exception raised by NSKeyedArchiver if there is a problem creating an archive.", "var_name": "invalidArchiveOperationException"}, {"var_type": "String", "var_description": "Archives created using the class method archivedData(withRootObject:) use this key for the root object in the hierarchy of encoded objects. The NSKeyedUnarchiver class method unarchiveObject(with:) looks for this root key as well.", "var_name": "NSKeyedArchiveRootObjectKey"}, {"var_type": "Data", "var_description": "Returns the encoded data for the archiver.", "var_name": "encodedData"}], "interface_list": ["CVarArg", "Equatable", "Hashable"], "package_name": "foundation", "subclass_list": [], "class_name": "NSKeyedArchiver", "class_description": "NSKeyedArchiver, a concrete subclass of NSCoder, provides a way to encode objects (and scalar values) into an architecture-independent format that can be stored in a file. When you archive a set of objects, the class information and instance variables for each object are written to the archive. The companion class NSKeyedUnarchiver decodes the data in an archive and creates a set of objects equivalent to the original set.\nA keyed archive differs from a non-keyed archive in that all the objects and values encoded into the archive are given names, or keys. When decoding a non-keyed archive, values have to be decoded in the same order in which they were encoded. When decoding a keyed archive, because values are requested by name, values can be decoded out of sequence or not at all. Keyed archives, therefore, provide better support for forward and backward compatibility.\nThe keys given to encoded values must be unique only within the scope of the current object being encoded. A keyed archive is hierarchical, so the keys used by object A to encode its instance variables do not conflict with the keys used by object B, even if A and B are instances of the same class. Within a single object, however, the keys used by a subclass can conflict with keys used in its superclasses.\nAn NSArchiver object can write the archive data to a file or to a mutable-data object (an instance of NSMutableData) that you provide.\n", "class_inherit_list": ["NSCoder"]}