{"Methods": [{"params": [{"param_description": "An unarchiver for which the receiver is the delegate.", "param_name": ["unarchiver"], "param_type": "NSKeyedUnarchiver"}, {"param_description": "The name of the class of an object unarchiver is trying to decode.", "param_name": ["cannotDecodeObjectOfClassName", "name"], "param_type": "String"}, {"param_description": "An array describing the class hierarchy of the encoded object, where the first element is the class name string of the encoded object, the second element is the class name of its immediate superclass, and so on.", "param_name": ["originalClasses", "classNames"], "param_type": "[String]"}], "method_name": "unarchiver", "is_static": false, "class_name": "NSKeyedUnarchiverDelegate", "method_description": "Informs the delegate that the class with a given name is not available during decoding.", "return_value": {"return_name": [""], "return_description": ["The class unarchiver should use in place of the class named name."], "return_type": ["AnyClass"]}}, {"params": [{"param_description": "An unarchiver for which the receiver is the delegate.", "param_name": ["unarchiver"], "param_type": "NSKeyedUnarchiver"}, {"param_description": "The object that has been decoded. object may be nil.", "param_name": ["didDecode", "object"], "param_type": "Any"}], "method_name": "unarchiver", "is_static": false, "class_name": "NSKeyedUnarchiverDelegate", "method_description": "Informs the delegate that a given object has been decoded.", "return_value": {"return_name": [""], "return_description": ["The object to use in place of object. The delegate can either return object or return a different object to replace the decoded one. In apps using ARC, the delegate should only return nil if object itself is nil. In apps not using ARC, the delegate can return nil to indicate that the decoded value is unchanged\u2014that is, object will be decoded."], "return_type": ["Any"]}}, {"params": [{"param_description": "An unarchiver for which the receiver is the delegate.", "param_name": ["unarchiver"], "param_type": "NSKeyedUnarchiver"}, {"param_description": "An object in the archive.", "param_name": ["willReplace", "object"], "param_type": "Any"}, {"param_description": "The object with which unarchiver will replace object.", "param_name": ["with", "newObject"], "param_type": "Any"}], "method_name": "unarchiver", "is_static": false, "class_name": "NSKeyedUnarchiverDelegate", "method_description": "Informs the delegate that one object is being substituted for another.", "return_value": {"return_name": [], "return_description": [], "return_type": []}}, {"params": [{"param_description": "An unarchiver for which the receiver is the delegate.", "param_name": ["unarchiver"], "param_type": "NSKeyedUnarchiver"}], "method_name": "unarchiverDidFinish", "is_static": false, "class_name": "NSKeyedUnarchiverDelegate", "method_description": "Notifies the delegate that decoding has finished.", "return_value": {"return_name": [], "return_description": [], "return_type": []}}, {"params": [{"param_description": "An unarchiver for which the receiver is the delegate.", "param_name": ["unarchiver"], "param_type": "NSKeyedUnarchiver"}], "method_name": "unarchiverWillFinish", "is_static": false, "class_name": "NSKeyedUnarchiverDelegate", "method_description": "Notifies the delegate that decoding is about to finish.", "return_value": {"return_name": [], "return_description": [], "return_type": []}}], "Vars": [], "interface_list": [], "package_name": "foundation", "subclass_list": [], "class_name": "NSKeyedUnarchiverDelegate", "class_description": "", "class_inherit_list": ["NSObjectProtocol"]}