{"Methods": [{"params": [{"param_description": "", "param_name": ["rawValue"], "param_type": "String"}], "method_name": "init", "is_static": false, "class_name": "NSKeyValueChangeKey", "method_description": "", "return_value": {"return_name": [], "return_description": [], "return_type": []}}], "Vars": [{"var_type": "NSKeyValueChangeKey", "var_description": "If the value of the kindKey entry is NSKeyValueChange.insertion, NSKeyValueChange.removal, or NSKeyValueChange.replacement, the value of this key is an NSIndexSet object that contains the indexes of the inserted, removed, or replaced objects.", "var_name": "indexesKey"}, {"var_type": "NSKeyValueChangeKey", "var_description": "An NSNumber object that contains a value corresponding to one of the NSKeyValueChange enums, indicating what sort of change has occurred.", "var_name": "kindKey"}, {"var_type": "NSKeyValueChangeKey", "var_description": "If the value of the kindKey entry is NSKeyValueChange.setting, and new was specified when the observer was registered, the value of this key is the new value for the attribute.", "var_name": "newKey"}, {"var_type": "NSKeyValueChangeKey", "var_description": "If the prior option was specified when the observer was registered this notification is sent prior to a change.", "var_name": "notificationIsPriorKey"}, {"var_type": "NSKeyValueChangeKey", "var_description": "If the value of the kindKey entry is NSKeyValueChange.setting, and old was specified when the observer was registered, the value of this key is the value before the attribute was changed.", "var_name": "oldKey"}], "interface_list": ["Equatable", "Hashable", "RawRepresentable"], "package_name": "foundation", "subclass_list": [], "class_name": "NSKeyValueChangeKey", "class_description": "These constants are used as keys in the change dictionary passed to observeValue(forKeyPath:of:change:context:).\n", "class_inherit_list": []}