{"Methods": [{"params": [{"param_description": "The archiver that sent the message.", "param_name": ["archiver"], "param_type": "NSKeyedArchiver"}, {"param_description": "The object that has been encoded. object may be nil.", "param_name": ["didEncode", "object"], "param_type": "Any"}], "method_name": "archiver", "is_static": false, "class_name": "NSKeyedArchiverDelegate", "method_description": "Informs the delegate that a given object has been encoded.", "return_value": {"return_name": [], "return_description": [], "return_type": []}}, {"params": [{"param_description": "The archiver that sent the message.", "param_name": ["archiver"], "param_type": "NSKeyedArchiver"}], "method_name": "archiverDidFinish", "is_static": false, "class_name": "NSKeyedArchiverDelegate", "method_description": "Notifies the delegate that encoding has finished.", "return_value": {"return_name": [], "return_description": [], "return_type": []}}, {"params": [{"param_description": "The archiver that sent the message.", "param_name": ["archiver"], "param_type": "NSKeyedArchiver"}, {"param_description": "The object that is about to be encoded. This value is never nil.", "param_name": ["willEncode", "object"], "param_type": "Any"}], "method_name": "archiver", "is_static": false, "class_name": "NSKeyedArchiverDelegate", "method_description": "Informs the delegate that object is about to be encoded.", "return_value": {"return_name": [""], "return_description": ["Either object or a different object to be encoded in its stead. The delegate can also modify the coder state. If the delegate returns nil, nil is encoded."], "return_type": ["Any"]}}, {"params": [{"param_description": "The archiver that sent the message.", "param_name": ["archiver"], "param_type": "NSKeyedArchiver"}], "method_name": "archiverWillFinish", "is_static": false, "class_name": "NSKeyedArchiverDelegate", "method_description": "Notifies the delegate that encoding is about to finish.", "return_value": {"return_name": [], "return_description": [], "return_type": []}}, {"params": [{"param_description": "The archiver that sent the message.", "param_name": ["archiver"], "param_type": "NSKeyedArchiver"}, {"param_description": "The object being replaced in the archive.", "param_name": ["willReplace", "object"], "param_type": "Any"}, {"param_description": "The object replacing object in the archive.", "param_name": ["with", "newObject"], "param_type": "Any"}], "method_name": "archiver", "is_static": false, "class_name": "NSKeyedArchiverDelegate", "method_description": "Informs the delegate that one given object is being substituted for another given object.", "return_value": {"return_name": [], "return_description": [], "return_type": []}}], "Vars": [], "interface_list": [], "package_name": "foundation", "subclass_list": [], "class_name": "NSKeyedArchiverDelegate", "class_description": "", "class_inherit_list": ["NSObjectProtocol"]}