{"Methods": [], "Vars": [{"var_type": "IndexSet", "var_description": "", "var_name": "indexes"}, {"var_type": "Bool", "var_description": "", "var_name": "isPrior"}, {"var_type": "NSKeyValueObservedChange<Value>.Kind", "var_description": "", "var_name": "kind"}, {"var_type": "Value", "var_description": "", "var_name": "newValue"}, {"var_type": "Value", "var_description": "", "var_name": "oldValue"}], "interface_list": [], "package_name": "foundation", "subclass_list": [], "class_name": "NSKeyValueObservedChange", "class_description": "", "class_inherit_list": []}