{"Methods": [{"params": [{"param_description": "", "param_name": ["rawValue"], "param_type": "UInt"}], "method_name": "init", "is_static": false, "class_name": "NSKeyValueObservingOptions", "method_description": "", "return_value": {"return_name": [], "return_description": [], "return_type": []}}], "Vars": [{"var_type": "NSKeyValueObservingOptions", "var_description": "Indicates that the change dictionary should provide the new attribute value, if applicable.", "var_name": "new"}, {"var_type": "NSKeyValueObservingOptions", "var_description": "Indicates that the change dictionary should contain the old attribute value, if applicable.", "var_name": "old"}, {"var_type": "NSKeyValueObservingOptions", "var_description": "If specified, a notification should be sent to the observer immediately, before the observer registration method even returns. ", "var_name": "initial"}, {"var_type": "NSKeyValueObservingOptions", "var_description": "Whether separate notifications should be sent to the observer before and after each change, instead of a single notification after the change. ", "var_name": "prior"}], "interface_list": ["OptionSet"], "package_name": "foundation", "subclass_list": [], "class_name": "NSKeyValueObservingOptions", "class_description": "These constants are passed to addObserver(_:forKeyPath:options:context:) and determine the values that are returned as part of the change dictionary passed to an observeValue(forKeyPath:of:change:context:). You can pass 0 if you require no change dictionary values.\n", "class_inherit_list": []}