{"Methods": [{"params": [{"param_description": "", "param_name": ["rawValue"], "param_type": "UInt"}], "method_name": "init", "is_static": false, "class_name": "NSLinguisticTagger.Options", "method_description": "", "return_value": {"return_name": [], "return_description": [], "return_type": []}}], "Vars": [{"var_type": "NSLinguisticTagger.Options", "var_description": "Omit tokens of type word (items considered to be words).", "var_name": "omitWords"}, {"var_type": "NSLinguisticTagger.Options", "var_description": "Omit tokens of type punctuation (all punctuation).", "var_name": "omitPunctuation"}, {"var_type": "NSLinguisticTagger.Options", "var_description": "Omit tokens of type whitespace (whitespace of all sorts).", "var_name": "omitWhitespace"}, {"var_type": "NSLinguisticTagger.Options", "var_description": "Omit tokens of type other (non-linguistic items, such as symbols).", "var_name": "omitOther"}, {"var_type": "NSLinguisticTagger.Options", "var_description": "Typically, multiple-word names will be returned as multiple tokens, following the standard tokenization practice of the tagger.  If this option is set, then multiple-word names will be joined together and returned as a single token.", "var_name": "joinNames"}], "interface_list": ["OptionSet"], "package_name": "foundation", "subclass_list": [], "class_name": "NSLinguisticTagger.Options", "class_description": "", "class_inherit_list": []}