{"Methods": [{"params": [{"param_description": "", "param_name": ["rawValue"], "param_type": "String"}], "method_name": "init", "is_static": false, "class_name": "NSLinguisticTag", "method_description": "", "return_value": {"return_name": [], "return_description": [], "return_type": []}}, {"params": [{"param_description": "", "param_name": ["rawValue"], "param_type": "String"}], "method_name": "init", "is_static": false, "class_name": "NSLinguisticTag", "method_description": "", "return_value": {"return_name": [], "return_description": [], "return_type": []}}], "Vars": [{"var_type": "NSLinguisticTag", "var_description": "The token indicates a word.", "var_name": "word"}, {"var_type": "NSLinguisticTag", "var_description": "The token indicates punctuation.", "var_name": "punctuation"}, {"var_type": "NSLinguisticTag", "var_description": "The token indicates white space of any sort.", "var_name": "whitespace"}, {"var_type": "NSLinguisticTag", "var_description": "The token indicates a non-linguistic item, such as a symbol.", "var_name": "other"}, {"var_type": "NSLinguisticTag", "var_description": "The token is a noun.", "var_name": "noun"}, {"var_type": "NSLinguisticTag", "var_description": "This token is a verb.", "var_name": "verb"}, {"var_type": "NSLinguisticTag", "var_description": "This token is an adjective", "var_name": "adjective"}, {"var_type": "NSLinguisticTag", "var_description": "This token is an adverb.", "var_name": "adverb"}, {"var_type": "NSLinguisticTag", "var_description": "This token is a pronoun.", "var_name": "pronoun"}, {"var_type": "NSLinguisticTag", "var_description": "This token is a determiner.", "var_name": "determiner"}, {"var_type": "NSLinguisticTag", "var_description": "This token is a particle.", "var_name": "particle"}, {"var_type": "NSLinguisticTag", "var_description": "This token is a preposition.", "var_name": "preposition"}, {"var_type": "NSLinguisticTag", "var_description": "This token is a number.", "var_name": "number"}, {"var_type": "NSLinguisticTag", "var_description": "This token is a conjunction.", "var_name": "conjunction"}, {"var_type": "NSLinguisticTag", "var_description": "This token is an interjection.", "var_name": "interjection"}, {"var_type": "NSLinguisticTag", "var_description": "This token is a classifier.", "var_name": "classifier"}, {"var_type": "NSLinguisticTag", "var_description": "This token is an idiom.", "var_name": "idiom"}, {"var_type": "NSLinguisticTag", "var_description": "This token is a word other than a kind described by other lexical classes (noun, verb, adjective, adverb, pronoun, determiner, particle, preposition, number, conjunction, interjection, classifier, and idiom).", "var_name": "otherWord"}, {"var_type": "NSLinguisticTag", "var_description": "This token is a sentence terminator.", "var_name": "sentenceTerminator"}, {"var_type": "NSLinguisticTag", "var_description": "This token is an open quote.", "var_name": "openQuote"}, {"var_type": "NSLinguisticTag", "var_description": "This token is a close quote.", "var_name": "closeQuote"}, {"var_type": "NSLinguisticTag", "var_description": "This token is an open parenthesis.", "var_name": "openParenthesis"}, {"var_type": "NSLinguisticTag", "var_description": "This token is a close parenthesis.", "var_name": "closeParenthesis"}, {"var_type": "NSLinguisticTag", "var_description": "This token is a word joiner.", "var_name": "wordJoiner"}, {"var_type": "NSLinguisticTag", "var_description": "This token is a dash.", "var_name": "dash"}, {"var_type": "NSLinguisticTag", "var_description": "This token is punctuation other than a kind described by other lexical classes (sentence terminator, open or close quote, open or close parenthesis, word joiner, and dash).", "var_name": "otherPunctuation"}, {"var_type": "NSLinguisticTag", "var_description": "This token is a paragraph break.", "var_name": "paragraphBreak"}, {"var_type": "NSLinguisticTag", "var_description": "This token is whitespace other than a kind described by other lexical classes (paragraph break).", "var_name": "otherWhitespace"}, {"var_type": "NSLinguisticTag", "var_description": "This token is a personal name.", "var_name": "personalName"}, {"var_type": "NSLinguisticTag", "var_description": "This token is an organization name.", "var_name": "organizationName"}, {"var_type": "NSLinguisticTag", "var_description": "This token is a place name.", "var_name": "placeName"}], "interface_list": ["Equatable", "Hashable", "RawRepresentable"], "package_name": "foundation", "subclass_list": [], "class_name": "NSLinguisticTag", "class_description": "When you create a linguistic tagger, you specify one or more NSLinguisticTagScheme constants that correspond to the kind of information you want to know about a selection of natural language text.  When working with linguistic tags using the methods described in Getting Linguistic Tags and Enumerating Linguistic Tags, the returned value depends on the specified scheme. The NSLinguisticTag type represents the constant values that can be returned for certain NSLinguisticTagScheme values.\n", "class_inherit_list": []}