{"Methods": [{"params": [{"param_description": "An array of NSSpecifierTest objects representing Boolean expressions.", "param_name": ["andTestWith", "subTests"], "param_type": "[NSSpecifierTest]"}], "method_name": "init", "is_static": false, "class_name": "NSLogicalTest", "method_description": "Returns an NSLogicalTest object initialized to perform an AND operation with the NSSpecifierTest objects in a given array.", "return_value": {"return_name": [], "return_description": ["An NSLogicalTest object initialized to perform an AND operation with the NSSpecifierTest objects in subTests."], "return_type": []}}, {"params": [{"param_description": "The NSScriptWhoseTest object to invert.", "param_name": ["notTestWith", "subTest"], "param_type": "NSScriptWhoseTest"}], "method_name": "init", "is_static": false, "class_name": "NSLogicalTest", "method_description": "Returns an NSLogicalTest object initialized to perform a NOT operation on the given NSScriptWhoseTest object.", "return_value": {"return_name": [], "return_description": ["An NSLogicalTest object initialized to perform a NOT operation on subTest."], "return_type": []}}, {"params": [{"param_description": "An array of NSSpecifierTest objects representing Boolean expressions.", "param_name": ["orTestWith", "subTests"], "param_type": "[NSSpecifierTest]"}], "method_name": "init", "is_static": false, "class_name": "NSLogicalTest", "method_description": "Returns an NSLogicalTest object initialized to perform an OR operation with the NSSpecifierTest objects in a given array.", "return_value": {"return_name": [], "return_description": ["An NSLogicalTest object initialized to perform an OR operation with the NSSpecifierTest objects in subTests."], "return_type": []}}], "Vars": [], "interface_list": ["CVarArg", "Equatable", "Hashable"], "package_name": "foundation", "subclass_list": [], "class_name": "NSLogicalTest", "class_description": "Instances of this class perform logical operations of AND, OR, and NOT on Boolean expressions represented by NSSpecifierTest objects. These operators are equivalent to \u201c&&\u201d, \u201c||\u201d, and \u201c!\u201d in the C language.\nFor AND and OR operations, an NSLogicalTest object is typically initialized with an array containing two or more NSSpecifierTest objects. isTrue()\u2014inherited from NSScriptWhoseTest\u2014evaluates the array in a manner appropriate to the logical operation. For NOT operations, an NSLogicalTest object is initialized with only one NSSpecifierTest object; it simply reverses the Boolean outcome of the isTrue() method.\nYou don\u2019t normally subclass NSLogicalTest.\n", "class_inherit_list": ["NSScriptWhoseTest"]}