{"Methods": [{"params": [{"param_description": "", "param_name": ["rawValue"], "param_type": "String"}], "method_name": "init", "is_static": false, "class_name": "NSLocale.Key", "method_description": "Creates a new locale key.", "return_value": {"return_name": [], "return_description": [], "return_type": []}}], "Vars": [{"var_type": "NSLocale.Key", "var_description": "The locale identifier.", "var_name": "identifier"}, {"var_type": "NSLocale.Key", "var_description": "The locale country code.", "var_name": "countryCode"}, {"var_type": "NSLocale.Key", "var_description": "The locale language code.", "var_name": "languageCode"}, {"var_type": "NSLocale.Key", "var_description": "The locale script code.", "var_name": "scriptCode"}, {"var_type": "NSLocale.Key", "var_description": "The locale variant code.", "var_name": "variantCode"}, {"var_type": "NSLocale.Key", "var_description": "The exemplar character set for the locale.", "var_name": "exemplarCharacterSet"}, {"var_type": "NSLocale.Key", "var_description": "The calendar associated with the locale.", "var_name": "calendar"}, {"var_type": "NSLocale.Key", "var_description": "The collation associated with the locale.", "var_name": "collationIdentifier"}, {"var_type": "NSLocale.Key", "var_description": "The collation identifier for the locale.", "var_name": "collatorIdentifier"}, {"var_type": "NSLocale.Key", "var_description": "A flag that indicates whether the locale uses the metric system.", "var_name": "usesMetricSystem"}, {"var_type": "NSLocale.Key", "var_description": "The measurement system associated with the locale.", "var_name": "measurementSystem"}, {"var_type": "NSLocale.Key", "var_description": "The decimal separator associated with the locale.", "var_name": "decimalSeparator"}, {"var_type": "NSLocale.Key", "var_description": "The numeric grouping separator associated with the locale.", "var_name": "groupingSeparator"}, {"var_type": "NSLocale.Key", "var_description": "The currency symbol associated with the locale.", "var_name": "currencySymbol"}, {"var_type": "NSLocale.Key", "var_description": "The currency code associated with the locale.", "var_name": "currencyCode"}, {"var_type": "NSLocale.Key", "var_description": "The end quotation symbol associated with the locale.", "var_name": "quotationEndDelimiterKey"}, {"var_type": "NSLocale.Key", "var_description": "The begin quotation symbol associated with the locale.", "var_name": "quotationBeginDelimiterKey"}, {"var_type": "NSLocale.Key", "var_description": "The alternate end quotation symbol associated with the locale. ", "var_name": "alternateQuotationEndDelimiterKey"}, {"var_type": "NSLocale.Key", "var_description": "The alternating begin quotation symbol associated with the locale.", "var_name": "alternateQuotationBeginDelimiterKey"}], "interface_list": ["Equatable", "Hashable", "RawRepresentable"], "package_name": "foundation", "subclass_list": [], "class_name": "NSLocale.Key", "class_description": "Use these keys with the methods object(forKey:) and displayName(forKey:value:).\n", "class_inherit_list": []}