{"Methods": [{"params": [{"param_description": "The identifier for the new locale.", "param_name": ["localeIdentifier", "string"], "param_type": "String"}], "method_name": "init", "is_static": false, "class_name": "NSLocale", "method_description": "Initializes a locale using a given locale identifier.", "return_value": {"return_name": [], "return_description": ["The initialized locale."], "return_type": []}}, {"params": [{"param_description": "The decoder to use during initialization.", "param_name": ["coder", "aDecoder"], "param_type": "NSCoder"}], "method_name": "init", "is_static": false, "class_name": "NSLocale", "method_description": "Returns a locale initialized from data in the given unarchiver.", "return_value": {"return_name": [], "return_description": ["The initialized locale."], "return_type": []}}, {"params": [{"param_description": "A locale identification string.", "param_name": ["from", "string"], "param_type": "String"}], "method_name": "canonicalLocaleIdentifier", "is_static": false, "class_name": "NSLocale", "method_description": "Returns the canonical identifier for a given locale identification string.", "return_value": {"return_name": [""], "return_description": ["The canonical identifier for an the locale identified by string."], "return_type": ["String"]}}, {"params": [{"param_description": "A locale ID, consisting of language, script, country, variant, and keyword/value pairs, for example, \"en_US@calendar=japanese\".", "param_name": ["fromLocaleIdentifier", "string"], "param_type": "String"}], "method_name": "components", "is_static": false, "class_name": "NSLocale", "method_description": "Returns a dictionary that is the result of parsing a locale ID.", "return_value": {"return_name": [["[String"]], "return_description": ["A dictionary that is the result of parsing string as a locale ID. The keys are the constant NSString constants corresponding to the locale ID components, and the values correspond to constants where available. For possible values, see NSLocale.Key."], "return_type": ["String]"]}}, {"params": [{"param_description": "A dictionary containing components that specify a locale. For possible values, see NSLocale Component Keys.", "param_name": ["fromComponents", "dict"], "param_type": "[String"}, {"param_description": "", "param_name": ["[String"], "param_type": "String]"}], "method_name": "localeIdentifier", "is_static": false, "class_name": "NSLocale", "method_description": "Returns a locale identifier from the components specified in a given dictionary.", "return_value": {"return_name": [""], "return_description": ["A locale identifier created from the components specified in dict."], "return_type": ["String"]}}, {"params": [{"param_description": "A string representation of an arbitrary locale identifier.", "param_name": ["from", "string"], "param_type": "String"}], "method_name": "canonicalLanguageIdentifier", "is_static": false, "class_name": "NSLocale", "method_description": "Returns a canonical language identifier by mapping an arbitrary locale identification string to the canonical identifier.", "return_value": {"return_name": [""], "return_description": ["A string that represents the canonical language identifier for the specified arbitrary locale identifier."], "return_type": ["String"]}}, {"params": [{"param_description": "The Windows locale code.", "param_name": ["fromWindowsLocaleCode", "lcid"], "param_type": "UInt32"}], "method_name": "localeIdentifier", "is_static": false, "class_name": "NSLocale", "method_description": "Returns a locale identifier from a Windows locale code.", "return_value": {"return_name": [""], "return_description": ["The locale identifier."], "return_type": ["String"]}}, {"params": [{"param_description": "The locale identifier.", "param_name": ["fromLocaleIdentifier", "localeIdentifier"], "param_type": "String"}], "method_name": "windowsLocaleCode", "is_static": false, "class_name": "NSLocale", "method_description": "Returns a Window locale code from the locale identifier.", "return_value": {"return_name": [""], "return_description": ["The Windows locale code."], "return_type": ["UInt32"]}}, {"params": [{"param_description": "The identifier for which you want the localized name.", "param_name": ["forLocaleIdentifier", "localeIdentifier"], "param_type": "String"}], "method_name": "localizedString", "is_static": false, "class_name": "NSLocale", "method_description": "Returns the localized string for the specified locale identifier.", "return_value": {"return_name": [""], "return_description": ["The localized name of the locale."], "return_type": ["String"]}}, {"params": [{"param_description": "The country code indicating the country whose name you want.", "param_name": ["forCountryCode", "countryCode"], "param_type": "String"}], "method_name": "localizedString", "is_static": false, "class_name": "NSLocale", "method_description": "Returns the localized string for the specified country code.", "return_value": {"return_name": [""], "return_description": ["The localized name of the country for the given code."], "return_type": ["String"]}}, {"params": [{"param_description": "The language code indicating the language whose name you want.", "param_name": ["forLanguageCode", "languageCode"], "param_type": "String"}], "method_name": "localizedString", "is_static": false, "class_name": "NSLocale", "method_description": "Returns the localized string for the specified language code.", "return_value": {"return_name": [""], "return_description": ["The localized name of the language."], "return_type": ["String"]}}, {"params": [{"param_description": "The script code for the script whose name you want.", "param_name": ["forScriptCode", "scriptCode"], "param_type": "String"}], "method_name": "localizedString", "is_static": false, "class_name": "NSLocale", "method_description": "Returns the localized string for the specified script code.", "return_value": {"return_name": [""], "return_description": ["The localized name of the script."], "return_type": ["String"]}}, {"params": [{"param_description": "The variant code whose name you want.", "param_name": ["forVariantCode", "variantCode"], "param_type": "String"}], "method_name": "localizedString", "is_static": false, "class_name": "NSLocale", "method_description": "Returns the localized string for the specified variant code.", "return_value": {"return_name": [""], "return_description": ["The localized name of the variant."], "return_type": ["String"]}}, {"params": [{"param_description": "The identifier for the collation whose name you want.", "param_name": ["forCollationIdentifier", "collationIdentifier"], "param_type": "String"}], "method_name": "localizedString", "is_static": false, "class_name": "NSLocale", "method_description": "Returns the localized string for the specified collation identifier.", "return_value": {"return_name": [""], "return_description": ["The localized name for the collation."], "return_type": ["String"]}}, {"params": [{"param_description": "The identifier for the collator whose name you want.", "param_name": ["forCollatorIdentifier", "collatorIdentifier"], "param_type": "String"}], "method_name": "localizedString", "is_static": false, "class_name": "NSLocale", "method_description": "Returns the localized string for the specified collator identifier.", "return_value": {"return_name": [""], "return_description": ["The localized name of the collator."], "return_type": ["String"]}}, {"params": [{"param_description": "The code for the currency whose name you want.", "param_name": ["forCurrencyCode", "currencyCode"], "param_type": "String"}], "method_name": "localizedString", "is_static": false, "class_name": "NSLocale", "method_description": "Returns the localized string for the specified currency code.", "return_value": {"return_name": [""], "return_description": ["The localized name of the currency."], "return_type": ["String"]}}, {"params": [{"param_description": "The calendar identifier indicating the calendar whose name you want. Use one of the values listed in Calendar Identifiers.", "param_name": ["forCalendarIdentifier", "calendarIdentifier"], "param_type": "String"}], "method_name": "localizedString", "is_static": false, "class_name": "NSLocale", "method_description": "Returns the localized string for the specified calendar identifier.", "return_value": {"return_name": [""], "return_description": ["A human readable string suitable for display to the user corresponding to the given calendar."], "return_type": ["String"]}}, {"params": [{"param_description": "The component for which to return the corresponding value. For possible values, see NSLocale.Key.", "param_name": ["forKey", "key"], "param_type": "NSLocale.Key"}], "method_name": "object", "is_static": false, "class_name": "NSLocale", "method_description": "Returns the value of the component corresponding to the specified key.", "return_value": {"return_name": [""], "return_description": ["The object corresponding to key."], "return_type": ["Any"]}}, {"params": [{"param_description": "The locale property key of value. For possible values, see NSLocale.Key.", "param_name": ["forKey", "key"], "param_type": "NSLocale.Key"}, {"param_description": "A value for key.", "param_name": ["value"], "param_type": "Any"}], "method_name": "displayName", "is_static": false, "class_name": "NSLocale", "method_description": "Returns the display name for the given locale component value.", "return_value": {"return_name": [""], "return_description": ["The display name for value."], "return_type": ["String"]}}, {"params": [{"param_description": "The ISO language code.", "param_name": ["forLanguage", "isoLangCode"], "param_type": "String"}], "method_name": "characterDirection", "is_static": false, "class_name": "NSLocale", "method_description": "Returns the direction of the sequence of characters in a line for the specified ISO language code.", "return_value": {"return_name": [""], "return_description": ["Returns the direction in which characters appear within a line in the specified language. See NSLocale.LanguageDirection for possible values. If the appropriate direction can\u2019t be determined NSLocale.LanguageDirection.unknown is returned."], "return_type": ["NSLocale.LanguageDirection"]}}, {"params": [{"param_description": "The ISO language code.", "param_name": ["forLanguage", "isoLangCode"], "param_type": "String"}], "method_name": "lineDirection", "is_static": false, "class_name": "NSLocale", "method_description": "Returns the direction of the sequence of lines for the specified ISO language code.", "return_value": {"return_name": [""], "return_description": ["Returns the direction in which lines appear in the specified language. See NSLocale.LanguageDirection for possible values. If the appropriate direction can\u2019t be determined NSLocale.LanguageDirection.unknown is returned."], "return_type": ["NSLocale.LanguageDirection"]}}], "Vars": [{"var_type": "Locale", "var_description": "A locale which tracks the user\u2019s current preferences.", "var_name": "autoupdatingCurrent"}, {"var_type": "Locale", "var_description": "A locale representing the user's region settings at the time the property is read.", "var_name": "current"}, {"var_type": "NSNotification.Name", "var_description": "A notification that indicates that the user\u2019s locale changed.", "var_name": "currentLocaleDidChangeNotification"}, {"var_type": "Locale", "var_description": "A locale representing the generic root values with little localization.", "var_name": "system"}, {"var_type": "[String]", "var_description": "The list of locale identifiers available on the system.", "var_name": "availableLocaleIdentifiers"}, {"var_type": "[String]", "var_description": "The list of known country codes.", "var_name": "isoCountryCodes"}, {"var_type": "[String]", "var_description": "The list of known language codes.", "var_name": "isoLanguageCodes"}, {"var_type": "[String]", "var_description": "The list of known currency codes.", "var_name": "isoCurrencyCodes"}, {"var_type": "[String]", "var_description": "A list of commonly encountered currency codes.", "var_name": "commonISOCurrencyCodes"}, {"var_type": "String", "var_description": "The identifier for the locale.", "var_name": "localeIdentifier"}, {"var_type": "String", "var_description": "The country code for the locale.", "var_name": "countryCode"}, {"var_type": "String", "var_description": "The language code for the locale.", "var_name": "languageCode"}, {"var_type": "String", "var_description": "The script code for the locale.", "var_name": "scriptCode"}, {"var_type": "String", "var_description": "The variant code for the locale.", "var_name": "variantCode"}, {"var_type": "CharacterSet", "var_description": "The exemplar character set for the locale.", "var_name": "exemplarCharacterSet"}, {"var_type": "String", "var_description": "The collation identifier for the locale.", "var_name": "collationIdentifier"}, {"var_type": "String", "var_description": "The collator identifier for the locale.", "var_name": "collatorIdentifier"}, {"var_type": "Bool", "var_description": "A Boolean value that indicates whether the locale uses the metric system.", "var_name": "usesMetricSystem"}, {"var_type": "String", "var_description": "The decimal separator for the locale.", "var_name": "decimalSeparator"}, {"var_type": "String", "var_description": "The grouping separator for the locale.", "var_name": "groupingSeparator"}, {"var_type": "String", "var_description": "The currency code for the locale.", "var_name": "currencyCode"}, {"var_type": "String", "var_description": "The currency symbol for the locale.", "var_name": "currencySymbol"}, {"var_type": "String", "var_description": "The calendar identifier for the locale.", "var_name": "calendarIdentifier"}, {"var_type": "String", "var_description": "The begin quotation symbol for the locale.", "var_name": "quotationBeginDelimiter"}, {"var_type": "String", "var_description": "The end quotation symbol for the locale.", "var_name": "quotationEndDelimiter"}, {"var_type": "String", "var_description": "The alternate begin quotation symbol for the locale.", "var_name": "alternateQuotationBeginDelimiter"}, {"var_type": "String", "var_description": "The alternate end quotation symbol for the locale.", "var_name": "alternateQuotationEndDelimiter"}, {"var_type": "String", "var_description": "Identifier for the Gregorian calendar.DeprecatedUse gregorian instead.", "var_name": "NSGregorianCalendar"}, {"var_type": "String", "var_description": "Identifier for the Buddhist calendar.DeprecatedUse buddhist instead.", "var_name": "NSBuddhistCalendar"}, {"var_type": "String", "var_description": "Identifier for the Chinese calendar.DeprecatedUse chinese instead.", "var_name": "NSChineseCalendar"}, {"var_type": "String", "var_description": "Identifier for the Hebrew calendar.DeprecatedUse hebrew instead.", "var_name": "NSHebrewCalendar"}, {"var_type": "String", "var_description": "Identifier for the Islamic calendar.DeprecatedUse islamic instead.", "var_name": "NSIslamicCalendar"}, {"var_type": "String", "var_description": "Identifier for the Islamic civil calendar.DeprecatedUse islamicCivil instead.", "var_name": "NSIslamicCivilCalendar"}, {"var_type": "String", "var_description": "Identifier for the Japanese calendar.DeprecatedUse japanese instead.", "var_name": "NSJapaneseCalendar"}, {"var_type": "String", "var_description": "Identifier for the Republic of China (Taiwan) calendar.DeprecatedUse republicOfChina instead.", "var_name": "NSRepublicOfChinaCalendar"}, {"var_type": "String", "var_description": "Identifier for the Persian calendar.DeprecatedUse persian instead.", "var_name": "NSPersianCalendar"}, {"var_type": "String", "var_description": "Identifier for the Indian calendar.DeprecatedUse indian instead.", "var_name": "NSIndianCalendar"}, {"var_type": "String", "var_description": "Identifier for the ISO8601 calendar.DeprecatedUse ISO8601 instead.", "var_name": "NSISO8601Calendar"}, {"var_type": "[String]", "var_description": "An ordered list of the user's preferred languages.", "var_name": "preferredLanguages"}], "interface_list": ["CVarArg", "Equatable", "Hashable", "NSCopying", "NSSecureCoding"], "package_name": "foundation", "subclass_list": [], "class_name": "NSLocale", "class_description": "You typically use a locale to format and interpret information about and according to the user\u2019s customs and preferences.\nYou can initialize any number of locale instances with init(localeIdentifier:) using one of the locale identifiers found in the availableLocaleIdentifiers array. However, you usually use a locale configured to match the preferences of the current user. \nUse the current property to get the locale matching the current user's preferences. If you need to be alerted when the user does make changes to region settings, register for the currentLocaleDidChangeNotification notification. Alternatively, you can use the autoupdatingCurrent property to get a locale that automatically updates with the user's configuration settings:\nYou can inspect a locale by reading its properties, as listed in Getting Information About a Locale. For properties containing a code or identifier, you can then obtain a string suitable for presentation to the user with the methods listed in Getting Display Information About a Locale. For example, you can report the user's language as a string localized in that language using the autoupdating locale obtained in the previous example:\nYou frequently use a locale in conjunction with a formatter. For example, the DateFormatter class has a locale property that ensures dates are converted to strings that match the user's expectations about date formatting. By default, this property indicates the user's current locale, which is usually the behavior you want, but you can instead set it to another locale instance to obtain a different output. See Data Formatting Guide for more information about working with formatters.\nNSLocale is toll-free bridged with its Core Foundation counterpart, CFLocale. See Toll-Free Bridging for more information on toll-free bridging.\nImportant\nThe Swift overlay to the Foundation framework provides the Locale structure, which bridges to the NSLocale class. For more information about value types, see Working with Cocoa Frameworks in Using Swift with Cocoa and Objective-C (Swift 4.1).\n", "class_inherit_list": ["NSObject"]}