{"Methods": [{"params": [], "method_name": "init", "is_static": false, "class_name": "NSMapTableKeyCallBacks", "method_description": "", "return_value": {"return_name": [], "return_description": [], "return_type": []}}, {"params": [{"param_description": "", "param_name": ["hash"], "param_type": "((NSMapTable<AnyObject, AnyObject>, UnsafeRawPointer) -> Int)"}, {"param_description": "", "param_name": ["isEqual"], "param_type": "((NSMapTable<AnyObject, AnyObject>, UnsafeRawPointer, UnsafeRawPointer) -> ObjCBool)"}, {"param_description": "", "param_name": ["retain"], "param_type": "((NSMapTable<AnyObject, AnyObject>, UnsafeRawPointer) -> Void)"}, {"param_description": "", "param_name": ["release"], "param_type": "((NSMapTable<AnyObject, AnyObject>, UnsafeMutableRawPointer) -> Void)"}, {"param_description": "", "param_name": ["describe"], "param_type": "((NSMapTable<AnyObject, AnyObject>, UnsafeRawPointer) -> String)"}, {"param_description": "", "param_name": ["notAKeyMarker"], "param_type": "UnsafeRawPointer"}], "method_name": "init", "is_static": false, "class_name": "NSMapTableKeyCallBacks", "method_description": "", "return_value": {"return_name": ["", ["notAKeyMarker"]], "return_description": [], "return_type": ["String", "UnsafeRawPointer"]}}], "Vars": [{"var_type": "((NSMapTable<AnyObject,", "var_description": "Points to the function which produces an autoreleased NSString * describing the given element. If NULL, then the map table produces a generic string description.", "var_name": "describe"}, {"var_type": "((NSMapTable<AnyObject,", "var_description": "Points to the function which must produce hash code for key elements of the map table. If NULL, the pointer value is used as the hash code. Second parameter is the element for which hash code should be produced.", "var_name": "hash"}, {"var_type": "((NSMapTable<AnyObject,", "var_description": "Points to the function which compares second and third parameters. If NULL, then == is used for comparison.", "var_name": "isEqual"}, {"var_type": "UnsafeRawPointer", "var_description": "No key put in map table can be this value. An exception is raised if attempt is made to use this value as a key", "var_name": "notAKeyMarker"}, {"var_type": "((NSMapTable<AnyObject,", "var_description": "Points to the function which decrements a reference count for the given element, and if the reference count becomes zero, frees the given element. If NULL, then nothing is done for reference counting or releasing.", "var_name": "release"}, {"var_type": "((NSMapTable<AnyObject,", "var_description": "Points to the function which increments a reference count for the given element. If NULL, then nothing is done for reference counting.", "var_name": "retain"}], "interface_list": [], "package_name": "foundation", "subclass_list": [], "class_name": "NSMapTableKeyCallBacks", "class_description": "All functions must know the types of things in the map table to be able to operate on them. Sets of predefined call backs are described in NSMapTable.\nTwo predefined values to use for notAKeyMarker are NSNotAnIntMapKey and NSNotAPointerMapKey.\n", "class_inherit_list": []}