{"Methods": [{"params": [{"param_description": "", "param_name": ["msg"], "param_type": "UnsafeMutableRawPointer"}], "method_name": "handleMachMessage", "is_static": false, "class_name": "NSMachPortDelegate", "method_description": "Process an incoming Mach message.", "return_value": {"return_name": [], "return_description": [], "return_type": []}}], "Vars": [], "interface_list": [], "package_name": "foundation", "subclass_list": [], "class_name": "NSMachPortDelegate", "class_description": "Delegates of NSMachPort objects optionally adopt this protocol.\n", "class_inherit_list": ["PortDelegate"]}