{"Methods": [{"params": [], "method_name": "start", "is_static": false, "class_name": "NSMetadataQuery", "method_description": "Attempts to start the query.", "return_value": {"return_name": [""], "return_description": ["true when successful; otherwise, false."], "return_type": ["Bool"]}}, {"params": [], "method_name": "stop", "is_static": false, "class_name": "NSMetadataQuery", "method_description": "Stops the receiver\u2019s current query from gathering any further results.", "return_value": {"return_name": [], "return_description": [], "return_type": []}}, {"params": [{"param_description": "", "param_name": ["at", "idx"], "param_type": "Int"}], "method_name": "result", "is_static": false, "class_name": "NSMetadataQuery", "method_description": "Returns the query result at a specific index.", "return_value": {"return_name": [""], "return_description": ["The query result at the position specified by index. By default, this method returns an NSMetadataItem object representing the requested result; however, the query\u2019s delegate can substitute this object with an instance of a different class."], "return_type": ["Any"]}}, {"params": [{"param_description": "The query result object being inquired about.", "param_name": ["ofResult", "result"], "param_type": "Any"}], "method_name": "index", "is_static": false, "class_name": "NSMetadataQuery", "method_description": "Returns the index of a query result object in the receiver\u2019s results array.", "return_value": {"return_name": [""], "return_description": ["Index of result in the query result array."], "return_type": ["Int"]}}, {"params": [{"param_description": "The block to execute for each current result.", "param_name": ["block"], "param_type": "(Any, Int, UnsafeMutablePointer<ObjCBool>) -> Void"}], "method_name": "enumerateResults", "is_static": false, "class_name": "NSMetadataQuery", "method_description": "Enumerates the current set of results using the given block.", "return_value": {"return_name": [""], "return_description": [], "return_type": ["Void"]}}, {"params": [{"param_description": "Options for the enumeration. For a complete list of options, see NSEnumerationOptions. ", "param_name": ["options", "opts"], "param_type": "NSEnumerationOptions"}, {"param_description": "The block to execute for each current result.", "param_name": ["using", "block"], "param_type": "(Any, Int, UnsafeMutablePointer<ObjCBool>) -> Void"}], "method_name": "enumerateResults", "is_static": false, "class_name": "NSMetadataQuery", "method_description": "Enumerates the current set of results using the given options and block.", "return_value": {"return_name": [""], "return_description": [], "return_type": ["Void"]}}, {"params": [{"param_description": "", "param_name": ["ofAttribute", "attrName"], "param_type": "String"}, {"param_description": "", "param_name": ["forResultAt", "idx"], "param_type": "Int"}], "method_name": "value", "is_static": false, "class_name": "NSMetadataQuery", "method_description": "Returns the value for the attribute name attrName at the index in the results specified by idx.", "return_value": {"return_name": [""], "return_description": ["Value for attributeName in the result object at index in the query result array."], "return_type": ["Any"]}}, {"params": [], "method_name": "enableUpdates", "is_static": false, "class_name": "NSMetadataQuery", "method_description": "Enables updates to the query results.", "return_value": {"return_name": [], "return_description": [], "return_type": []}}, {"params": [], "method_name": "disableUpdates", "is_static": false, "class_name": "NSMetadataQuery", "method_description": "Disables updates to the query results.", "return_value": {"return_name": [], "return_description": [], "return_type": []}}], "Vars": [{"var_type": "[Any]", "var_description": "An array containing the search scopes.", "var_name": "searchScopes"}, {"var_type": "NSPredicate", "var_description": "The predicate used to filter query results.", "var_name": "predicate"}, {"var_type": "[NSSortDescriptor]", "var_description": "An array of sort descriptor objects.", "var_name": "sortDescriptors"}, {"var_type": "[String]", "var_description": "An array of attributes whose values are gathered by the query.", "var_name": "valueListAttributes"}, {"var_type": "[String]", "var_description": "An array of grouping attributes. (read-only)", "var_name": "groupingAttributes"}, {"var_type": "TimeInterval", "var_description": "The interval at which notification of updated results occurs.", "var_name": "notificationBatchingInterval"}, {"var_type": "NSMetadataQueryDelegate", "var_description": "The query\u2019s delegate.", "var_name": "delegate"}, {"var_type": "[Any]", "var_description": "An array of objects that define the query\u2019s scope.", "var_name": "searchItems"}, {"var_type": "Bool", "var_description": "A Boolean value that indicates whether the query has started. (read-only)", "var_name": "isStarted"}, {"var_type": "Bool", "var_description": "A Boolean value that indicates whether the receiver is in the initial gathering phase of the query. (read-only)", "var_name": "isGathering"}, {"var_type": "Bool", "var_description": "A Boolean value that indicates whether the query has stopped.", "var_name": "isStopped"}, {"var_type": "[Any]", "var_description": "An array containing the query\u2019s results.", "var_name": "results"}, {"var_type": "Int", "var_description": "The number of results returned by the query. (read-only)", "var_name": "resultCount"}, {"var_type": "[NSMetadataQueryResultGroup]", "var_description": "An array containing hierarchical groups of query results. (read-only)", "var_name": "groupedResults"}, {"var_type": "[String", "var_description": "A dictionary containing the value lists generated by the query.", "var_name": "valueLists"}, {"var_type": "OperationQueue", "var_description": "The queue on which query result notifications are posted.", "var_name": "operationQueue"}, {"var_type": "String", "var_description": "Search the user\u2019s home directory.", "var_name": "NSMetadataQueryUserHomeScope"}, {"var_type": "String", "var_description": "Search all local mounted volumes, including the user home directory. The user\u2019s home directory is searched even if it is a remote volume.", "var_name": "NSMetadataQueryLocalComputerScope"}, {"var_type": "String", "var_description": "Search all user-mounted remote volumes.", "var_name": "NSMetadataQueryNetworkScope"}, {"var_type": "String", "var_description": "Search all files in the Documents directories of the app\u2019s iCloud container directories.", "var_name": "NSMetadataQueryUbiquitousDocumentsScope"}, {"var_type": "String", "var_description": "Search all files not in the Documents directories of the app\u2019s iCloud container directories.", "var_name": "NSMetadataQueryUbiquitousDataScope"}, {"var_type": "String", "var_description": "Search for documents outside the app\u2019s container. This search can locate iCloud documents that the user previously opened using a document picker view controller. This lets your app access the documents again without requiring direct user interaction. The result\u2019s NSMetadataItemURLKey attributes return security-scoped NSURLs. For more information on working with security-scoped URLs, see Security-Scoped URLs in NSURL.", "var_name": "NSMetadataQueryAccessibleUbiquitousExternalDocumentsScope"}, {"var_type": "String", "var_description": "Search all indexed local mounted volumes including the current user\u2019s home directory (even if the home directory is remote).", "var_name": "NSMetadataQueryIndexedLocalComputerScope"}, {"var_type": "String", "var_description": "Search all indexed user-mounted remote volumes.", "var_name": "NSMetadataQueryIndexedNetworkScope"}, {"var_type": "String", "var_description": "", "var_name": "NSMetadataQueryResultContentRelevanceAttribute"}, {"var_type": "String", "var_description": "The key for retrieving an array of items added to the query result. By default, this array contains NSMetadataItem objects, representing the query\u2019s results; however, the query\u2019s delegate can substitute these objects with instances of a different class.", "var_name": "NSMetadataQueryUpdateAddedItemsKey"}, {"var_type": "String", "var_description": "The key for retrieving an array of items that have changed in the query result. By default, this array contains NSMetadataItem objects, representing the query\u2019s results; however, the query\u2019s delegate can substitute these objects with instances of a different class.", "var_name": "NSMetadataQueryUpdateChangedItemsKey"}, {"var_type": "String", "var_description": "The key for retrieving an array of items removed from the query result. By default, this array contains NSMetadataItem objects, representing the query\u2019s results; however, the query\u2019s delegate can substitute these objects with instances of a different class.", "var_name": "NSMetadataQueryUpdateRemovedItemsKey"}, {"var_type": "NSNotification.Name", "var_description": "Posted when the receiver has finished with the initial result-gathering phase of the query.", "var_name": "NSMetadataQueryDidFinishGathering"}, {"var_type": "NSNotification.Name", "var_description": "Posted when the receiver begins with the initial result-gathering phase of the query.", "var_name": "NSMetadataQueryDidStartGathering"}, {"var_type": "NSNotification.Name", "var_description": "Posted when the receiver\u2019s results have changed during the live-update phase of the query.", "var_name": "NSMetadataQueryDidUpdate"}, {"var_type": "NSNotification.Name", "var_description": "Posted as the receiver is collecting results during the initial result-gathering phase of the query.", "var_name": "NSMetadataQueryGatheringProgress"}], "interface_list": ["CVarArg", "Equatable", "Hashable"], "package_name": "foundation", "subclass_list": [], "class_name": "NSMetadataQuery", "class_description": "The NSMetadataQuery class encapsulates the functionality provided by the MDQuery opaque type for querying the Spotlight metadata.\nNSMetadataQuery objects provide metadata query results in several ways:\nAs individual attribute values for requested attributes.\nAs value lists that contain the distinct values for given attributes in the query results.\nAs a result array proxy, containing all the query results. This is suitable for use with Cocoa bindings.\nAs a hierarchical collection of results, grouping together items with the same values for specified grouping attributes. This is also suitable for use with Cocoa bindings.\nQueries have two phases: the initial gathering phase that collects all currently matching results and a second live-update phase.\nBy default, the receiver has no limitation on its search scope. Use the searchScopes property to customize.\nBy default, notification of updated results occurs at 1.0 seconds. Use the notificationBatchingInterval property to customize.\nYou must set a predicate with the predicate property before starting a query.\n", "class_inherit_list": ["NSObject"]}