{"Methods": [{"params": [{"param_description": "", "param_name": ["doubleValue"], "param_type": "Double"}, {"param_description": "The unit of measure.", "param_name": ["unit"], "param_type": "Unit"}], "method_name": "init", "is_static": false, "class_name": "NSMeasurement", "method_description": "Initializes a new measurement with a specified double-precision floating-point value and unit.", "return_value": {"return_name": [], "return_description": ["A measurement initialized to have the specified double-precision floating-point value and unit."], "return_type": []}}, {"params": [{"param_description": "", "param_name": ["to", "unit"], "param_type": "Unit"}], "method_name": "canBeConverted", "is_static": false, "class_name": "NSMeasurement", "method_description": "Indicates whether the measurement can be converted to the given unit.", "return_value": {"return_name": [""], "return_description": [], "return_type": ["Bool"]}}, {"params": [{"param_description": "The unit to convert the measurement into.", "param_name": ["to", "unit"], "param_type": "Unit"}], "method_name": "converting", "is_static": false, "class_name": "NSMeasurement", "method_description": "Returns a measurement created by converting the receiver to the specified unit.", "return_value": {"return_name": [""], "return_description": ["A new measurement with a value calculated by converting into the new unit."], "return_type": ["Measurement<Unit>"]}}, {"params": [{"param_description": "The measurement to be added.", "param_name": ["measurement"], "param_type": "Measurement<Unit>"}], "method_name": "adding", "is_static": false, "class_name": "NSMeasurement", "method_description": "Returns a new measurement by adding the receiver to the specified measurement.", "return_value": {"return_name": [""], "return_description": ["A new measurement with a value equal to the receiver\u2019s value plus the value of the specified measurement converted into the unit of the receiver."], "return_type": ["Measurement<Unit>"]}}, {"params": [{"param_description": "The measurement to be subtracted.", "param_name": ["measurement"], "param_type": "Measurement<Unit>"}], "method_name": "subtracting", "is_static": false, "class_name": "NSMeasurement", "method_description": "Returns a new measurement by subtracting the specified measurement from the receiver.", "return_value": {"return_name": [""], "return_description": ["A new measurement with a value equal to the receiver\u2019s value minus the value of the specified measurement converted into the unit of the receiver."], "return_type": ["Measurement<Unit>"]}}], "Vars": [{"var_type": "Unit", "var_description": "The unit of measure.", "var_name": "unit"}, {"var_type": "Double", "var_description": "The measurement value, represented as a double-precision floating-point number.", "var_name": "doubleValue"}], "interface_list": ["CVarArg", "Equatable", "Hashable", "NSCopying", "NSSecureCoding"], "package_name": "foundation", "subclass_list": [], "class_name": "NSMeasurement", "class_description": "An NSMeasurement object represents a quantity and unit of measure. The NSMeasurement class provides a programmatic interface to converting measurements into different units, as well as calculating the sum or difference between two measurements.\nNSMeasurement objects are initialized with an Unit object and double value. NSMeasurement objects are immutable, and cannot be changed after being created.\nYou can use the MeasurementFormatter class to create localized string representations of NSMeasurement objects.\nImportant\nThe Swift overlay to the Foundation framework provides the Measurement structure, which bridges to the NSMeasurement class. For more information about value types, see Working with Cocoa Frameworks in Using Swift with Cocoa and Objective-C (Swift 4.1).\n", "class_inherit_list": ["NSObject"]}