{"Methods": [], "Vars": [{"var_type": "String", "var_description": "The attribute name for the tuple\u2019s value.", "var_name": "attribute"}, {"var_type": "Int", "var_description": "The number of instances of the value for the tuple\u2019s attribute.", "var_name": "count"}, {"var_type": "Any", "var_description": "The value of the tuple\u2019s attribute.", "var_name": "value"}], "interface_list": ["CVarArg", "Equatable", "Hashable"], "package_name": "foundation", "subclass_list": [], "class_name": "NSMetadataQueryAttributeValueTuple", "class_description": "Attribute-value tuples are returned by NSMetadataQuery objects as the results in the value lists. Each attribute/value tuple contains the attribute name, the value, and the number of instances of that value that exist for the attribute name.\n", "class_inherit_list": ["NSObject"]}