{"Methods": [{"params": [{"param_description": "The URL for the metadata item.", "param_name": ["url"], "param_type": "URL"}], "method_name": "init", "is_static": false, "class_name": "NSMetadataItem", "method_description": "Initializes a metadata item with a given URL.", "return_value": {"return_name": [], "return_description": ["A metadata item for the file identified by url."], "return_type": []}}, {"params": [{"param_description": "The name of a metadata attribute. See the \u201cConstants\u201d section for a list of possible keys.", "param_name": ["forAttribute", "key"], "param_type": "String"}], "method_name": "value", "is_static": false, "class_name": "NSMetadataItem", "method_description": "Returns the receiver\u2019s metadata attribute name specified by a given key.", "return_value": {"return_name": [""], "return_description": ["The receiver\u2019s metadata attribute name specified by key."], "return_type": ["Any"]}}, {"params": [{"param_description": "An array containing NSString objects that specify the names of a metadata attributes. See the \u201cConstants\u201d section for a list of possible keys.", "param_name": ["forAttributes", "keys"], "param_type": "[String]"}], "method_name": "values", "is_static": false, "class_name": "NSMetadataItem", "method_description": "Returns a dictionary containing the key-value pairs for the attribute names specified by a given array of keys.", "return_value": {"return_name": [["[String"]], "return_description": ["A dictionary containing the key-value pairs for the attribute names specified by keys."], "return_type": ["Any]"]}}], "Vars": [{"var_type": "[String]", "var_description": "An array containing the attribute keys for the metadata item\u2019s values.", "var_name": "attributes"}, {"var_type": "String", "var_description": "", "var_name": "NSMetadataItemAudiencesKey"}, {"var_type": "String", "var_description": "", "var_name": "NSMetadataItemAudioBitRateKey"}, {"var_type": "String", "var_description": "", "var_name": "NSMetadataItemAudioChannelCountKey"}, {"var_type": "String", "var_description": "", "var_name": "NSMetadataItemAudioEncodingApplicationKey"}, {"var_type": "String", "var_description": "", "var_name": "NSMetadataItemAudioSampleRateKey"}, {"var_type": "String", "var_description": "", "var_name": "NSMetadataItemAudioTrackNumberKey"}, {"var_type": "String", "var_description": "", "var_name": "NSMetadataItemAuthorAddressesKey"}, {"var_type": "String", "var_description": "", "var_name": "NSMetadataItemAuthorEmailAddressesKey"}, {"var_type": "String", "var_description": "", "var_name": "NSMetadataItemAuthorsKey"}, {"var_type": "String", "var_description": "", "var_name": "NSMetadataItemAcquisitionMakeKey"}, {"var_type": "String", "var_description": "", "var_name": "NSMetadataItemAcquisitionModelKey"}, {"var_type": "String", "var_description": "", "var_name": "NSMetadataItemAlbumKey"}, {"var_type": "String", "var_description": "", "var_name": "NSMetadataItemAltitudeKey"}, {"var_type": "String", "var_description": "", "var_name": "NSMetadataItemApertureKey"}, {"var_type": "String", "var_description": "", "var_name": "NSMetadataItemAppleLoopDescriptorsKey"}, {"var_type": "String", "var_description": "", "var_name": "NSMetadataItemAppleLoopsKeyFilterTypeKey"}, {"var_type": "String", "var_description": "", "var_name": "NSMetadataItemAppleLoopsLoopModeKey"}, {"var_type": "String", "var_description": "", "var_name": "NSMetadataItemAppleLoopsRootKeyKey"}, {"var_type": "String", "var_description": "", "var_name": "NSMetadataItemApplicationCategoriesKey"}, {"var_type": "String", "var_description": "", "var_name": "NSMetadataItemAttributeChangeDateKey"}, {"var_type": "String", "var_description": "", "var_name": "NSMetadataItemFSNameKey"}, {"var_type": "String", "var_description": "", "var_name": "NSMetadataItemDisplayNameKey"}, {"var_type": "String", "var_description": "", "var_name": "NSMetadataItemURLKey"}, {"var_type": "String", "var_description": "", "var_name": "NSMetadataItemPathKey"}, {"var_type": "String", "var_description": "", "var_name": "NSMetadataItemFSSizeKey"}, {"var_type": "String", "var_description": "", "var_name": "NSMetadataItemFSCreationDateKey"}, {"var_type": "String", "var_description": "", "var_name": "NSMetadataItemFSContentChangeDateKey"}, {"var_type": "String", "var_description": "", "var_name": "NSMetadataItemBitsPerSampleKey"}, {"var_type": "String", "var_description": "", "var_name": "NSMetadataItemCFBundleIdentifierKey"}, {"var_type": "String", "var_description": "", "var_name": "NSMetadataItemCameraOwnerKey"}, {"var_type": "String", "var_description": "", "var_name": "NSMetadataItemCityKey"}, {"var_type": "String", "var_description": "", "var_name": "NSMetadataItemCodecsKey"}, {"var_type": "String", "var_description": "", "var_name": "NSMetadataItemColorSpaceKey"}, {"var_type": "String", "var_description": "", "var_name": "NSMetadataItemCommentKey"}, {"var_type": "String", "var_description": "", "var_name": "NSMetadataItemComposerKey"}, {"var_type": "String", "var_description": "", "var_name": "NSMetadataItemContactKeywordsKey"}, {"var_type": "String", "var_description": "", "var_name": "NSMetadataItemContentCreationDateKey"}, {"var_type": "String", "var_description": "", "var_name": "NSMetadataItemContentModificationDateKey"}, {"var_type": "String", "var_description": "", "var_name": "NSMetadataItemContentTypeKey"}, {"var_type": "String", "var_description": "", "var_name": "NSMetadataItemContentTypeTreeKey"}, {"var_type": "String", "var_description": "", "var_name": "NSMetadataItemContributorsKey"}, {"var_type": "String", "var_description": "", "var_name": "NSMetadataItemCopyrightKey"}, {"var_type": "String", "var_description": "", "var_name": "NSMetadataItemCountryKey"}, {"var_type": "String", "var_description": "", "var_name": "NSMetadataItemCoverageKey"}, {"var_type": "String", "var_description": "", "var_name": "NSMetadataItemCreatorKey"}, {"var_type": "String", "var_description": "", "var_name": "NSMetadataItemDateAddedKey"}, {"var_type": "String", "var_description": "", "var_name": "NSMetadataItemDeliveryTypeKey"}, {"var_type": "String", "var_description": "", "var_name": "NSMetadataItemDescriptionKey"}, {"var_type": "String", "var_description": "", "var_name": "NSMetadataItemDirectorKey"}, {"var_type": "String", "var_description": "", "var_name": "NSMetadataItemDownloadedDateKey"}, {"var_type": "String", "var_description": "", "var_name": "NSMetadataItemDueDateKey"}, {"var_type": "String", "var_description": "", "var_name": "NSMetadataItemDurationSecondsKey"}, {"var_type": "String", "var_description": "", "var_name": "NSMetadataItemEXIFGPSVersionKey"}, {"var_type": "String", "var_description": "", "var_name": "NSMetadataItemEXIFVersionKey"}, {"var_type": "String", "var_description": "", "var_name": "NSMetadataItemEditorsKey"}, {"var_type": "String", "var_description": "", "var_name": "NSMetadataItemEmailAddressesKey"}, {"var_type": "String", "var_description": "", "var_name": "NSMetadataItemEncodingApplicationsKey"}, {"var_type": "String", "var_description": "", "var_name": "NSMetadataItemExecutableArchitecturesKey"}, {"var_type": "String", "var_description": "", "var_name": "NSMetadataItemExecutablePlatformKey"}, {"var_type": "String", "var_description": "", "var_name": "NSMetadataItemExposureModeKey"}, {"var_type": "String", "var_description": "", "var_name": "NSMetadataItemExposureProgramKey"}, {"var_type": "String", "var_description": "", "var_name": "NSMetadataItemExposureTimeSecondsKey"}, {"var_type": "String", "var_description": "", "var_name": "NSMetadataItemExposureTimeStringKey"}, {"var_type": "String", "var_description": "", "var_name": "NSMetadataItemFNumberKey"}, {"var_type": "String", "var_description": "", "var_name": "NSMetadataItemFinderCommentKey"}, {"var_type": "String", "var_description": "", "var_name": "NSMetadataItemFlashOnOffKey"}, {"var_type": "String", "var_description": "", "var_name": "NSMetadataItemFocalLength35mmKey"}, {"var_type": "String", "var_description": "", "var_name": "NSMetadataItemFocalLengthKey"}, {"var_type": "String", "var_description": "", "var_name": "NSMetadataItemFontsKey"}, {"var_type": "String", "var_description": "", "var_name": "NSMetadataItemGPSAreaInformationKey"}, {"var_type": "String", "var_description": "", "var_name": "NSMetadataItemGPSDOPKey"}, {"var_type": "String", "var_description": "", "var_name": "NSMetadataItemGPSDateStampKey"}, {"var_type": "String", "var_description": "", "var_name": "NSMetadataItemGPSDestBearingKey"}, {"var_type": "String", "var_description": "", "var_name": "NSMetadataItemGPSDestDistanceKey"}, {"var_type": "String", "var_description": "", "var_name": "NSMetadataItemGPSDestLatitudeKey"}, {"var_type": "String", "var_description": "", "var_name": "NSMetadataItemGPSDestLongitudeKey"}, {"var_type": "String", "var_description": "", "var_name": "NSMetadataItemGPSDifferentalKey"}, {"var_type": "String", "var_description": "", "var_name": "NSMetadataItemGPSMapDatumKey"}, {"var_type": "String", "var_description": "", "var_name": "NSMetadataItemGPSMeasureModeKey"}, {"var_type": "String", "var_description": "", "var_name": "NSMetadataItemGPSProcessingMethodKey"}, {"var_type": "String", "var_description": "", "var_name": "NSMetadataItemGPSStatusKey"}, {"var_type": "String", "var_description": "", "var_name": "NSMetadataItemGPSTrackKey"}, {"var_type": "String", "var_description": "", "var_name": "NSMetadataItemGenreKey"}, {"var_type": "String", "var_description": "", "var_name": "NSMetadataItemHasAlphaChannelKey"}, {"var_type": "String", "var_description": "", "var_name": "NSMetadataItemHeadlineKey"}, {"var_type": "String", "var_description": "", "var_name": "NSMetadataItemISOSpeedKey"}, {"var_type": "String", "var_description": "", "var_name": "NSMetadataItemIdentifierKey"}, {"var_type": "String", "var_description": "", "var_name": "NSMetadataItemImageDirectionKey"}, {"var_type": "String", "var_description": "", "var_name": "NSMetadataItemInformationKey"}, {"var_type": "String", "var_description": "", "var_name": "NSMetadataItemInstantMessageAddressesKey"}, {"var_type": "String", "var_description": "", "var_name": "NSMetadataItemInstructionsKey"}, {"var_type": "String", "var_description": "", "var_name": "NSMetadataItemIsApplicationManagedKey"}, {"var_type": "String", "var_description": "", "var_name": "NSMetadataItemIsGeneralMIDISequenceKey"}, {"var_type": "String", "var_description": "", "var_name": "NSMetadataItemIsLikelyJunkKey"}, {"var_type": "String", "var_description": "", "var_name": "NSMetadataItemKeySignatureKey"}, {"var_type": "String", "var_description": "", "var_name": "NSMetadataItemKeywordsKey"}, {"var_type": "String", "var_description": "", "var_name": "NSMetadataItemKindKey"}, {"var_type": "String", "var_description": "", "var_name": "NSMetadataItemLanguagesKey"}, {"var_type": "String", "var_description": "", "var_name": "NSMetadataItemLastUsedDateKey"}, {"var_type": "String", "var_description": "", "var_name": "NSMetadataItemLatitudeKey"}, {"var_type": "String", "var_description": "", "var_name": "NSMetadataItemLayerNamesKey"}, {"var_type": "String", "var_description": "", "var_name": "NSMetadataItemLensModelKey"}, {"var_type": "String", "var_description": "", "var_name": "NSMetadataItemLongitudeKey"}, {"var_type": "String", "var_description": "", "var_name": "NSMetadataItemLyricistKey"}, {"var_type": "String", "var_description": "", "var_name": "NSMetadataItemMaxApertureKey"}, {"var_type": "String", "var_description": "", "var_name": "NSMetadataItemMediaTypesKey"}, {"var_type": "String", "var_description": "", "var_name": "NSMetadataItemMeteringModeKey"}, {"var_type": "String", "var_description": "", "var_name": "NSMetadataItemMusicalGenreKey"}, {"var_type": "String", "var_description": "", "var_name": "NSMetadataItemMusicalInstrumentCategoryKey"}, {"var_type": "String", "var_description": "", "var_name": "NSMetadataItemMusicalInstrumentNameKey"}, {"var_type": "String", "var_description": "", "var_name": "NSMetadataItemNamedLocationKey"}, {"var_type": "String", "var_description": "", "var_name": "NSMetadataItemNumberOfPagesKey"}, {"var_type": "String", "var_description": "", "var_name": "NSMetadataItemOrganizationsKey"}, {"var_type": "String", "var_description": "", "var_name": "NSMetadataItemOrientationKey"}, {"var_type": "String", "var_description": "", "var_name": "NSMetadataItemOriginalFormatKey"}, {"var_type": "String", "var_description": "", "var_name": "NSMetadataItemOriginalSourceKey"}, {"var_type": "String", "var_description": "", "var_name": "NSMetadataItemPageHeightKey"}, {"var_type": "String", "var_description": "", "var_name": "NSMetadataItemPageWidthKey"}, {"var_type": "String", "var_description": "", "var_name": "NSMetadataItemParticipantsKey"}, {"var_type": "String", "var_description": "", "var_name": "NSMetadataItemPerformersKey"}, {"var_type": "String", "var_description": "", "var_name": "NSMetadataItemPhoneNumbersKey"}, {"var_type": "String", "var_description": "", "var_name": "NSMetadataItemPixelCountKey"}, {"var_type": "String", "var_description": "", "var_name": "NSMetadataItemPixelHeightKey"}, {"var_type": "String", "var_description": "", "var_name": "NSMetadataItemPixelWidthKey"}, {"var_type": "String", "var_description": "", "var_name": "NSMetadataItemProducerKey"}, {"var_type": "String", "var_description": "", "var_name": "NSMetadataItemProfileNameKey"}, {"var_type": "String", "var_description": "", "var_name": "NSMetadataItemProjectsKey"}, {"var_type": "String", "var_description": "", "var_name": "NSMetadataItemPublishersKey"}, {"var_type": "String", "var_description": "", "var_name": "NSMetadataItemRecipientAddressesKey"}, {"var_type": "String", "var_description": "", "var_name": "NSMetadataItemRecipientEmailAddressesKey"}, {"var_type": "String", "var_description": "", "var_name": "NSMetadataItemRecipientsKey"}, {"var_type": "String", "var_description": "", "var_name": "NSMetadataItemRecordingDateKey"}, {"var_type": "String", "var_description": "", "var_name": "NSMetadataItemRecordingYearKey"}, {"var_type": "String", "var_description": "", "var_name": "NSMetadataItemRedEyeOnOffKey"}, {"var_type": "String", "var_description": "", "var_name": "NSMetadataItemResolutionHeightDPIKey"}, {"var_type": "String", "var_description": "", "var_name": "NSMetadataItemResolutionWidthDPIKey"}, {"var_type": "String", "var_description": "", "var_name": "NSMetadataItemRightsKey"}, {"var_type": "String", "var_description": "", "var_name": "NSMetadataItemSecurityMethodKey"}, {"var_type": "String", "var_description": "", "var_name": "NSMetadataItemSpeedKey"}, {"var_type": "String", "var_description": "", "var_name": "NSMetadataItemStarRatingKey"}, {"var_type": "String", "var_description": "", "var_name": "NSMetadataItemStateOrProvinceKey"}, {"var_type": "String", "var_description": "", "var_name": "NSMetadataItemStreamableKey"}, {"var_type": "String", "var_description": "", "var_name": "NSMetadataItemSubjectKey"}, {"var_type": "String", "var_description": "", "var_name": "NSMetadataItemTempoKey"}, {"var_type": "String", "var_description": "", "var_name": "NSMetadataItemTextContentKey"}, {"var_type": "String", "var_description": "", "var_name": "NSMetadataItemThemeKey"}, {"var_type": "String", "var_description": "", "var_name": "NSMetadataItemTimeSignatureKey"}, {"var_type": "String", "var_description": "", "var_name": "NSMetadataItemTimestampKey"}, {"var_type": "String", "var_description": "", "var_name": "NSMetadataItemTitleKey"}, {"var_type": "String", "var_description": "", "var_name": "NSMetadataItemTotalBitRateKey"}, {"var_type": "String", "var_description": "", "var_name": "NSMetadataItemVersionKey"}, {"var_type": "String", "var_description": "", "var_name": "NSMetadataItemVideoBitRateKey"}, {"var_type": "String", "var_description": "", "var_name": "NSMetadataItemWhereFromsKey"}, {"var_type": "String", "var_description": "", "var_name": "NSMetadataItemWhiteBalanceKey"}, {"var_type": "String", "var_description": "", "var_name": "NSMetadataItemIsUbiquitousKey"}, {"var_type": "String", "var_description": "", "var_name": "NSMetadataUbiquitousItemContainerDisplayNameKey"}, {"var_type": "String", "var_description": "", "var_name": "NSMetadataUbiquitousItemDownloadRequestedKey"}, {"var_type": "String", "var_description": "", "var_name": "NSMetadataUbiquitousItemIsExternalDocumentKey"}, {"var_type": "String", "var_description": "", "var_name": "NSMetadataUbiquitousItemURLInLocalContainerKey"}, {"var_type": "String", "var_description": "", "var_name": "NSMetadataUbiquitousItemHasUnresolvedConflictsKey"}, {"var_type": "String", "var_description": "", "var_name": "NSMetadataUbiquitousItemIsDownloadedKey"}, {"var_type": "String", "var_description": "", "var_name": "NSMetadataUbiquitousItemIsDownloadingKey"}, {"var_type": "String", "var_description": "", "var_name": "NSMetadataUbiquitousItemIsUploadedKey"}, {"var_type": "String", "var_description": "", "var_name": "NSMetadataUbiquitousItemIsUploadingKey"}, {"var_type": "String", "var_description": "", "var_name": "NSMetadataUbiquitousItemPercentDownloadedKey"}, {"var_type": "String", "var_description": "", "var_name": "NSMetadataUbiquitousItemPercentUploadedKey"}, {"var_type": "String", "var_description": "", "var_name": "NSMetadataUbiquitousItemDownloadingStatusKey"}, {"var_type": "String", "var_description": "", "var_name": "NSMetadataUbiquitousItemDownloadingErrorKey"}, {"var_type": "String", "var_description": "", "var_name": "NSMetadataUbiquitousItemUploadingErrorKey"}, {"var_type": "String", "var_description": "", "var_name": "NSMetadataUbiquitousItemIsSharedKey"}, {"var_type": "String", "var_description": "", "var_name": "NSMetadataUbiquitousSharedItemCurrentUserPermissionsKey"}, {"var_type": "String", "var_description": "", "var_name": "NSMetadataUbiquitousSharedItemCurrentUserRoleKey"}, {"var_type": "String", "var_description": "", "var_name": "NSMetadataUbiquitousSharedItemMostRecentEditorNameComponentsKey"}, {"var_type": "String", "var_description": "", "var_name": "NSMetadataUbiquitousSharedItemOwnerNameComponentsKey"}, {"var_type": "String", "var_description": "", "var_name": "NSMetadataUbiquitousItemDownloadingStatusCurrent"}, {"var_type": "String", "var_description": "", "var_name": "NSMetadataUbiquitousItemDownloadingStatusDownloaded"}, {"var_type": "String", "var_description": "", "var_name": "NSMetadataUbiquitousItemDownloadingStatusNotDownloaded"}, {"var_type": "String", "var_description": "", "var_name": "NSMetadataUbiquitousSharedItemPermissionsReadOnly"}, {"var_type": "String", "var_description": "", "var_name": "NSMetadataUbiquitousSharedItemPermissionsReadWrite"}, {"var_type": "String", "var_description": "", "var_name": "NSMetadataUbiquitousSharedItemRoleOwner"}, {"var_type": "String", "var_description": "", "var_name": "NSMetadataUbiquitousSharedItemRoleParticipant"}], "interface_list": ["CVarArg", "Equatable", "Hashable"], "package_name": "foundation", "subclass_list": [], "class_name": "NSMetadataItem", "class_description": "Metadata items provide a simple interface to retrieve the available attribute names and values.\n", "class_inherit_list": ["NSObject"]}