{"Methods": [{"params": [{"param_description": "The number of characters the string is expected to initially contain.", "param_name": ["capacity"], "param_type": "Int"}], "method_name": "init", "is_static": false, "class_name": "NSMutableString", "method_description": "Returns an NSMutableString object initialized with initial storage for a given number of characters,", "return_value": {"return_name": [], "return_description": ["An initialized NSMutableString object with initial storage for capacity characters. The returned object might be different than the original receiver."], "return_type": []}}, {"params": [{"param_description": "The string to append to the receiver. aString must not be nil", "param_name": ["aString"], "param_type": "String"}], "method_name": "append", "is_static": false, "class_name": "NSMutableString", "method_description": "Adds to the end of the receiver the characters of a given string.", "return_value": {"return_name": [], "return_description": [], "return_type": []}}, {"params": [{"param_description": "The transformation to apply. For a list of possible values, see String Transformations. If the specified transform does not exist, the receiver is not modified, and this method returns false.", "param_name": ["transform"], "param_type": "StringTransform"}, {"param_description": "Whether an inverse transform should be used. If the specified transform does not have an inverse, the receiver is not modified, and this method returns false.", "param_name": ["reverse"], "param_type": "Bool"}, {"param_description": "The range of the string to transform. range must not exceed the bounds of the receiver.ImportantRaises an NSRangeException if any part of aRange lies beyond the end of the string. ", "param_name": ["range"], "param_type": "NSRange"}, {"param_description": "If the transform was successfully applied, upon return contains the range of the transformed string.", "param_name": ["updatedRange", "resultingRange"], "param_type": "NSRangePointer"}], "method_name": "applyTransform", "is_static": false, "class_name": "NSMutableString", "method_description": "Transliterates the receiver by applying a specified ICU string transform.", "return_value": {"return_name": [""], "return_description": ["true if the transform was successfully applied. Otherwise, false."], "return_type": ["Bool"]}}, {"params": [{"param_description": "", "param_name": ["in", "range"], "param_type": "NSRange"}], "method_name": "deleteCharacters", "is_static": false, "class_name": "NSMutableString", "method_description": "Removes from the receiver the characters in a given range.", "return_value": {"return_name": [], "return_description": [], "return_type": []}}, {"params": [{"param_description": "The string to insert into the receiver. aString must not be nil.", "param_name": ["aString"], "param_type": "String"}, {"param_description": "", "param_name": ["at", "loc"], "param_type": "Int"}], "method_name": "insert", "is_static": false, "class_name": "NSMutableString", "method_description": "Inserts into the receiver the characters of a given string at a given location.", "return_value": {"return_name": [], "return_description": [], "return_type": []}}, {"params": [{"param_description": "", "param_name": ["in", "range"], "param_type": "NSRange"}, {"param_description": "The string with which to replace the characters in aRange. aString must not be nil.", "param_name": ["with", "aString"], "param_type": "String"}], "method_name": "replaceCharacters", "is_static": false, "class_name": "NSMutableString", "method_description": "Replaces the characters from aRange with those in aString.", "return_value": {"return_name": [], "return_description": [], "return_type": []}}, {"params": [{"param_description": "The string to replace.ImportantRaises an NSInvalidArgumentException if target is nil. ", "param_name": ["of", "target"], "param_type": "String"}, {"param_description": "The string with which to replace target.ImportantRaises an NSInvalidArgumentException if replacement is nil. ", "param_name": ["with", "replacement"], "param_type": "String"}, {"param_description": "", "param_name": ["options"], "param_type": "NSString.CompareOptions"}, {"param_description": "The range of characters to replace. aRange must not exceed the bounds of the receiver. Specify searchRange as NSMakeRange(0, [receiver length]) to process the entire string.ImportantRaises an NSRangeException if any part of searchRange lies beyond the end of the receiver. ", "param_name": ["range", "searchRange"], "param_type": "NSRange"}], "method_name": "replaceOccurrences", "is_static": false, "class_name": "NSMutableString", "method_description": "Replaces all occurrences of a given string in a given range with another given string, returning the number of replacements.", "return_value": {"return_name": [""], "return_description": ["The number of replacements made."], "return_type": ["Int"]}}, {"params": [{"param_description": "The string with which to replace the receiver's content. aString must not be nil.", "param_name": ["aString"], "param_type": "String"}], "method_name": "setString", "is_static": false, "class_name": "NSMutableString", "method_description": "Replaces the characters of the receiver with those in a given string.", "return_value": {"return_name": [], "return_description": [], "return_type": []}}, {"params": [{"param_description": "", "param_name": ["format"], "param_type": "NSString"}, {"param_description": "", "param_name": ["args"], "param_type": "CVarArg..."}], "method_name": "appendFormat", "is_static": false, "class_name": "NSMutableString", "method_description": "", "return_value": {"return_name": [], "return_description": [], "return_type": []}}], "Vars": [{"var_type": "StringTransform", "var_description": "A constant containing the transliteration of a string from Latin script to Katakana script.", "var_name": "latinToKatakana"}, {"var_type": "StringTransform", "var_description": "A constant containing the transliteration of a string from Latin script to Hiragana script.", "var_name": "latinToHiragana"}, {"var_type": "StringTransform", "var_description": "A constant containing the transliteration of a string from Latin script to Hangul script.", "var_name": "latinToHangul"}, {"var_type": "StringTransform", "var_description": "A constant containing the transliteration of a string from Latin script to Arabic script.", "var_name": "latinToArabic"}, {"var_type": "StringTransform", "var_description": "A constant containing the transliteration of a string from Latin script to Hebrew script.", "var_name": "latinToHebrew"}, {"var_type": "StringTransform", "var_description": "A constant containing the transliteration of a string from Latin script to Thai script.", "var_name": "latinToThai"}, {"var_type": "StringTransform", "var_description": "A constant containing the transliteration of a string from Latin script to Cyrillic script.", "var_name": "latinToCyrillic"}, {"var_type": "StringTransform", "var_description": "A constant containing the transliteration of a string from any script to Latin script.", "var_name": "toLatin"}, {"var_type": "StringTransform", "var_description": "A constant containing the transliteration of a string from Han script to Latin.", "var_name": "mandarinToLatin"}, {"var_type": "StringTransform", "var_description": "A constant containing the transliteration of a string from Hiragana script to Katakana script.", "var_name": "hiraganaToKatakana"}, {"var_type": "StringTransform", "var_description": "A constant containing the transformation of a string from full-width CJK characters to half-width forms.", "var_name": "fullwidthToHalfwidth"}, {"var_type": "StringTransform", "var_description": "A constant containing the transformation of a string from characters to XML hexadecimal escape codes.", "var_name": "toXMLHex"}, {"var_type": "StringTransform", "var_description": "An identifier for a transform that converts characters to Unicode names.", "var_name": "toUnicodeName"}, {"var_type": "StringTransform", "var_description": "A constant containing the transformation of a string by removing combining marks.", "var_name": "stripCombiningMarks"}, {"var_type": "StringTransform", "var_description": "A constant containing the transformation of a string by removing diacritics.", "var_name": "stripDiacritics"}], "interface_list": ["CustomPlaygroundQuickLookable", "CVarArg", "Equatable", "ExpressibleByStringLiteral", "Hashable", "NSItemProviderReading", "NSItemProviderWriting"], "package_name": "foundation", "subclass_list": [], "class_name": "NSMutableString", "class_description": "The NSMutableString class declares the programmatic interface to an object that manages a mutable string\u2014that is, a string whose contents can be edited\u2014that conceptually represents an array of Unicode characters. To construct and manage an immutable string\u2014or a string that cannot be changed after it has been created\u2014use an object of the NSString class.\nThe NSMutableString class adds one primitive method\u2014replaceCharacters(in:with:)\u2014to the basic string-handling behavior inherited from NSString. All other methods that modify a string work through this method. For example, insert(_:at:) simply replaces the characters in a range of 0 length, while deleteCharacters(in:) replaces the characters in a given range with no characters.\nNSMutableString is \u201ctoll-free bridged\u201d with its Core Foundation counterpart, CFMutableString. See Toll-Free Bridging for more information.\n", "class_inherit_list": ["NSString"]}