{"Methods": [{"params": [{"param_description": "The initial capacity of the initialized dictionary.", "param_name": ["capacity", "numItems"], "param_type": "Int"}], "method_name": "init", "is_static": false, "class_name": "NSMutableDictionary", "method_description": "Initializes a newly allocated mutable dictionary, allocating enough memory to hold numItems entries.", "return_value": {"return_name": [], "return_description": ["An initialized mutable dictionary, which might be different than the original receiver."], "return_type": []}}, {"params": [], "method_name": "init", "is_static": false, "class_name": "NSMutableDictionary", "method_description": "Initializes a newly allocated mutable dictionary.", "return_value": {"return_name": [], "return_description": ["A mutable dictionary."], "return_type": []}}, {"params": [{"param_description": "The keyset, created by the NSDictionary class method sharedKeySet(forKeys:). ImportantIf keyset is nil, an exception is raised. If keyset is not an object returned by sharedKeySet(forKeys:), an exception is raised.", "param_name": ["sharedKeySet", "keyset"], "param_type": "Any"}], "method_name": "init", "is_static": false, "class_name": "NSMutableDictionary", "method_description": "Creates a mutable dictionary which is optimized for dealing with a known set of keys.", "return_value": {"return_name": [], "return_description": ["A new mutable dictionary optimized for a known set of keys."], "return_type": []}}, {"params": [{"param_description": "The value for aKey. A strong reference to the object is maintained by the dictionary.ImportantRaises an invalidArgumentException if anObject is nil. If you need to represent a nil value in the dictionary, use NSNull.", "param_name": ["anObject"], "param_type": "Any"}, {"param_description": "The key for value. The key is copied (using copy(with:); keys must conform to the NSCopying protocol). If aKey already exists in the dictionary, anObject takes its place.ImportantRaises an invalidArgumentException if aKey is nil.", "param_name": ["forKey", "aKey"], "param_type": "NSCopying"}], "method_name": "setObject", "is_static": false, "class_name": "NSMutableDictionary", "method_description": "Adds a given key-value pair to the dictionary.", "return_value": {"return_name": [], "return_description": [], "return_type": []}}, {"params": [{"param_description": "The value for key.", "param_name": ["value"], "param_type": "Any"}, {"param_description": "The key for value. Note that when using key-value coding, the key must be a string (see Accessing Object Properties).", "param_name": ["forKey", "key"], "param_type": "String"}], "method_name": "setValue", "is_static": false, "class_name": "NSMutableDictionary", "method_description": "Adds a given key-value pair to the dictionary.", "return_value": {"return_name": [], "return_description": [], "return_type": []}}, {"params": [{"param_description": "The dictionary from which to add entries", "param_name": ["from", "otherDictionary"], "param_type": "[AnyHashable"}, {"param_description": "", "param_name": ["[AnyHashable"], "param_type": "Any]"}], "method_name": "addEntries", "is_static": false, "class_name": "NSMutableDictionary", "method_description": "Adds to the receiving dictionary the entries from another dictionary.", "return_value": {"return_name": [], "return_description": [], "return_type": []}}, {"params": [{"param_description": "A dictionary containing the new entries.", "param_name": ["otherDictionary"], "param_type": "[AnyHashable"}, {"param_description": "", "param_name": ["[AnyHashable"], "param_type": "Any]"}], "method_name": "setDictionary", "is_static": false, "class_name": "NSMutableDictionary", "method_description": "Sets the contents of the receiving dictionary to entries in a given dictionary.", "return_value": {"return_name": [], "return_description": [], "return_type": []}}, {"params": [{"param_description": "The key to remove.ImportantRaises an invalidArgumentException if aKey is nil.", "param_name": ["forKey", "aKey"], "param_type": "Any"}], "method_name": "removeObject", "is_static": false, "class_name": "NSMutableDictionary", "method_description": "Removes a given key and its associated value from the dictionary.", "return_value": {"return_name": [], "return_description": [], "return_type": []}}, {"params": [], "method_name": "removeAllObjects", "is_static": false, "class_name": "NSMutableDictionary", "method_description": "Empties the dictionary of its entries.", "return_value": {"return_name": [], "return_description": [], "return_type": []}}, {"params": [{"param_description": "An array of objects specifying the keys to remove.", "param_name": ["forKeys", "keyArray"], "param_type": "[Any]"}], "method_name": "removeObjects", "is_static": false, "class_name": "NSMutableDictionary", "method_description": "Removes from the dictionary entries specified by elements in a given array.", "return_value": {"return_name": [], "return_description": [], "return_type": []}}, {"params": [{"param_description": "", "param_name": ["obexHeadersData", "inHeadersData"], "param_type": "Data!"}], "method_name": "init!", "is_static": false, "class_name": "NSMutableDictionary", "method_description": "", "return_value": {"return_name": [], "return_description": [], "return_type": []}}, {"params": [{"param_description": "", "param_name": ["obexHeadersData", "inHeadersData"], "param_type": "UnsafeRawPointer!"}, {"param_description": "", "param_name": ["headersDataSize", "inDataSize"], "param_type": "Int"}], "method_name": "init!", "is_static": false, "class_name": "NSMutableDictionary", "method_description": "", "return_value": {"return_name": [], "return_description": [], "return_type": []}}, {"params": [{"param_description": "", "param_name": ["coder", "aDecoder"], "param_type": "NSCoder"}], "method_name": "init", "is_static": false, "class_name": "NSMutableDictionary", "method_description": "", "return_value": {"return_name": [], "return_description": [], "return_type": []}}, {"params": [{"param_description": "", "param_name": ["inHeaderData"], "param_type": "UnsafeRawPointer!"}, {"param_description": "", "param_name": ["length", "inHeaderDataLength"], "param_type": "UInt32"}], "method_name": "addApplicationParameterHeader", "is_static": false, "class_name": "NSMutableDictionary", "method_description": "", "return_value": {"return_name": [""], "return_description": [], "return_type": ["OBEXError"]}}, {"params": [{"param_description": "", "param_name": ["inHeaderData"], "param_type": "UnsafeRawPointer!"}, {"param_description": "", "param_name": ["length", "inHeaderDataLength"], "param_type": "UInt32"}], "method_name": "addAuthorizationChallengeHeader", "is_static": false, "class_name": "NSMutableDictionary", "method_description": "", "return_value": {"return_name": [""], "return_description": [], "return_type": ["OBEXError"]}}, {"params": [{"param_description": "", "param_name": ["inHeaderData"], "param_type": "UnsafeRawPointer!"}, {"param_description": "", "param_name": ["length", "inHeaderDataLength"], "param_type": "UInt32"}], "method_name": "addAuthorizationResponseHeader", "is_static": false, "class_name": "NSMutableDictionary", "method_description": "", "return_value": {"return_name": [""], "return_description": [], "return_type": ["OBEXError"]}}, {"params": [{"param_description": "", "param_name": ["inHeaderData"], "param_type": "UnsafeRawPointer!"}, {"param_description": "", "param_name": ["length", "inHeaderDataLength"], "param_type": "UInt32"}, {"param_description": "", "param_name": ["endOfBody", "isEndOfBody"], "param_type": "Bool"}], "method_name": "addBodyHeader", "is_static": false, "class_name": "NSMutableDictionary", "method_description": "", "return_value": {"return_name": [""], "return_description": [], "return_type": ["OBEXError"]}}, {"params": [{"param_description": "", "param_name": ["inHeaderData"], "param_type": "UnsafeRawPointer!"}, {"param_description": "", "param_name": ["length", "inHeaderDataLength"], "param_type": "UInt32"}], "method_name": "addByteSequenceHeader", "is_static": false, "class_name": "NSMutableDictionary", "method_description": "", "return_value": {"return_name": [""], "return_description": [], "return_type": ["OBEXError"]}}, {"params": [{"param_description": "", "param_name": ["inHeaderData"], "param_type": "UnsafeRawPointer!"}, {"param_description": "", "param_name": ["length", "inHeaderDataLength"], "param_type": "UInt32"}], "method_name": "addConnectionIDHeader", "is_static": false, "class_name": "NSMutableDictionary", "method_description": "", "return_value": {"return_name": [""], "return_description": [], "return_type": ["OBEXError"]}}, {"params": [{"param_description": "", "param_name": ["inCount"], "param_type": "UInt32"}], "method_name": "addCountHeader", "is_static": false, "class_name": "NSMutableDictionary", "method_description": "", "return_value": {"return_name": [""], "return_description": [], "return_type": ["OBEXError"]}}, {"params": [{"param_description": "", "param_name": ["inDescriptionString"], "param_type": "String!"}], "method_name": "addDescriptionHeader", "is_static": false, "class_name": "NSMutableDictionary", "method_description": "", "return_value": {"return_name": [""], "return_description": [], "return_type": ["OBEXError"]}}, {"params": [{"param_description": "", "param_name": ["inHeaderData"], "param_type": "UnsafeRawPointer!"}, {"param_description": "", "param_name": ["length", "inHeaderDataLength"], "param_type": "UInt32"}], "method_name": "addHTTPHeader", "is_static": false, "class_name": "NSMutableDictionary", "method_description": "", "return_value": {"return_name": [""], "return_description": [], "return_type": ["OBEXError"]}}, {"params": [{"param_description": "", "param_name": ["inHeaderData"], "param_type": "UnsafeRawPointer!"}, {"param_description": "", "param_name": ["length", "inHeaderDataLength"], "param_type": "UInt32"}], "method_name": "addImageDescriptorHeader", "is_static": false, "class_name": "NSMutableDictionary", "method_description": "", "return_value": {"return_name": [""], "return_description": [], "return_type": ["OBEXError"]}}, {"params": [{"param_description": "", "param_name": ["type"], "param_type": "String!"}], "method_name": "addImageHandleHeader", "is_static": false, "class_name": "NSMutableDictionary", "method_description": "", "return_value": {"return_name": [""], "return_description": [], "return_type": ["OBEXError"]}}, {"params": [{"param_description": "", "param_name": ["length"], "param_type": "UInt32"}], "method_name": "addLengthHeader", "is_static": false, "class_name": "NSMutableDictionary", "method_description": "", "return_value": {"return_name": [""], "return_description": [], "return_type": ["OBEXError"]}}, {"params": [{"param_description": "", "param_name": ["inNameString"], "param_type": "String!"}], "method_name": "addNameHeader", "is_static": false, "class_name": "NSMutableDictionary", "method_description": "", "return_value": {"return_name": [""], "return_description": [], "return_type": ["OBEXError"]}}, {"params": [{"param_description": "", "param_name": ["inHeaderData"], "param_type": "UnsafeRawPointer!"}, {"param_description": "", "param_name": ["length", "inHeaderDataLength"], "param_type": "UInt32"}], "method_name": "addObjectClassHeader", "is_static": false, "class_name": "NSMutableDictionary", "method_description": "", "return_value": {"return_name": [""], "return_description": [], "return_type": ["OBEXError"]}}, {"params": [{"param_description": "", "param_name": ["inHeaderData"], "param_type": "UnsafeRawPointer!"}, {"param_description": "", "param_name": ["length", "inHeaderDataLength"], "param_type": "UInt32"}], "method_name": "addTargetHeader", "is_static": false, "class_name": "NSMutableDictionary", "method_description": "", "return_value": {"return_name": [""], "return_description": [], "return_type": ["OBEXError"]}}, {"params": [{"param_description": "", "param_name": ["time4Byte"], "param_type": "UInt32"}], "method_name": "addTime4ByteHeader", "is_static": false, "class_name": "NSMutableDictionary", "method_description": "", "return_value": {"return_name": [""], "return_description": [], "return_type": ["OBEXError"]}}, {"params": [{"param_description": "", "param_name": ["inHeaderData"], "param_type": "UnsafeRawPointer!"}, {"param_description": "", "param_name": ["length", "inHeaderDataLength"], "param_type": "UInt32"}], "method_name": "addTimeISOHeader", "is_static": false, "class_name": "NSMutableDictionary", "method_description": "", "return_value": {"return_name": [""], "return_description": [], "return_type": ["OBEXError"]}}, {"params": [{"param_description": "", "param_name": ["type"], "param_type": "String!"}], "method_name": "addTypeHeader", "is_static": false, "class_name": "NSMutableDictionary", "method_description": "", "return_value": {"return_name": [""], "return_description": [], "return_type": ["OBEXError"]}}, {"params": [{"param_description": "", "param_name": ["inHeaderData"], "param_type": "UnsafeRawPointer!"}, {"param_description": "", "param_name": ["length", "inHeaderDataLength"], "param_type": "UInt32"}], "method_name": "addUserDefinedHeader", "is_static": false, "class_name": "NSMutableDictionary", "method_description": "", "return_value": {"return_name": [""], "return_description": [], "return_type": ["OBEXError"]}}, {"params": [{"param_description": "", "param_name": ["inHeaderData"], "param_type": "UnsafeRawPointer!"}, {"param_description": "", "param_name": ["length", "inHeaderDataLength"], "param_type": "UInt32"}], "method_name": "addWhoHeader", "is_static": false, "class_name": "NSMutableDictionary", "method_description": "", "return_value": {"return_name": [""], "return_description": [], "return_type": ["OBEXError"]}}, {"params": [], "method_name": "getHeaderBytes", "is_static": false, "class_name": "NSMutableDictionary", "method_description": "", "return_value": {"return_name": [""], "return_description": [], "return_type": ["NSMutableData!"]}}], "Vars": [], "interface_list": ["CustomReflectable", "CVarArg", "Equatable", "ExpressibleByDictionaryLiteral", "Hashable", "Sequence"], "package_name": "foundation", "subclass_list": [], "class_name": "NSMutableDictionary", "class_description": "The NSMutableDictionary class declares the programmatic interface to objects that manage mutable associations of keys and values. It adds modification operations to the basic operations it inherits from NSDictionary.\nNSMutableDictionary is \u201ctoll-free bridged\u201d with its Core Foundation counterpart, CFMutableDictionary. See Toll-Free Bridging for more information on toll-free bridging.\nIn addition to the provided instance methods, such as setObject(_:forKey:), you can access NSDictionary values by their keys using subscripting.\nThere should typically be little need to subclass NSMutableDictionary. If you do need to customize behavior, it is often better to consider composition rather than subclassing.\nIn a subclass, you must override both of its primitive methods:\nsetObject(_:forKey:)\nremoveObject(forKey:)\nYou must also override the primitive methods of the NSDictionary class.\n", "class_inherit_list": ["NSDictionary"]}