{"Methods": [{"params": [{"param_description": "The initial capacity of the new ordered set.", "param_name": ["capacity", "numItems"], "param_type": "Int"}], "method_name": "init", "is_static": false, "class_name": "NSMutableOrderedSet", "method_description": "Returns an initialized mutable ordered set with a given initial capacity.", "return_value": {"return_name": [], "return_description": ["An initialized mutable ordered set with initial capacity to hold numItems members."], "return_type": []}}, {"params": [], "method_name": "init", "is_static": false, "class_name": "NSMutableOrderedSet", "method_description": "Initializes a newly allocated mutable ordered set.", "return_value": {"return_name": [], "return_description": ["A mutable ordered set."], "return_type": []}}, {"params": [{"param_description": "The object to add to the set.", "param_name": ["object"], "param_type": "Any"}], "method_name": "add", "is_static": false, "class_name": "NSMutableOrderedSet", "method_description": "Appends a given object to the end of the mutable ordered set, if it is not already a member.", "return_value": {"return_name": [], "return_description": [], "return_type": []}}, {"params": [{"param_description": "A C array of objects.", "param_name": ["objects"], "param_type": "UnsafePointer<AnyObject>"}, {"param_description": "The number of values from the objects C array to append to the mutable ordered set. This number will be the count of the new array\u2014it must not be negative or greater than the number of elements in objects.", "param_name": ["count"], "param_type": "Int"}], "method_name": "add", "is_static": false, "class_name": "NSMutableOrderedSet", "method_description": "Appends the given number of objects from a given C array to the end of the mutable ordered set.", "return_value": {"return_name": [], "return_description": [], "return_type": []}}, {"params": [{"param_description": "An array of objects to add to the set.", "param_name": ["from", "array"], "param_type": "[Any]"}], "method_name": "addObjects", "is_static": false, "class_name": "NSMutableOrderedSet", "method_description": "Appends to the end of the mutable ordered set each object contained in a given array that is not already a member.", "return_value": {"return_name": [], "return_description": [], "return_type": []}}, {"params": [{"param_description": "The object to insert into the set\u2019s content.", "param_name": ["object"], "param_type": "Any"}, {"param_description": "The index in the mutable ordered set at which to insert object. This value must not be greater than the count of elements in the array.ImportantImportant: Raises an rangeException if idx is greater than the number of elements in the mutable ordered set.", "param_name": ["at", "idx"], "param_type": "Int"}], "method_name": "insert", "is_static": false, "class_name": "NSMutableOrderedSet", "method_description": "Inserts the given object at the specified index of the mutable ordered set, if it is not already a member.", "return_value": {"return_name": [], "return_description": [], "return_type": []}}, {"params": [{"param_description": "An array of objects to insert into the mutable ordered set.", "param_name": ["objects"], "param_type": "[Any]"}, {"param_description": "The indexes at which the objects in objects should be inserted. The count of locations in indexes must equal the count of objects.", "param_name": ["at", "indexes"], "param_type": "IndexSet"}], "method_name": "insert", "is_static": false, "class_name": "NSMutableOrderedSet", "method_description": "Inserts the objects in the array at the specified indexes.", "return_value": {"return_name": [], "return_description": [], "return_type": []}}, {"params": [{"param_description": "The object to remove from the mutable ordered set.", "param_name": ["object"], "param_type": "Any"}], "method_name": "remove", "is_static": false, "class_name": "NSMutableOrderedSet", "method_description": "Removes a given object from the mutable ordered set.", "return_value": {"return_name": [], "return_description": [], "return_type": []}}, {"params": [{"param_description": "The index of the object to remove from the mutable ordered set. The value must not exceed the bounds of the set.ImportantRaises an rangeException if index is beyond the end of the mutable ordered set.", "param_name": ["at", "idx"], "param_type": "Int"}], "method_name": "removeObject", "is_static": false, "class_name": "NSMutableOrderedSet", "method_description": "Removes a the object at the specified index from the mutable ordered set.", "return_value": {"return_name": [], "return_description": [], "return_type": []}}, {"params": [{"param_description": "The indexes of the objects to remove from the mutable ordered set. The locations specified by indexes must lie within the bounds of the mutable ordered .", "param_name": ["at", "indexes"], "param_type": "IndexSet"}], "method_name": "removeObjects", "is_static": false, "class_name": "NSMutableOrderedSet", "method_description": "Removes the objects at the specified indexes from the mutable ordered set.", "return_value": {"return_name": [], "return_description": [], "return_type": []}}, {"params": [{"param_description": "An array containing the objects to be removed from the receiving mutable ordered set.", "param_name": ["in", "array"], "param_type": "[Any]"}], "method_name": "removeObjects", "is_static": false, "class_name": "NSMutableOrderedSet", "method_description": "Removes the objects in the array from the mutable ordered set.", "return_value": {"return_name": [], "return_description": [], "return_type": []}}, {"params": [{"param_description": "The range of the objects to remove from the mutable ordered set.", "param_name": ["in", "range"], "param_type": "NSRange"}], "method_name": "removeObjects", "is_static": false, "class_name": "NSMutableOrderedSet", "method_description": "Removes from the mutable ordered set each of the objects within a given range.", "return_value": {"return_name": [], "return_description": [], "return_type": []}}, {"params": [], "method_name": "removeAllObjects", "is_static": false, "class_name": "NSMutableOrderedSet", "method_description": "Removes all the objects from the mutable ordered set.", "return_value": {"return_name": [], "return_description": [], "return_type": []}}, {"params": [{"param_description": "The index of the object to be replaced. This value must not exceed the bounds of the mutable ordered set.ImportantRaises an rangeException if index is beyond the end of the mutable ordered set.", "param_name": ["at", "idx"], "param_type": "Int"}, {"param_description": "The object with which to replace the object at the index in the ordered set specified by idx.", "param_name": ["with", "object"], "param_type": "Any"}], "method_name": "replaceObject", "is_static": false, "class_name": "NSMutableOrderedSet", "method_description": "Replaces the object at the specified index with the new object.", "return_value": {"return_name": [], "return_description": [], "return_type": []}}, {"params": [{"param_description": "The indexes of the objects to be replaced.", "param_name": ["at", "indexes"], "param_type": "IndexSet"}, {"param_description": "The objects with which to replace the objects in the receiving mutable ordered set at the indexes specified by indexes.The count of locations in indexes must equal the count of objects.", "param_name": ["with", "objects"], "param_type": "[Any]"}], "method_name": "replaceObjects", "is_static": false, "class_name": "NSMutableOrderedSet", "method_description": "Replaces the objects at the specified indexes with the new objects.", "return_value": {"return_name": [], "return_description": [], "return_type": []}}, {"params": [{"param_description": "The range of the objects to replace.", "param_name": ["in", "range"], "param_type": "NSRange"}, {"param_description": "A C array of objects.", "param_name": ["with", "objects"], "param_type": "UnsafePointer<AnyObject>"}, {"param_description": "The number of values from the objects C array to insert in place of the objects in range. This number will be the count of the new array\u2014it must not be negative or greater than the number of elements in objects.", "param_name": ["count"], "param_type": "Int"}], "method_name": "replaceObjects", "is_static": false, "class_name": "NSMutableOrderedSet", "method_description": "Replaces the objects in the receiving mutable ordered set at the range with the specified number of objects from a given C array.", "return_value": {"return_name": [], "return_description": [], "return_type": []}}, {"params": [{"param_description": "The object to insert or append.", "param_name": ["obj"], "param_type": "Any"}, {"param_description": "The index. If the index is equal to the length of the collection, then it inserts the object at that index, otherwise it replaces the object at that index with the given object.", "param_name": ["at", "idx"], "param_type": "Int"}], "method_name": "setObject", "is_static": false, "class_name": "NSMutableOrderedSet", "method_description": "Appends or replaces the object at the specified index.", "return_value": {"return_name": [], "return_description": [], "return_type": []}}, {"params": [{"param_description": "The indexes of the objects to move.", "param_name": ["at", "indexes"], "param_type": "IndexSet"}, {"param_description": "The index in the mutable ordered set at which to insert the objects. The objects being moved are first removed from the set, then this index is used to find the location at which to insert the moved objects.", "param_name": ["to", "idx"], "param_type": "Int"}], "method_name": "moveObjects", "is_static": false, "class_name": "NSMutableOrderedSet", "method_description": "Moves the objects at the specified indexes to the new location.", "return_value": {"return_name": [], "return_description": [], "return_type": []}}, {"params": [{"param_description": "The index of the first object.ImportantRaises an rangeException if index is beyond the end of the mutable ordered set.", "param_name": ["at", "idx1"], "param_type": "Int"}, {"param_description": "The index of the second object.ImportantRaises an rangeException if index is beyond the end of the mutable ordered set.", "param_name": ["withObjectAt", "idx2"], "param_type": "Int"}], "method_name": "exchangeObject", "is_static": false, "class_name": "NSMutableOrderedSet", "method_description": "Exchanges the object at the specified index with the object at the other index.", "return_value": {"return_name": [], "return_description": [], "return_type": []}}, {"params": [{"param_description": "", "param_name": ["using", "p"], "param_type": "NSPredicate"}], "method_name": "filter", "is_static": false, "class_name": "NSMutableOrderedSet", "method_description": "Evaluates a given predicate against the mutable ordered set\u2019s content and leaves only objects that match.", "return_value": {"return_name": [], "return_description": [], "return_type": []}}, {"params": [{"param_description": "An array containing the NSSortDescriptor objects to use to sort the receiving ordered set\u2019s contents.", "param_name": ["using", "sortDescriptors"], "param_type": "[NSSortDescriptor]"}], "method_name": "sort", "is_static": false, "class_name": "NSMutableOrderedSet", "method_description": "Sorts the receiving ordered set using a given array of sort descriptors.", "return_value": {"return_name": [], "return_description": [], "return_type": []}}, {"params": [{"param_description": "A comparator block.", "param_name": ["comparator", "cmptr"], "param_type": "(Any, Any) -> ComparisonResult"}], "method_name": "sort", "is_static": false, "class_name": "NSMutableOrderedSet", "method_description": "Sorts the mutable ordered set using the comparison method specified by the comparator block.", "return_value": {"return_name": [""], "return_description": [], "return_type": ["ComparisonResult"]}}, {"params": [{"param_description": "A bitmask that specifies the options for the sort (whether it should be performed concurrently and whether it should be performed stably).", "param_name": ["options", "opts"], "param_type": "NSSortOptions"}, {"param_description": "A comparator block.", "param_name": ["usingComparator", "cmptr"], "param_type": "(Any, Any) -> ComparisonResult"}], "method_name": "sort", "is_static": false, "class_name": "NSMutableOrderedSet", "method_description": "Sorts the mutable ordered set using the specified options and the comparison method specified by a given comparator block.", "return_value": {"return_name": [""], "return_description": [], "return_type": ["ComparisonResult"]}}, {"params": [{"param_description": "The range to sort.", "param_name": ["range"], "param_type": "NSRange"}, {"param_description": "A bitmask that specifies the options for the sort (whether it should be performed concurrently and whether it should be performed stably).", "param_name": ["options", "opts"], "param_type": "NSSortOptions"}, {"param_description": "A comparator block.", "param_name": ["usingComparator", "cmptr"], "param_type": "(Any, Any) -> ComparisonResult"}], "method_name": "sortRange", "is_static": false, "class_name": "NSMutableOrderedSet", "method_description": "Sorts the specified range of the mutable ordered set using the specified options and the comparison method specified by a given comparator block.", "return_value": {"return_name": [""], "return_description": [], "return_type": ["ComparisonResult"]}}, {"params": [{"param_description": "The ordered set with which to perform the intersection.", "param_name": ["other"], "param_type": "NSOrderedSet"}], "method_name": "intersect", "is_static": false, "class_name": "NSMutableOrderedSet", "method_description": "Removes from the receiving ordered set each object that isn\u2019t a member of another ordered set.", "return_value": {"return_name": [], "return_description": [], "return_type": []}}, {"params": [{"param_description": "The set with which to perform the intersection.", "param_name": ["other"], "param_type": "Set<AnyHashable>"}], "method_name": "intersectSet", "is_static": false, "class_name": "NSMutableOrderedSet", "method_description": "Removes from the receiving ordered set each object that isn\u2019t a member of another set.", "return_value": {"return_name": [], "return_description": [], "return_type": []}}, {"params": [{"param_description": "The ordered set of objects to remove from the receiving set.", "param_name": ["other"], "param_type": "NSOrderedSet"}], "method_name": "minus", "is_static": false, "class_name": "NSMutableOrderedSet", "method_description": "Removes each object in another given ordered set from the receiving mutable ordered set, if present.", "return_value": {"return_name": [], "return_description": [], "return_type": []}}, {"params": [{"param_description": "The set of objects to remove from the receiving set.", "param_name": ["other"], "param_type": "Set<AnyHashable>"}], "method_name": "minusSet", "is_static": false, "class_name": "NSMutableOrderedSet", "method_description": "Removes each object in another given set from the receiving mutable ordered set, if present.", "return_value": {"return_name": [], "return_description": [], "return_type": []}}, {"params": [{"param_description": "The set of objects to add to the receiving mutable ordered set.", "param_name": ["other"], "param_type": "NSOrderedSet"}], "method_name": "union", "is_static": false, "class_name": "NSMutableOrderedSet", "method_description": "Adds each object in another given ordered set to the receiving mutable ordered set, if not present.", "return_value": {"return_name": [], "return_description": [], "return_type": []}}, {"params": [{"param_description": "The set of objects to add to the receiving mutable ordered set.", "param_name": ["other"], "param_type": "Set<AnyHashable>"}], "method_name": "unionSet", "is_static": false, "class_name": "NSMutableOrderedSet", "method_description": "Adds each object in another given set to the receiving mutable ordered set, if not present.", "return_value": {"return_name": [], "return_description": [], "return_type": []}}, {"params": [{"param_description": "", "param_name": ["coder", "aDecoder"], "param_type": "NSCoder"}], "method_name": "init", "is_static": false, "class_name": "NSMutableOrderedSet", "method_description": "", "return_value": {"return_name": [], "return_description": [], "return_type": []}}], "Vars": [], "interface_list": ["CVarArg", "Equatable", "ExpressibleByArrayLiteral", "Hashable", "Sequence"], "package_name": "foundation", "subclass_list": [], "class_name": "NSMutableOrderedSet", "class_description": "NSMutableOrderedSet objects are not like C arrays. That is, even though you may specify a size when you create a mutable ordered set, the specified size is regarded as a \u201chint\u201d; the actual size of the set is still 0. This means that you cannot insert an object at an index greater than the current count of an set. For example, if a set contains two objects, its size is 2, so you can add objects at indices 0, 1, or 2. Index 3 is illegal and out of bounds; if you try to add an object at index 3 (when the size of the array is 2), NSMutableOrderedSet raises an exception.\n", "class_inherit_list": ["NSOrderedSet"]}