{"Methods": [{"params": [{"param_description": "", "param_name": ["value"], "param_type": "Int"}], "method_name": "add", "is_static": false, "class_name": "NSMutableIndexSet", "method_description": "Adds an index  to the receiver.", "return_value": {"return_name": [], "return_description": [], "return_type": []}}, {"params": [{"param_description": "Index set to add.", "param_name": ["indexSet"], "param_type": "IndexSet"}], "method_name": "add", "is_static": false, "class_name": "NSMutableIndexSet", "method_description": "Adds the indexes in an index set to the receiver.", "return_value": {"return_name": [], "return_description": [], "return_type": []}}, {"params": [{"param_description": "", "param_name": ["in", "range"], "param_type": "NSRange"}], "method_name": "add", "is_static": false, "class_name": "NSMutableIndexSet", "method_description": "Adds the indexes in an index range to the receiver.", "return_value": {"return_name": [], "return_description": [], "return_type": []}}, {"params": [{"param_description": "", "param_name": ["value"], "param_type": "Int"}], "method_name": "remove", "is_static": false, "class_name": "NSMutableIndexSet", "method_description": "Removes an index from the receiver.", "return_value": {"return_name": [], "return_description": [], "return_type": []}}, {"params": [{"param_description": "Index set to remove.", "param_name": ["indexSet"], "param_type": "IndexSet"}], "method_name": "remove", "is_static": false, "class_name": "NSMutableIndexSet", "method_description": "Removes the indexes in an index set from the receiver.", "return_value": {"return_name": [], "return_description": [], "return_type": []}}, {"params": [], "method_name": "removeAllIndexes", "is_static": false, "class_name": "NSMutableIndexSet", "method_description": "Removes the receiver\u2019s indexes.", "return_value": {"return_name": [], "return_description": [], "return_type": []}}, {"params": [{"param_description": "", "param_name": ["in", "range"], "param_type": "NSRange"}], "method_name": "remove", "is_static": false, "class_name": "NSMutableIndexSet", "method_description": "Removes the indexes in an index range from the receiver.", "return_value": {"return_name": [], "return_description": [], "return_type": []}}, {"params": [{"param_description": "", "param_name": ["at", "index"], "param_type": "Int"}, {"param_description": "Amount and direction of the shift. Positive integers shift the indexes to the right. Negative integers shift the indexes to the left.", "param_name": ["by", "delta"], "param_type": "Int"}], "method_name": "shiftIndexesStarting", "is_static": false, "class_name": "NSMutableIndexSet", "method_description": "Shifts a group of indexes to the left or the right within the receiver.", "return_value": {"return_name": [], "return_description": [], "return_type": []}}], "Vars": [], "interface_list": ["CVarArg", "Equatable", "Hashable", "Sequence"], "package_name": "foundation", "subclass_list": [], "class_name": "NSMutableIndexSet", "class_description": "The NSMutableIndexSet class represents a mutable collection of unique unsigned integers, known as indexes because of the way they are used. This collection is referred to as a mutable index set. The inclusive range of valid indexes is 0...(NSNotFound - 1); trying to use indexes outside this range is invalid.\nThe values in a mutable index set are always sorted, so the order in which values are added is irrelevant.\nDo not subclass the NSMutableIndexSet class.\nImportant\nThe Swift overlay to the Foundation framework provides the IndexSet structure, which bridges to the NSMutableIndexSet class and its immutable superclass, NSIndexSet. For more information about value types, see Working with Cocoa Frameworks in Using Swift with Cocoa and Objective-C (Swift 4.1). \n", "class_inherit_list": ["NSIndexSet"]}