{"Methods": [{"params": [{"param_description": "The number of bytes the data object can initially contain.", "param_name": ["capacity"], "param_type": "Int"}], "method_name": "init", "is_static": false, "class_name": "NSMutableData", "method_description": "Returns an initialized mutable data object capable of holding the specified number of bytes.", "return_value": {"return_name": [], "return_description": ["An initialized NSMutableData object capable of holding capacity bytes."], "return_type": []}}, {"params": [{"param_description": "The number of bytes the object initially contains.", "param_name": ["length"], "param_type": "Int"}], "method_name": "init", "is_static": false, "class_name": "NSMutableData", "method_description": "Initializes and returns a mutable data object containing a given number of zeroed bytes.", "return_value": {"return_name": [], "return_description": ["An initialized NSMutableData object containing length zeroed bytes."], "return_type": []}}, {"params": [{"param_description": "A buffer containing data to append to the receiver's content.", "param_name": ["bytes"], "param_type": "UnsafeRawPointer"}, {"param_description": "The number of bytes from bytes to append.", "param_name": ["length"], "param_type": "Int"}], "method_name": "append", "is_static": false, "class_name": "NSMutableData", "method_description": "Appends to the receiver a given number of bytes from a given buffer.", "return_value": {"return_name": [], "return_description": [], "return_type": []}}, {"params": [{"param_description": "", "param_name": ["other"], "param_type": "Data"}], "method_name": "append", "is_static": false, "class_name": "NSMutableData", "method_description": "Appends the content of another data object to the receiver.", "return_value": {"return_name": [], "return_description": [], "return_type": []}}, {"params": [{"param_description": "The number of bytes by which to increase the receiver's length.", "param_name": ["by", "extraLength"], "param_type": "Int"}], "method_name": "increaseLength", "is_static": false, "class_name": "NSMutableData", "method_description": "Increases the length of the receiver by a given number of bytes.", "return_value": {"return_name": [], "return_description": [], "return_type": []}}, {"params": [{"param_description": "The range within the receiver's contents to replace with bytes. The range must not exceed the bounds of the receiver.", "param_name": ["in", "range"], "param_type": "NSRange"}, {"param_description": "The data to insert into the receiver's contents.", "param_name": ["withBytes", "bytes"], "param_type": "UnsafeRawPointer"}], "method_name": "replaceBytes", "is_static": false, "class_name": "NSMutableData", "method_description": "Replaces with a given set of bytes a given range within the contents of the receiver. ", "return_value": {"return_name": [], "return_description": [], "return_type": []}}, {"params": [{"param_description": "The range within the receiver's contents to replace with bytes. The range must not exceed the bounds of the receiver.", "param_name": ["in", "range"], "param_type": "NSRange"}, {"param_description": "The data to insert into the receiver's contents.", "param_name": ["withBytes", "replacementBytes"], "param_type": "UnsafeRawPointer"}, {"param_description": "The number of bytes to take from replacementBytes. ", "param_name": ["length", "replacementLength"], "param_type": "Int"}], "method_name": "replaceBytes", "is_static": false, "class_name": "NSMutableData", "method_description": "Replaces with a given set of bytes a given range within the contents of the receiver.", "return_value": {"return_name": [], "return_description": [], "return_type": []}}, {"params": [{"param_description": "The range within the contents of the receiver to be replaced by zeros. The range must not exceed the bounds of the receiver.", "param_name": ["in", "range"], "param_type": "NSRange"}], "method_name": "resetBytes", "is_static": false, "class_name": "NSMutableData", "method_description": "Replaces with zeroes the contents of the receiver in a given range.", "return_value": {"return_name": [], "return_description": [], "return_type": []}}, {"params": [{"param_description": "", "param_name": ["data"], "param_type": "Data"}], "method_name": "setData", "is_static": false, "class_name": "NSMutableData", "method_description": "Replaces the entire contents of the receiver with the contents of another data object.", "return_value": {"return_name": [], "return_description": [], "return_type": []}}], "Vars": [{"var_type": "UnsafeMutableRawPointer", "var_description": "A pointer to the data contained by the mutable data object.", "var_name": "mutableBytes"}, {"var_type": "Int", "var_description": "The number of bytes contained in the mutable data object.", "var_name": "length"}], "interface_list": ["CVarArg", "Equatable", "Hashable"], "package_name": "foundation", "subclass_list": [], "class_name": "NSMutableData", "class_description": "NSMutableData and its superclass NSData provide data objects, or object-oriented wrappers for byte buffers. Data objects let simple allocated buffers (that is, data with no embedded pointers) take on the behavior of Foundation objects. They are typically used for data storage and are also useful in Distributed Objects applications, where data contained in data objects can be copied or moved between applications. NSData creates static data objects, and NSMutableData creates dynamic data objects. You can easily convert one type of data object to the other with the initializer that takes an NSData object or an  NSMutableData object as an argument.\nThe following NSData methods change when used on a mutable data object:\ninit(bytesNoCopy:length:freeWhenDone:)\ninit(bytesNoCopy:length:deallocator:)\ninit(bytesNoCopy:length:)\ndataWithBytesNoCopy:length:freeWhenDone:\ndataWithBytesNoCopy:length:\nWhen called, the bytes are immediately copied and then the buffer is freed. \nNSMutableData is \u201ctoll-free bridged\u201d with its Core Foundation counterpart, CFData. See Toll-Free Bridging for more information on toll-free bridging.\nImportant\nThe Swift overlay to the Foundation framework provides the Data structure, which bridges to the NSMutableData class and its immutable superclass NSData. For more information about value types, see Working with Cocoa Frameworks in Using Swift with Cocoa and Objective-C (Swift 4.1).\n", "class_inherit_list": ["NSData"]}