{"Methods": [{"params": [], "method_name": "alphanumeric", "is_static": false, "class_name": "NSMutableCharacterSet", "method_description": "Returns a character set containing the characters in Unicode General Categories L*, M*, and N*.", "return_value": {"return_name": [""], "return_description": [], "return_type": ["NSMutableCharacterSet"]}}, {"params": [], "method_name": "capitalizedLetter", "is_static": false, "class_name": "NSMutableCharacterSet", "method_description": "Returns a character set containing the characters in Unicode General Category Lt.", "return_value": {"return_name": [""], "return_description": [], "return_type": ["NSMutableCharacterSet"]}}, {"params": [], "method_name": "control", "is_static": false, "class_name": "NSMutableCharacterSet", "method_description": "Returns a character set containing the characters in Unicode General Category Cc and Cf.", "return_value": {"return_name": [""], "return_description": [], "return_type": ["NSMutableCharacterSet"]}}, {"params": [], "method_name": "decimalDigit", "is_static": false, "class_name": "NSMutableCharacterSet", "method_description": "Returns a character set containing the characters in the category of decimal numbers.", "return_value": {"return_name": [""], "return_description": [], "return_type": ["NSMutableCharacterSet"]}}, {"params": [], "method_name": "decomposable", "is_static": false, "class_name": "NSMutableCharacterSet", "method_description": "Returns a character set containing individual Unicode characters that can also be represented as composed character sequences (such as for letters with accents), by the definition of \u201cstandard decomposition\u201d in version 3.2 of the Unicode character encoding standard.", "return_value": {"return_name": [""], "return_description": [], "return_type": ["NSMutableCharacterSet"]}}, {"params": [], "method_name": "illegal", "is_static": false, "class_name": "NSMutableCharacterSet", "method_description": "Returns a character set containing values in the category of Non-Characters or that have not yet been defined in version 3.2 of the Unicode standard.", "return_value": {"return_name": [""], "return_description": [], "return_type": ["NSMutableCharacterSet"]}}, {"params": [], "method_name": "letter", "is_static": false, "class_name": "NSMutableCharacterSet", "method_description": "Returns a character set containing the characters in Unicode General Category L* & M*.", "return_value": {"return_name": [""], "return_description": [], "return_type": ["NSMutableCharacterSet"]}}, {"params": [], "method_name": "lowercaseLetter", "is_static": false, "class_name": "NSMutableCharacterSet", "method_description": "Returns a character set containing the characters in Unicode General Category Ll.", "return_value": {"return_name": [""], "return_description": [], "return_type": ["NSMutableCharacterSet"]}}, {"params": [], "method_name": "newline", "is_static": false, "class_name": "NSMutableCharacterSet", "method_description": "Returns a character set containing the newline characters (U+000A ~ U+000D, U+0085, U+2028, and U+2029).", "return_value": {"return_name": [""], "return_description": [], "return_type": ["NSMutableCharacterSet"]}}, {"params": [], "method_name": "nonBase", "is_static": false, "class_name": "NSMutableCharacterSet", "method_description": "Returns a character set containing the characters in Unicode General Category M*.", "return_value": {"return_name": [""], "return_description": [], "return_type": ["NSMutableCharacterSet"]}}, {"params": [], "method_name": "punctuation", "is_static": false, "class_name": "NSMutableCharacterSet", "method_description": "Returns a character set containing the characters in Unicode General Category P*.", "return_value": {"return_name": [""], "return_description": [], "return_type": ["NSMutableCharacterSet"]}}, {"params": [], "method_name": "symbol", "is_static": false, "class_name": "NSMutableCharacterSet", "method_description": "Returns a character set containing the characters in Unicode General Category S*.", "return_value": {"return_name": [""], "return_description": [], "return_type": ["NSMutableCharacterSet"]}}, {"params": [], "method_name": "uppercaseLetter", "is_static": false, "class_name": "NSMutableCharacterSet", "method_description": "Returns a character set containing the characters in Unicode General Category Lu and Lt.", "return_value": {"return_name": [""], "return_description": [], "return_type": ["NSMutableCharacterSet"]}}, {"params": [], "method_name": "whitespaceAndNewline", "is_static": false, "class_name": "NSMutableCharacterSet", "method_description": "Returns a character set containing characters in Unicode General Category Z*, U+000A ~ U+000D, and U+0085.", "return_value": {"return_name": [""], "return_description": [], "return_type": ["NSMutableCharacterSet"]}}, {"params": [], "method_name": "whitespace", "is_static": false, "class_name": "NSMutableCharacterSet", "method_description": "Returns a character set containing the characters in Unicode General Category Zs and CHARACTER TABULATION (U+0009).", "return_value": {"return_name": [""], "return_description": [], "return_type": ["NSMutableCharacterSet"]}}, {"params": [{"param_description": "", "param_name": ["charactersIn", "aString"], "param_type": "String"}], "method_name": "init", "is_static": false, "class_name": "NSMutableCharacterSet", "method_description": "Returns a character set containing the characters in a given string.", "return_value": {"return_name": [], "return_description": [], "return_type": []}}, {"params": [{"param_description": "", "param_name": ["range", "aRange"], "param_type": "NSRange"}], "method_name": "init", "is_static": false, "class_name": "NSMutableCharacterSet", "method_description": "Returns a character set containing characters with Unicode values in a given range.", "return_value": {"return_name": [], "return_description": [], "return_type": []}}, {"params": [{"param_description": "", "param_name": ["bitmapRepresentation", "data"], "param_type": "Data"}], "method_name": "init", "is_static": false, "class_name": "NSMutableCharacterSet", "method_description": "Returns a character set containing characters determined by a given bitmap representation.", "return_value": {"return_name": [], "return_description": [], "return_type": []}}, {"params": [{"param_description": "", "param_name": ["contentsOfFile", "fName"], "param_type": "String"}], "method_name": "init", "is_static": false, "class_name": "NSMutableCharacterSet", "method_description": "Returns a character set read from the bitmap representation stored in the file a given path.", "return_value": {"return_name": [], "return_description": [], "return_type": []}}, {"params": [{"param_description": "The range of characters to add. aRange.location is the value of the first character to add; aRange.location + aRange.length\u2013 1 is the value of the last. If aRange.length is 0, this method has no effect.", "param_name": ["in", "aRange"], "param_type": "NSRange"}], "method_name": "addCharacters", "is_static": false, "class_name": "NSMutableCharacterSet", "method_description": "Adds to the receiver the characters whose Unicode values are in a given range.", "return_value": {"return_name": [], "return_description": [], "return_type": []}}, {"params": [{"param_description": "The range of characters to remove.aRange.location is the value of the first character to remove; aRange.location + aRange.length\u2013 1 is the value of the last. If aRange.length is 0, this method has no effect.", "param_name": ["in", "aRange"], "param_type": "NSRange"}], "method_name": "removeCharacters", "is_static": false, "class_name": "NSMutableCharacterSet", "method_description": "Removes from the receiver the characters whose Unicode values are in a given range.", "return_value": {"return_name": [], "return_description": [], "return_type": []}}, {"params": [{"param_description": "The characters to add to the receiver.", "param_name": ["in", "aString"], "param_type": "String"}], "method_name": "addCharacters", "is_static": false, "class_name": "NSMutableCharacterSet", "method_description": "Adds to the receiver the characters in a given string.", "return_value": {"return_name": [], "return_description": [], "return_type": []}}, {"params": [{"param_description": "The characters to remove from the receiver.", "param_name": ["in", "aString"], "param_type": "String"}], "method_name": "removeCharacters", "is_static": false, "class_name": "NSMutableCharacterSet", "method_description": "Removes from the receiver the characters in a given string.", "return_value": {"return_name": [], "return_description": [], "return_type": []}}, {"params": [{"param_description": "The character set with which to perform the intersection.", "param_name": ["with", "otherSet"], "param_type": "CharacterSet"}], "method_name": "formIntersection", "is_static": false, "class_name": "NSMutableCharacterSet", "method_description": "Modifies the receiver so it contains only characters that exist in both the receiver and another set.", "return_value": {"return_name": [], "return_description": [], "return_type": []}}, {"params": [{"param_description": "", "param_name": ["with", "otherSet"], "param_type": "CharacterSet"}], "method_name": "formUnion", "is_static": false, "class_name": "NSMutableCharacterSet", "method_description": "Modifies the receiver so it contains all characters that exist in either the receiver or another set.", "return_value": {"return_name": [], "return_description": [], "return_type": []}}, {"params": [], "method_name": "invert", "is_static": false, "class_name": "NSMutableCharacterSet", "method_description": "Replaces all the characters in the receiver with all the characters it didn\u2019t previously contain.", "return_value": {"return_name": [], "return_description": [], "return_type": []}}], "Vars": [], "interface_list": ["CVarArg", "Equatable", "Hashable", "NSCopying", "NSMutableCopying", "NSSecureCoding"], "package_name": "foundation", "subclass_list": [], "class_name": "NSMutableCharacterSet", "class_description": "The NSMutableCharacterSet class declares the programmatic interface to objects that manage a modifiable set of Unicode characters. You can add or remove characters from a mutable character set as numeric values in NSRange structures or as character values in strings, combine character sets by union or intersection, and invert a character set.\nMutable character sets are less efficient to use than immutable character sets. If you don\u2019t need to change a character set after creating it, create an immutable copy with copy and use that.\nNSMutableCharacterSet defines no primitive methods. Subclasses must implement all methods declared by this class in addition to the primitives of NSCharacterSet. They must also implement mutableCopy(with:).\nNSMutableCharacterSet is \u201ctoll-free bridged\u201d with its Core Foundation counterpart, CFMutableCharacterSet. See Toll-Free Bridging for more information.\nImportant\nThe Swift overlay to the Foundation framework provides the CharacterSet structure, which bridges to the NSMutableCharacterSet class and its immutable superclass, NSCharacterSet.  For more information about value types, see Working with Cocoa Frameworks in Using Swift with Cocoa and Objective-C (Swift 4.1).\n", "class_inherit_list": ["NSCharacterSet"]}