{"Methods": [{"params": [{"param_description": "", "param_name": ["object"], "param_type": "Any"}], "method_name": "isEqual", "is_static": false, "class_name": "NSObjectProtocol", "method_description": "Returns a Boolean value that indicates whether the receiver and a given object are equal.Required.", "return_value": {"return_name": [""], "return_description": ["true if the receiver and anObject are equal, otherwise false."], "return_type": ["Bool"]}}, {"params": [], "method_name": "`self`", "is_static": false, "class_name": "NSObjectProtocol", "method_description": "Returns the receiver.Required.", "return_value": {"return_name": [""], "return_description": ["The receiver."], "return_type": ["Self"]}}, {"params": [{"param_description": "A class object representing the Objective-C class to be tested.", "param_name": ["of", "aClass"], "param_type": "AnyClass"}], "method_name": "isKind", "is_static": false, "class_name": "NSObjectProtocol", "method_description": "Returns a Boolean value that indicates whether the receiver is an instance of given class or an instance of any class that inherits from that class.Required.", "return_value": {"return_name": [""], "return_description": ["true if the receiver is an instance of aClass or an instance of any class that inherits from aClass, otherwise false."], "return_type": ["Bool"]}}, {"params": [{"param_description": "A class object representing the Objective-C class to be tested.", "param_name": ["of", "aClass"], "param_type": "AnyClass"}], "method_name": "isMember", "is_static": false, "class_name": "NSObjectProtocol", "method_description": "Returns a Boolean value that indicates whether the receiver is an instance of a given class.Required.", "return_value": {"return_name": [""], "return_description": ["true if the receiver is an instance of aClass, otherwise false."], "return_type": ["Bool"]}}, {"params": [{"param_description": "A selector that identifies a message.", "param_name": ["to", "aSelector"], "param_type": "Selector!"}], "method_name": "responds", "is_static": false, "class_name": "NSObjectProtocol", "method_description": "Returns a Boolean value that indicates whether the receiver implements or inherits a method that can respond to a specified message.Required.", "return_value": {"return_name": [""], "return_description": ["true if the receiver implements or inherits a method that can respond to aSelector, otherwise false."], "return_type": ["Bool"]}}, {"params": [{"param_description": "A protocol object that represents a particular protocol.", "param_name": ["to", "aProtocol"], "param_type": "Protocol"}], "method_name": "conforms", "is_static": false, "class_name": "NSObjectProtocol", "method_description": "Returns a Boolean value that indicates whether the receiver conforms to a given protocol.Required.", "return_value": {"return_name": [""], "return_description": ["true if the receiver conforms to aProtocol, otherwise false."], "return_type": ["Bool"]}}, {"params": [{"param_description": "A selector identifying the message to send. The message should take no arguments. If aSelector is NULL, an invalidArgumentException is raised.", "param_name": ["aSelector"], "param_type": "Selector!"}], "method_name": "perform", "is_static": false, "class_name": "NSObjectProtocol", "method_description": "Sends a specified message to the receiver and returns the result of the message.Required.", "return_value": {"return_name": [""], "return_description": ["An object that is the result of the message."], "return_type": ["Unmanaged<AnyObject>!"]}}, {"params": [{"param_description": "A selector identifying the message to send. If aSelector is NULL, an invalidArgumentException is raised.", "param_name": ["aSelector"], "param_type": "Selector!"}, {"param_description": "", "param_name": ["with", "object"], "param_type": "Any!"}], "method_name": "perform", "is_static": false, "class_name": "NSObjectProtocol", "method_description": "Sends a message to the receiver with an object as the argument.Required.", "return_value": {"return_name": [""], "return_description": ["An object that is the result of the message."], "return_type": ["Unmanaged<AnyObject>!"]}}, {"params": [{"param_description": "A selector identifying the message to send. If aSelector is NULL, an invalidArgumentException is raised.", "param_name": ["aSelector"], "param_type": "Selector!"}, {"param_description": "", "param_name": ["with", "object1"], "param_type": "Any!"}, {"param_description": "", "param_name": ["with", "object2"], "param_type": "Any!"}], "method_name": "perform", "is_static": false, "class_name": "NSObjectProtocol", "method_description": "Sends a message to the receiver with two objects as arguments.Required.", "return_value": {"return_name": [""], "return_description": ["An object that is the result of the message."], "return_type": ["Unmanaged<AnyObject>!"]}}, {"params": [], "method_name": "isProxy", "is_static": false, "class_name": "NSObjectProtocol", "method_description": "Returns a Boolean value that indicates whether the receiver does not descend from NSObject.Required.", "return_value": {"return_name": [""], "return_description": ["false if the receiver really descends from NSObject, otherwise true."], "return_type": ["Bool"]}}], "Vars": [{"var_type": "AnyClass", "var_description": "Returns the class object for the receiver\u2019s superclass.Required.", "var_name": "superclass"}, {"var_type": "Int", "var_description": "Returns an integer that can be used as a table address in a hash table structure.Required.", "var_name": "hash"}, {"var_type": "String", "var_description": "Returns a string that describes the contents of the receiver.Required.", "var_name": "description"}, {"var_type": "String", "var_description": "Returns a string that describes the contents of the receiver for presentation in the debugger.", "var_name": "debugDescription"}], "interface_list": [], "package_name": "foundation", "subclass_list": ["ABImageClient", "ABNewPersonViewControllerDelegate", "ABPeoplePickerNavigationControllerDelegate", "ABPersonViewControllerDelegate", "ABUnknownPersonViewControllerDelegate", "ADBannerViewDelegate", "ADInterstitialAdDelegate", "AMWorkflowControllerDelegate", "ARSessionObserver", "ARTrackable", "AVAssetResourceLoaderDelegate", "AVAudio3DMixing", "AVAudioPlayerDelegate", "AVAudioRecorderDelegate", "AVAudioStereoMixing", "AVCaptureAudioDataOutputSampleBufferDelegate", "AVCaptureDataOutputSynchronizerDelegate", "AVCaptureDepthDataOutputDelegate", "AVCaptureFileOutputDelegate", "AVCaptureFileOutputRecordingDelegate", "AVCaptureMetadataOutputObjectsDelegate", "AVCapturePhotoCaptureDelegate", "AVCapturePhotoFileDataRepresentationCustomizer", "AVCaptureVideoDataOutputSampleBufferDelegate", "AVCaptureViewDelegate", "AVContentKeySessionDelegate", "AVPictureInPictureControllerDelegate", "AVPlayerItemMetadataCollectorPushDelegate", "AVPlayerItemOutputPullDelegate", "AVPlayerItemOutputPushDelegate", "AVPlayerViewControllerAnimationCoordinator", "AVPlayerViewControllerDelegate", "AVQueuedSampleBufferRendering", "AVRoutePickerViewDelegate", "AVSpeechSynthesizerDelegate", "AVVideoCompositing", "AVVideoCompositionInstructionProtocol", "AVVideoCompositionValidationHandling", "CAAnimationDelegate", "CALayerDelegate", "CALayoutManager", "CBCentralManagerDelegate", "CBPeripheralDelegate", "CBPeripheralManagerDelegate", "CKRecordKeyValueSetting", "CLKComplicationDataSource", "CLLocationManagerDelegate", "CLSDataStoreDelegate", "CNContactPickerDelegate", "CNContactViewControllerDelegate", "CPBarButtonProviding", "CPInterfaceControllerDelegate", "CPListTemplateDelegate", "CPMapTemplateDelegate", "CPSearchTemplateDelegate", "CPSessionConfigurationDelegate", "CSSearchableIndexDelegate", "CXCallDirectoryExtensionContextDelegate", "CXCallObserverDelegate", "CXProviderDelegate", "DispatchSourceProtocol", "DOMEventListener", "DOMEventTarget", "DOMNodeFilter", "DOMXPathNSResolver", "EAAccessoryDelegate", "EAWiFiUnconfiguredAccessoryBrowserDelegate", "EKCalendarChooserDelegate", "EKEventEditViewDelegate", "EKEventViewDelegate", "FileManagerDelegate", "GKAchievementViewControllerDelegate", "GKAgentDelegate", "GKChallengeEventHandlerDelegate", "GKChallengeListener", "GKGameCenterControllerDelegate", "GKGameModel", "GKGameModelPlayer", "GKGameModelUpdate", "GKGameSessionEventListener", "GKGameSessionSharingViewControllerDelegate", "GKLeaderboardViewControllerDelegate", "GKMatchDelegate", "GKMatchmakerViewControllerDelegate", "GKSavedGameListener", "GKSceneRootNodeType", "GKSessionDelegate", "GKStrategist", "GKTurnBasedMatchmakerViewControllerDelegate", "GKVoiceChatClient", "GLKViewControllerDelegate", "GLKViewDelegate", "HKLiveWorkoutBuilderDelegate", "HKWorkoutSessionDelegate", "HMAccessoryBrowserDelegate", "HMAccessoryDelegate", "HMCameraSnapshotControlDelegate", "HMCameraStreamControlDelegate", "HMHomeDelegate", "HMHomeManagerDelegate", "ILMessageFilterQueryHandling", "INActivateCarSignalIntentHandling", "INAddTasksIntentHandling", "INAppendToNoteIntentHandling", "INBookRestaurantReservationIntentHandling", "INCancelRideIntentHandling", "INCancelWorkoutIntentHandling", "INCreateNoteIntentHandling", "INCreateTaskListIntentHandling", "INEndWorkoutIntentHandling", "INGetAvailableRestaurantReservationBookingDefaultsIntentHandling", "INGetAvailableRestaurantReservationBookingsIntentHandling", "INGetCarLockStatusIntentHandling", "INGetCarPowerLevelStatusIntentHandling", "INGetRestaurantGuestIntentHandling", "INGetRideStatusIntentHandling", "INGetRideStatusIntentResponseObserver", "INGetUserCurrentRestaurantReservationBookingsIntentHandling", "INGetVisualCodeIntentHandling", "INIntentHandlerProviding", "INListRideOptionsIntentHandling", "INPauseWorkoutIntentHandling", "INPayBillIntentHandling", "INPlayMediaIntentHandling", "INRequestPaymentIntentHandling", "INRequestRideIntentHandling", "INResumeWorkoutIntentHandling", "INSaveProfileInCarIntentHandling", "INSearchCallHistoryIntentHandling", "INSearchForAccountsIntentHandling", "INSearchForBillsIntentHandling", "INSearchForMessagesIntentHandling", "INSearchForNotebookItemsIntentHandling", "INSearchForPhotosIntentHandling", "INSendMessageIntentHandling", "INSendPaymentIntentHandling", "INSendRideFeedbackIntentHandling", "INSetAudioSourceInCarIntentHandling", "INSetCarLockStatusIntentHandling", "INSetClimateSettingsInCarIntentHandling", "INSetDefrosterSettingsInCarIntentHandling", "INSetMessageAttributeIntentHandling", "INSetProfileInCarIntentHandling", "INSetRadioStationIntentHandling", "INSetSeatSettingsInCarIntentHandling", "INSetTaskAttributeIntentHandling", "INSpeakable", "INStartAudioCallIntentHandling", "INStartPhotoPlaybackIntentHandling", "INStartVideoCallIntentHandling", "INStartWorkoutIntentHandling", "INTransferMoneyIntentHandling", "INUIAddVoiceShortcutButtonDelegate", "INUIAddVoiceShortcutViewControllerDelegate", "INUIEditVoiceShortcutViewControllerDelegate", "INUIHostedViewControlling", "INUIHostedViewSiriProviding", "IOBluetoothDevicePairDelegate", "IOBluetoothHandsFreeDelegate", "MCAdvertiserAssistantDelegate", "MCBrowserViewControllerDelegate", "MCNearbyServiceAdvertiserDelegate", "MCNearbyServiceBrowserDelegate", "MCSessionDelegate", "MDLAssetResolver", "MDLComponent", "MDLLightProbeIrradianceDataSource", "MDLMeshBuffer", "MDLMeshBufferAllocator", "MDLMeshBufferZone", "MFMailComposeViewControllerDelegate", "MFMessageComposeViewControllerDelegate", "MKAnnotation", "MKLocalSearchCompleterDelegate", "MKMapViewDelegate", "MPMediaPickerControllerDelegate", "MPPlayableContentDataSource", "MPPlayableContentDelegate", "MPSCNNBatchNormalizationDataSource", "MPSCNNConvolutionDataSource", "MPSCNNInstanceNormalizationDataSource", "MPSHandle", "MPSImageAllocator", "MPSImageSizeEncodingState", "MPSImageTransformProvider", "MPSNNPadding", "MPSNNTrainableNode", "MPSystemMusicPlayerController", "MSStickerBrowserViewDataSource", "MTKViewDelegate", "MTLArgumentEncoder", "MTLCaptureScope", "MTLCommandBuffer", "MTLCommandEncoder", "MTLCommandQueue", "MTLComputePipelineState", "MTLDepthStencilState", "MTLDevice", "MTLDrawable", "MTLEvent", "MTLFence", "MTLFunction", "MTLHeap", "MTLIndirectRenderCommand", "MTLLibrary", "MTLRenderPipelineState", "MTLResource", "MTLSamplerState", "NCWidgetListViewDelegate", "NCWidgetProviding", "NCWidgetSearchViewDelegate", "NetServiceBrowserDelegate", "NetServiceDelegate", "NFCNDEFReaderSessionDelegate", "NFCReaderSessionDelegate", "NFCReaderSessionProtocol", "NFCTag", "NSAccessibilityCustomRotorItemSearchDelegate", "NSAccessibilityElementLoading", "NSAccessibilityElementProtocol", "NSAccessibilityProtocol", "NSAlertDelegate", "NSAlignmentFeedbackToken", "NSAnimationDelegate", "NSAppearanceCustomization", "NSApplicationDelegate", "NSBrowserDelegate", "NSCacheDelegate", "NSCandidateListTouchBarItemDelegate", "NSCloudSharingValidation", "NSCollectionViewDataSource", "NSCollectionViewDelegate", "NSCollectionViewElement", "NSCollectionViewPrefetching", "NSColorChanging", "NSComboBoxCellDataSource", "NSComboBoxDataSource", "NSControlTextEditingDelegate", "NSDatePickerCellDelegate", "NSDockTilePlugIn", "NSDraggingDestination", "NSDraggingInfo", "NSDraggingSource", "NSDrawerDelegate", "NSEditor", "NSEditorRegistration", "NSExtensionRequestHandling", "NSFetchedResultsControllerDelegate", "NSFetchRequestResult", "NSFilePresenter", "NSFilePromiseProviderDelegate", "NSFileProviderChangeObserver", "NSFileProviderEnumerationObserver", "NSFileProviderEnumerator", "NSFileProviderItemProtocol", "NSFontChanging", "NSGestureRecognizerDelegate", "NSHapticFeedbackPerformer", "NSImageDelegate", "NSItemProviderReading", "NSItemProviderWriting", "NSKeyedArchiverDelegate", "NSKeyedUnarchiverDelegate", "NSKeyValueObservingCustomization", "NSLayoutManagerDelegate", "NSMenuDelegate", "NSMenuItemValidation", "NSMetadataQueryDelegate", "NSOpenSavePanelDelegate", "NSOutlineViewDataSource", "NSPageControllerDelegate", "NSPasteboardItemDataProvider", "NSPasteboardReading", "NSPasteboardTypeOwner", "NSPasteboardWriting", "NSPathCellDelegate", "NSPathControlDelegate", "NSPopoverDelegate", "NSRuleEditorDelegate", "NSScrubberDataSource", "NSScrubberDelegate", "NSSeguePerforming", "NSServicesMenuRequestor", "NSSharingServiceDelegate", "NSSharingServicePickerDelegate", "NSSoundDelegate", "NSSpeechRecognizerDelegate", "NSSpeechSynthesizerDelegate", "NSSpellServerDelegate", "NSSplitViewDelegate", "NSSpringLoadingDestination", "NSStackViewDelegate", "NSStandardKeyBindingResponding", "NSTableViewDataSource", "NSTabViewDelegate", "NSTextAttachmentCellProtocol", "NSTextAttachmentContainer", "NSTextDelegate", "NSTextFinderBarContainer", "NSTextFinderClient", "NSTextStorageDelegate", "NSTokenFieldCellDelegate", "NSToolbarDelegate", "NSToolbarItemValidation", "NSTouchBarDelegate", "NSTouchBarProvider", "NSURLConnectionDelegate", "NSURLDownloadDelegate", "NSUserActivityDelegate", "NSUserActivityRestoring", "NSUserInterfaceItemSearching", "NSUserNotificationCenterDelegate", "NSViewControllerPresentationAnimator", "NSViewLayerContentScaleDelegate", "NSViewToolTipOwner", "NSWindowDelegate", "NSWindowRestoration", "NSXPCListenerDelegate", "NWTCPConnectionAuthenticationDelegate", "ODQueryDelegate", "OS_nw_advertise_descriptor", "OS_nw_connection", "OS_nw_content_context", "OS_nw_endpoint", "OS_nw_error", "OS_nw_interface", "OS_nw_listener", "OS_nw_object", "OS_nw_parameters", "OS_nw_path", "OS_nw_path_monitor", "OS_nw_protocol_definition", "OS_nw_protocol_metadata", "OS_nw_protocol_options", "OS_nw_protocol_stack", "OS_sec_certificate", "OS_sec_identity", "OS_sec_object", "OS_sec_protocol_metadata", "OS_sec_protocol_options", "OS_sec_trust", "OS_xpc_object", "PDFDocumentDelegate", "PDFViewDelegate", "PHContentEditingController", "PHLivePhotoFrame", "PHLivePhotoViewDelegate", "PHPhotoLibraryChangeObserver", "PHProjectExtensionController", "PHProjectTypeDescriptionDataSource", "PHProjectTypeDescriptionInvalidator", "PKAddPassesViewControllerDelegate", "PKAddPaymentPassViewControllerDelegate", "PKDisbursementAuthorizationControllerDelegate", "PKPaymentAuthorizationControllerDelegate", "PKPaymentAuthorizationViewControllerDelegate", "PKPushRegistryDelegate", "PortDelegate", "ProgressReporting", "QLPreviewControllerDelegate", "QLPreviewingController", "QLPreviewItem", "RPBroadcastActivityViewControllerDelegate", "RPBroadcastControllerDelegate", "RPPreviewViewControllerDelegate", "RPScreenRecorderDelegate", "SCNActionable", "SCNAnimatable", "SCNAnimationProtocol", "SCNAvoidOccluderConstraintDelegate", "SCNBoundingVolume", "SCNBufferStream", "SCNCameraControlConfiguration", "SCNCameraControllerDelegate", "SCNNodeRendererDelegate", "SCNPhysicsContactDelegate", "SCNProgramDelegate", "SCNSceneExportDelegate", "SCNSceneRenderer", "SCNSceneRendererDelegate", "SCNShadable", "SCNTechniqueSupport", "SFSafariExtensionHandling", "SFSafariViewControllerDelegate", "SFSpeechRecognitionTaskDelegate", "SFSpeechRecognizerDelegate", "SKCloudServiceSetupViewControllerDelegate", "SKPaymentTransactionObserver", "SKPhysicsContactDelegate", "SKRequestDelegate", "SKSceneDelegate", "SKStoreProductViewControllerDelegate", "SKViewDelegate", "SKWarpable", "StreamDelegate", "TKTokenDelegate", "TKTokenDriverDelegate", "TKTokenSessionDelegate", "TVApplicationControllerDelegate", "TVInterfaceCreating", "TVLockupViewComponent", "TVPlaybackEventMarshaling", "UIAccelerometerDelegate", "UIAccessibilityContainerDataTable", "UIAccessibilityContainerDataTableCell", "UIAccessibilityContentSizeCategoryImageAdjusting", "UIAccessibilityIdentification", "UIActionSheetDelegate", "UIActivityItemSource", "UIAdaptivePresentationControllerDelegate", "UIAlertViewDelegate", "UIAppearance", "UIAppearanceContainer", "UIApplicationDelegate", "UIBarPositioning", "UIBarPositioningDelegate", "UICloudSharingControllerDelegate", "UICollectionViewDataSource", "UICollectionViewDataSourcePrefetching", "UICollectionViewDragDelegate", "UICollectionViewDropCoordinator", "UICollectionViewDropDelegate", "UICollectionViewDropItem", "UICollisionBehaviorDelegate", "UIContentContainer", "UIContentSizeCategoryAdjusting", "UICoordinateSpace", "UIDataSourceTranslating", "UIDocumentBrowserViewControllerDelegate", "UIDocumentInteractionControllerDelegate", "UIDocumentMenuDelegate", "UIDocumentPickerDelegate", "UIDragAnimating", "UIDragDropSession", "UIDragInteractionDelegate", "UIDropInteractionDelegate", "UIDynamicAnimatorDelegate", "UIDynamicItem", "UIFocusAnimationContext", "UIFocusDebuggerOutput", "UIFocusEnvironment", "UIFocusItemContainer", "UIGestureRecognizerDelegate", "UIGuidedAccessRestrictionDelegate", "UIImagePickerControllerDelegate", "UIInputViewAudioFeedback", "UIInteraction", "UIItemProviderPresentationSizeProviding", "UILayoutSupport", "UINavigationControllerDelegate", "UIPageViewControllerDataSource", "UIPageViewControllerDelegate", "UIPasteConfigurationSupporting", "UIPencilInteractionDelegate", "UIPickerViewDataSource", "UIPickerViewDelegate", "UIPopoverControllerDelegate", "UIPreviewActionItem", "UIPreviewInteractionDelegate", "UIPrinterPickerControllerDelegate", "UIPrintInteractionControllerDelegate", "UIResponderStandardEditActions", "UIScrollViewDelegate", "UISearchControllerDelegate", "UISearchDisplayDelegate", "UISearchResultsUpdating", "UISpringLoadedInteractionBehavior", "UISpringLoadedInteractionContext", "UISpringLoadedInteractionEffect", "UISpringLoadedInteractionSupporting", "UIStateRestoring", "UITabBarControllerDelegate", "UITabBarDelegate", "UITableViewDataSource", "UITableViewDataSourcePrefetching", "UITableViewDelegate", "UITableViewDragDelegate", "UITableViewDropCoordinator", "UITableViewDropDelegate", "UITableViewDropItem", "UITextDragDelegate", "UITextDragRequest", "UITextDropDelegate", "UITextDropRequest", "UITextFieldDelegate", "UITextInputDelegate", "UITextInputTokenizer", "UITextInputTraits", "UITextPasteDelegate", "UITextPasteItem", "UITextViewDelegate", "UITraitEnvironment", "UIUserActivityRestoring", "UIVideoEditorControllerDelegate", "UIViewAnimating", "UIViewControllerAnimatedTransitioning", "UIViewControllerContextTransitioning", "UIViewControllerInteractiveTransitioning", "UIViewControllerPreviewing", "UIViewControllerPreviewingDelegate", "UIViewControllerTransitionCoordinatorContext", "UIViewControllerTransitioningDelegate", "UIWebViewDelegate", "UNNotificationContentExtension", "UNUserNotificationCenterDelegate", "URLAuthenticationChallengeSender", "URLProtocolClient", "URLSessionDelegate", "VNFaceObservationAccepting", "WCSessionDelegate", "WebDocumentRepresentation", "WebDocumentSearching", "WebDocumentText", "WebDocumentView", "WebEditingDelegate", "WebFrameLoadDelegate", "WebOpenPanelResultListener", "WebPlugInViewFactory", "WebPolicyDecisionListener", "WebPolicyDelegate", "WebResourceLoadDelegate", "WebUIDelegate", "WKCrownDelegate", "WKExtensionDelegate", "WKHTTPCookieStoreObserver", "WKImageAnimatable", "WKNavigationDelegate", "WKScriptMessageHandler", "WKUIDelegate", "WKURLSchemeHandler", "WKURLSchemeTask", "XCSourceEditorCommand", "XCSourceEditorExtension", "XCTActivity", "XCTestObservation", "XCTWaiterDelegate", "XCUIElementSnapshotProviding", "XCUIScreenshotProviding", "XMLParserDelegate"], "class_name": "NSObjectProtocol", "class_description": "Note\nThis protocol is imported into Swift with the name NSObjectProtocol.\nAn object that conforms to this protocol can be considered a first-class object. Such an object can be asked about its: \nClass, and the place of its class in the inheritance hierarchy.\nConformance to protocols.\nAbility to respond to a particular message.\nThe Cocoa root class NSObject adopts this protocol, so all objects inheriting from NSObject have the features described by this protocol.\n", "class_inherit_list": []}