{"Methods": [{"params": [{"param_description": "An array of objects to add to the new set.If the same object appears more than once in array, it is represented only once in the returned ordered set.", "param_name": ["array"], "param_type": "[Any]"}], "method_name": "init", "is_static": false, "class_name": "NSOrderedSet", "method_description": "Initializes a newly allocated set with the objects that are contained in a given array.", "return_value": {"return_name": [], "return_description": ["An initialized ordered set with the contents of array. The returned ordered set might be different than the original receiver."], "return_type": []}}, {"params": [{"param_description": "An array of objects to add to the new set.If the same object appears more than once in array, it is represented only once in the returned ordered set.", "param_name": ["array", "set"], "param_type": "[Any]"}, {"param_description": "If true the objects are copied to the ordered set; otherwise false.", "param_name": ["copyItems", "flag"], "param_type": "Bool"}], "method_name": "init", "is_static": false, "class_name": "NSOrderedSet", "method_description": "Initializes a newly allocated set with the objects that are contained in a given array, optionally copying the items.", "return_value": {"return_name": [], "return_description": ["An initialized ordered set containing a uniqued collection of the objects contained in the array."], "return_type": []}}, {"params": [{"param_description": "An array of objects to add to the new set.If the same object appears more than once in array, it is represented only once in the returned ordered set.", "param_name": ["array", "set"], "param_type": "[Any]"}, {"param_description": "The range of objects in array to add to the ordered set.", "param_name": ["range"], "param_type": "NSRange"}, {"param_description": "If true the objects are copied to the ordered set; otherwise false.", "param_name": ["copyItems", "flag"], "param_type": "Bool"}], "method_name": "init", "is_static": false, "class_name": "NSOrderedSet", "method_description": "Initializes a newly allocated set with the objects that are contained in the specified range of an array, optionally copying the items.", "return_value": {"return_name": [], "return_description": ["An initialized ordered set containing a uniqued collection of the objects contained in specified range of the the array."], "return_type": []}}, {"params": [{"param_description": "The object to add to the new ordered set", "param_name": ["object"], "param_type": "Any"}], "method_name": "init", "is_static": false, "class_name": "NSOrderedSet", "method_description": "Initializes a new ordered set with the object.", "return_value": {"return_name": [], "return_description": ["A new ordered set that contains a single member, object."], "return_type": []}}, {"params": [{"param_description": "A C array of objects to add to the new set.If the same object appears more than once in objects, it is added only once to the returned ordered set.", "param_name": ["objects"], "param_type": "UnsafePointer<AnyObject>"}, {"param_description": "The number of objects from objects to add to the new ordered set.", "param_name": ["count", "cnt"], "param_type": "Int"}], "method_name": "init", "is_static": false, "class_name": "NSOrderedSet", "method_description": "Initializes a newly allocated set with a specified number of objects from a given C array of objects.", "return_value": {"return_name": [], "return_description": ["An initialized ordered set containing cnt objects from the list of objects specified by objects. The returned set might be different than the original receiver."], "return_type": []}}, {"params": [{"param_description": "A set.", "param_name": ["orderedSet", "set"], "param_type": "NSOrderedSet"}], "method_name": "init", "is_static": false, "class_name": "NSOrderedSet", "method_description": "Initializes a new ordered set with the contents of a set.", "return_value": {"return_name": [], "return_description": ["An initialized ordered set containing references to the objects in the set."], "return_type": []}}, {"params": [{"param_description": "A set.", "param_name": ["orderedSet", "set"], "param_type": "NSOrderedSet"}, {"param_description": "If true the objects are copied to the ordered set; otherwise false.", "param_name": ["copyItems", "flag"], "param_type": "Bool"}], "method_name": "init", "is_static": false, "class_name": "NSOrderedSet", "method_description": "Initializes a new ordered set with the contents of a set, optionally copying the items.", "return_value": {"return_name": [], "return_description": ["An initialized ordered set containing the objects in the set."], "return_type": []}}, {"params": [{"param_description": "An ordered set.", "param_name": ["orderedSet", "set"], "param_type": "NSOrderedSet"}, {"param_description": "The range of objects in orderedSet to add to the ordered set.", "param_name": ["range"], "param_type": "NSRange"}, {"param_description": "If true the objects are copied to the ordered set; otherwise false.", "param_name": ["copyItems", "flag"], "param_type": "Bool"}], "method_name": "init", "is_static": false, "class_name": "NSOrderedSet", "method_description": "Initializes a new ordered set with the contents of an ordered set, optionally copying the items.", "return_value": {"return_name": [], "return_description": ["An initialized ordered set containing the objects in the ordered set."], "return_type": []}}, {"params": [{"param_description": "The set.", "param_name": ["set"], "param_type": "Set<AnyHashable>"}], "method_name": "init", "is_static": false, "class_name": "NSOrderedSet", "method_description": "Initializes a new ordered set with the contents of a set.", "return_value": {"return_name": [], "return_description": ["An initialized ordered set containing the objects in the set."], "return_type": []}}, {"params": [{"param_description": "The set.", "param_name": ["set"], "param_type": "Set<AnyHashable>"}, {"param_description": "If true the objects are copied to the ordered set; otherwise false.", "param_name": ["copyItems", "flag"], "param_type": "Bool"}], "method_name": "init", "is_static": false, "class_name": "NSOrderedSet", "method_description": "Initializes a new ordered set with the contents of a set, optionally copying the objects in the set.", "return_value": {"return_name": [], "return_description": ["An initialized ordered set containing the objects in the set."], "return_type": []}}, {"params": [], "method_name": "init", "is_static": false, "class_name": "NSOrderedSet", "method_description": "Initializes a newly allocated ordered set.", "return_value": {"return_name": [], "return_description": ["An ordered set."], "return_type": []}}, {"params": [{"param_description": "The object for which to test membership of the ordered set.", "param_name": ["object"], "param_type": "Any"}], "method_name": "contains", "is_static": false, "class_name": "NSOrderedSet", "method_description": "Returns a Boolean value that indicates whether a given object is present in the ordered set.", "return_value": {"return_name": [""], "return_description": ["YES if object is present in the set, otherwise false."], "return_type": ["Bool"]}}, {"params": [{"param_description": "", "param_name": ["at", "s"], "param_type": "IndexSet"}, {"param_description": "A bitmask that specifies the options for the enumeration (whether it should be performed concurrently and whether it should be performed in reverse order).", "param_name": ["options", "opts"], "param_type": "NSEnumerationOptions"}, {"param_description": "The block to apply to elements in the ordered set.The block takes three arguments:objThe element in the ordered set.idxThe index of the element in the ordered set.stopA reference to a Boolean value. The block can set the value to true to stop further processing of the array. The stop argument is an out-only argument. You should only ever set this Boolean to true within the block.", "param_name": ["using", "block"], "param_type": "(Any, Int, UnsafeMutablePointer<ObjCBool>) -> Void"}], "method_name": "enumerateObjects", "is_static": false, "class_name": "NSOrderedSet", "method_description": "Executes a given block using the objects in the ordered set at the specified indexes.", "return_value": {"return_name": [""], "return_description": [], "return_type": ["Void"]}}, {"params": [{"param_description": "The block to apply to elements in the ordered set.The block takes three arguments:idxThe element in the set.idxThe index of the item in the set.stopA reference to a Boolean value. The block can set the value to true to stop further processing of the set. The stop argument is an out-only argument. You should only ever set this value to true within the block.The block returns a Boolean value that indicates whether obj passed the test.", "param_name": ["block"], "param_type": "(Any, Int, UnsafeMutablePointer<ObjCBool>) -> Void"}], "method_name": "enumerateObjects", "is_static": false, "class_name": "NSOrderedSet", "method_description": "Executes a given block using each object in the ordered set.", "return_value": {"return_name": [""], "return_description": [], "return_type": ["Void"]}}, {"params": [{"param_description": "A bitmask that specifies the options for the enumeration (whether it should be performed concurrently and whether it should be performed in reverse order).", "param_name": ["options", "opts"], "param_type": "NSEnumerationOptions"}, {"param_description": "The block to apply to elements in the ordered set.The block takes three arguments:objThe element in the set.idxThe index of the item in the set.stopA reference to a Boolean value. The block can set the value to true to stop further processing of the set. The stop argument is an out-only argument. You should only ever set this value to true within the block.The block returns a Boolean value that indicates whether obj passed the test.", "param_name": ["using", "block"], "param_type": "(Any, Int, UnsafeMutablePointer<ObjCBool>) -> Void"}], "method_name": "enumerateObjects", "is_static": false, "class_name": "NSOrderedSet", "method_description": "Executes a given block using each object in the set, using the specified enumeration options.", "return_value": {"return_name": [""], "return_description": [], "return_type": ["Void"]}}, {"params": [{"param_description": "", "param_name": ["at", "idx"], "param_type": "Int"}], "method_name": "object", "is_static": false, "class_name": "NSOrderedSet", "method_description": "Returns the object at the specified index of the set.", "return_value": {"return_name": [""], "return_description": ["If index is beyond the end of the ordered set (that is, if index is greater than or equal to the value returned by count), an rangeException is raised."], "return_type": ["Any"]}}, {"params": [{"param_description": "The indexes.", "param_name": ["at", "indexes"], "param_type": "IndexSet"}], "method_name": "objects", "is_static": false, "class_name": "NSOrderedSet", "method_description": "Returns the objects in the ordered set at the specified indexes.", "return_value": {"return_name": [""], "return_description": ["The returned objects are in the ascending order of their indexes in indexes, so that object in returned ordered set with higher index in indexes will follow the object with smaller index in indexes."], "return_type": ["[Any]"]}}, {"params": [{"param_description": "The object.", "param_name": ["of", "object"], "param_type": "Any"}], "method_name": "index", "is_static": false, "class_name": "NSOrderedSet", "method_description": "Returns the index of the specified object.", "return_value": {"return_name": [""], "return_description": ["The index whose corresponding ordered set value is equal to object. If none of the objects in the ordered set  is equal to object, returns NSNotFound."], "return_type": ["Int"]}}, {"params": [{"param_description": "An object for which to search in the ordered set.If this value is nil, throws an invalidArgumentException.", "param_name": ["of", "object"], "param_type": "Any"}, {"param_description": "The range within the array to search for object.If r exceeds the bounds of the ordered set (if the location plus length of the range is greater than the count of the ordered set), throws an rangeException.", "param_name": ["inSortedRange", "range"], "param_type": "NSRange"}, {"param_description": "Options for the search. For possible values, see NSBinarySearchingOptions.", "param_name": ["options", "opts"], "param_type": "NSBinarySearchingOptions"}, {"param_description": "A comparator block used to compare the object obj with elements in the ordered set.If this value is NULL, throws an invalidArgumentException.", "param_name": ["usingComparator", "cmp"], "param_type": "(Any, Any) -> ComparisonResult"}], "method_name": "index", "is_static": false, "class_name": "NSOrderedSet", "method_description": "Returns the index, within a specified range, of an object compared with elements in the ordered set using a given NSComparator block.", "return_value": {"return_name": [""], "return_description": ["If the insertionIndex option is not specified:"], "return_type": ["Int"]}}, {"params": [{"param_description": "", "param_name": ["ofObjectAt", "s"], "param_type": "IndexSet"}, {"param_description": "A bitmask that specifies the options for the enumeration (whether it should be performed concurrently and whether it should be performed in reverse order).", "param_name": ["options", "opts"], "param_type": "NSEnumerationOptions"}, {"param_description": "The block to apply to elements in the ordered set.The block takes three arguments:objThe element in the ordered set.idxThe index of the element in the ordered set.stopA reference to a Boolean value. The block can set the value to true to stop further processing of the set. The stop argument is an out-only argument. You should only ever set this value to true within the block.The block returns a Boolean value that indicates whether obj passed the test.", "param_name": ["passingTest", "predicate"], "param_type": "(Any, Int, UnsafeMutablePointer<ObjCBool>) -> Bool"}], "method_name": "index", "is_static": false, "class_name": "NSOrderedSet", "method_description": "Returns the index, from a given set of indexes, of the object in the ordered set that passes a test in a given block for a given set of enumeration options.", "return_value": {"return_name": [""], "return_description": ["The index of the corresponding value in the ordered set passes the test specified by predicate. If no objects in the ordered set pass the test, returns NSNotFound."], "return_type": ["Int"]}}, {"params": [{"param_description": "The block to apply to elements in the ordered set.The block takes three arguments:objThe element in the ordered set.TermThe index of the element in the ordered set.stopA reference to a Boolean value. The block can set the value to true to stop further processing of the set. The stop argument is an out-only argument. You should only ever set this value to true within the block.", "param_name": ["ofObjectPassingTest", "predicate"], "param_type": "(Any, Int, UnsafeMutablePointer<ObjCBool>) -> Bool"}], "method_name": "index", "is_static": false, "class_name": "NSOrderedSet", "method_description": "Returns the index of the object in the ordered set that passes a test in a given block.", "return_value": {"return_name": [""], "return_description": ["The index of the corresponding value in the ordered set that passes the test specified by predicate. If no objects in the ordered set  pass the test, returns NSNotFound."], "return_type": ["Int"]}}, {"params": [{"param_description": "A bitmask that specifies the options for the enumeration (whether it should be performed concurrently and whether it should be performed in reverse order).", "param_name": ["opts"], "param_type": "NSEnumerationOptions"}, {"param_description": "The block to apply to elements in the ordered set.The block takes three arguments:objThe element in the array.idxThe index of the element in the ordered set.stopA reference to a Boolean value. The block can set the value to true to stop further processing of the set. The stop argument is an out-only argument. You should only ever set this value to true within the block.The block returns a Boolean value that indicates whether obj passed the test.", "param_name": ["ofObjectPassingTest", "predicate"], "param_type": "(Any, Int, UnsafeMutablePointer<ObjCBool>) -> Bool"}], "method_name": "index", "is_static": false, "class_name": "NSOrderedSet", "method_description": "Returns the index of an object in the ordered set that passes a test in a given block for a given set of enumeration options.", "return_value": {"return_name": [""], "return_description": ["The index whose corresponding value in the ordered set passes the test specified by predicate and opts.  If no objects in the ordered set  pass the test, returns NSNotFound."], "return_type": ["Int"]}}, {"params": [{"param_description": "", "param_name": ["ofObjectsAt", "s"], "param_type": "IndexSet"}, {"param_description": "A bitmask that specifies the options for the enumeration (whether it should be performed concurrently and whether it should be performed in reverse order).", "param_name": ["options", "opts"], "param_type": "NSEnumerationOptions"}, {"param_description": "The block to apply to elements in the ordered set.The block takes three arguments:objThe element in the ordered set.idxThe index of the element in the ordered set.stopA reference to a Boolean value. The block can set the value to true to stop further processing of the set. The stop argument is an out-only argument. You should only ever set this value to true within the block.The block returns a Boolean value that indicates whether obj passed the test.", "param_name": ["passingTest", "predicate"], "param_type": "(Any, Int, UnsafeMutablePointer<ObjCBool>) -> Bool"}], "method_name": "indexes", "is_static": false, "class_name": "NSOrderedSet", "method_description": "Returns the index, from a given set of indexes, of the object in the ordered set that passes a test in a given block for a given set of enumeration options.", "return_value": {"return_name": [""], "return_description": ["The index of the corresponding value in the ordered set that passes the test specified by predicate. If no objects in the ordered set pass the test, returns NSNotFound."], "return_type": ["IndexSet"]}}, {"params": [{"param_description": "The block to apply to elements in the ordered set.The block takes three arguments:objThe element in the ordered set.TermThe index of the element in the ordered set.stopA reference to a Boolean value. The block can set the value to true to stop further processing of the set. The stop argument is an out-only argument. You should only ever set this value to true within the block.", "param_name": ["ofObjectsPassingTest", "predicate"], "param_type": "(Any, Int, UnsafeMutablePointer<ObjCBool>) -> Bool"}], "method_name": "indexes", "is_static": false, "class_name": "NSOrderedSet", "method_description": "Returns the index of the object in the ordered set that passes a test in a given block.", "return_value": {"return_name": [""], "return_description": ["The index of the corresponding value in the ordered set that passes the test specified by predicate. If no objects in the ordered set pass the test, returns NSNotFound.."], "return_type": ["IndexSet"]}}, {"params": [{"param_description": "A bitmask that specifies the options for the enumeration (whether it should be performed concurrently and whether it should be performed in reverse order).", "param_name": ["options", "opts"], "param_type": "NSEnumerationOptions"}, {"param_description": "The block to apply to elements in the ordered set.The block takes three arguments:objThe element in the ordered set.TermThe index of the element in the ordered set.stopA reference to a Boolean value. The block can set the value to true to stop further processing of the set. The stop argument is an out-only argument. You should only ever set this value to true within the block.", "param_name": ["ofObjectsPassingTest", "predicate"], "param_type": "(Any, Int, UnsafeMutablePointer<ObjCBool>) -> Bool"}], "method_name": "indexes", "is_static": false, "class_name": "NSOrderedSet", "method_description": "Returns the index of an object in the ordered set that passes a test in a given block for a given set of enumeration options.", "return_value": {"return_name": [""], "return_description": ["The index whose corresponding value in the ordered set passes the test specified by predicate and opts. If the opts bitmask specifies reverse order, then the last item that matches is returned. Otherwise, the index of the first matching object is returned. If no objects in the ordered set pass the test, returns NSNotFound."], "return_type": ["IndexSet"]}}, {"params": [], "method_name": "objectEnumerator", "is_static": false, "class_name": "NSOrderedSet", "method_description": "Returns an enumerator object that lets you access each object in the ordered set.", "return_value": {"return_name": [""], "return_description": ["An enumerator object that lets you access each object in the ordered set, in order, from the element at the lowest index upwards."], "return_type": ["NSEnumerator"]}}, {"params": [], "method_name": "reverseObjectEnumerator", "is_static": false, "class_name": "NSOrderedSet", "method_description": "Returns an enumerator object that lets you access each object in the ordered set.", "return_value": {"return_name": [""], "return_description": ["An enumerator object that lets you access each object in the ordered set, in order, from the element at the highest index downwards."], "return_type": ["NSEnumerator"]}}, {"params": [{"param_description": "The object value.", "param_name": ["value"], "param_type": "Any"}, {"param_description": "The key to store the value.", "param_name": ["forKey", "key"], "param_type": "String"}], "method_name": "setValue", "is_static": false, "class_name": "NSOrderedSet", "method_description": "Invokes setValue:forKey: on each of the receiver's members using the specified value and key", "return_value": {"return_name": [], "return_description": [], "return_type": []}}, {"params": [{"param_description": "The key to retrieve.", "param_name": ["forKey", "key"], "param_type": "String"}], "method_name": "value", "is_static": false, "class_name": "NSOrderedSet", "method_description": "Returns an ordered set containing the results of invoking valueForKey: using key on each of the ordered set\u2019s objects.", "return_value": {"return_name": [""], "return_description": ["The ordered set of the values for the retrieved key. The returned ordered set might not have the same number of members as the receiver."], "return_type": ["Any"]}}, {"params": [{"param_description": "The object to register for KVO notifications.", "param_name": ["observer"], "param_type": "NSObject"}, {"param_description": "The key path, relative to the array, of the property to observe. This value must not be nil.", "param_name": ["forKeyPath", "keyPath"], "param_type": "String"}, {"param_description": "A combination of NSKeyValueObservingOptions values that specifies what is included in observation notifications.", "param_name": ["options"], "param_type": "NSKeyValueObservingOptions"}, {"param_description": "Arbitrary data that is passed to observer in observeValue(forKeyPath:of:change:context:).", "param_name": ["context"], "param_type": "UnsafeMutableRawPointer"}], "method_name": "addObserver", "is_static": false, "class_name": "NSOrderedSet", "method_description": "Raises an exception.", "return_value": {"return_name": [], "return_description": [], "return_type": []}}, {"params": [{"param_description": "The object to remove as an observer.", "param_name": ["observer"], "param_type": "NSObject"}, {"param_description": "A key-path, relative to the set, for which observer is registered to receive KVO change notifications. This value must not be nil.", "param_name": ["forKeyPath", "keyPath"], "param_type": "String"}], "method_name": "removeObserver", "is_static": false, "class_name": "NSOrderedSet", "method_description": "Raises an exception.", "return_value": {"return_name": [], "return_description": [], "return_type": []}}, {"params": [{"param_description": "The object to remove as an observer.", "param_name": ["observer"], "param_type": "NSObject"}, {"param_description": "A key-path, relative to the set, for which observer is registered to receive KVO change notifications. This value must not be nil.", "param_name": ["forKeyPath", "keyPath"], "param_type": "String"}, {"param_description": "The context passed to the notifications.", "param_name": ["context"], "param_type": "UnsafeMutableRawPointer"}], "method_name": "removeObserver", "is_static": false, "class_name": "NSOrderedSet", "method_description": "Raises an exception.", "return_value": {"return_name": [], "return_description": [], "return_type": []}}, {"params": [{"param_description": "The ordered set with which to compare the receiving ordered set.", "param_name": ["to", "other"], "param_type": "NSOrderedSet"}], "method_name": "isEqual", "is_static": false, "class_name": "NSOrderedSet", "method_description": "Compares the receiving ordered set to another ordered set.", "return_value": {"return_name": [""], "return_description": ["true if the contents of other are equal to the contents of the receiving ordered set, otherwise false."], "return_type": ["Bool"]}}, {"params": [{"param_description": "The other ordered set.", "param_name": ["other"], "param_type": "NSOrderedSet"}], "method_name": "intersects", "is_static": false, "class_name": "NSOrderedSet", "method_description": "Returns a Boolean value that indicates whether at least one object in the receiving ordered set is also present in another given ordered set.", "return_value": {"return_name": [""], "return_description": ["true if at least one object in the receiving ordered set is also present in other, otherwise false."], "return_type": ["Bool"]}}, {"params": [{"param_description": "The set.", "param_name": ["set"], "param_type": "Set<AnyHashable>"}], "method_name": "intersectsSet", "is_static": false, "class_name": "NSOrderedSet", "method_description": "Returns a Boolean value that indicates whether at least one object in the receiving ordered set is also present in another given set.", "return_value": {"return_name": [""], "return_description": ["true if at least one object in the receiving ordered set is also present in other, otherwise false."], "return_type": ["Bool"]}}, {"params": [{"param_description": "The ordered set with which to compare the receiving ordered set.", "param_name": ["of", "other"], "param_type": "NSOrderedSet"}], "method_name": "isSubset", "is_static": false, "class_name": "NSOrderedSet", "method_description": "Returns a Boolean value that indicates whether every object in the receiving ordered set is also present in another given ordered set.", "return_value": {"return_name": [""], "return_description": ["true if every object in the receiving set is also present in other, otherwise false."], "return_type": ["Bool"]}}, {"params": [{"param_description": "The set with which to compare the receiving ordered set.", "param_name": ["of", "set"], "param_type": "Set<AnyHashable>"}], "method_name": "isSubset", "is_static": false, "class_name": "NSOrderedSet", "method_description": "Returns a Boolean value that indicates whether every object in the receiving ordered set is also present in another given set.", "return_value": {"return_name": [""], "return_description": ["true if every object in the receiving ordered set is also present in set, otherwise false."], "return_type": ["Bool"]}}, {"params": [{"param_description": "An array of NSSortDescriptor objects.", "param_name": ["using", "sortDescriptors"], "param_type": "[NSSortDescriptor]"}], "method_name": "sortedArray", "is_static": false, "class_name": "NSOrderedSet", "method_description": "Returns an array of the ordered set\u2019s elements sorted as specified by a given array of sort descriptors.", "return_value": {"return_name": [""], "return_description": ["An NSArray containing the ordered set\u2019s elements sorted as specified by sortDescriptors."], "return_type": ["[Any]"]}}, {"params": [{"param_description": "A comparator block.", "param_name": ["comparator", "cmptr"], "param_type": "(Any, Any) -> ComparisonResult"}], "method_name": "sortedArray", "is_static": false, "class_name": "NSOrderedSet", "method_description": "Returns an array that lists the receiving ordered set\u2019s elements in ascending order, as determined by the comparison method specified by a given NSComparator block", "return_value": {"return_name": [""], "return_description": ["An array that lists the receiving ordered set\u2019s elements in ascending order, as determined by the comparison method specified cmptr."], "return_type": ["[Any]"]}}, {"params": [{"param_description": "A bitmask that specifies the options for the sort (whether it should be performed concurrently and whether it should be performed stably).", "param_name": ["options", "opts"], "param_type": "NSSortOptions"}, {"param_description": "A comparator block.", "param_name": ["usingComparator", "cmptr"], "param_type": "(Any, Any) -> ComparisonResult"}], "method_name": "sortedArray", "is_static": false, "class_name": "NSOrderedSet", "method_description": "Returns an array that lists the receiving ordered set\u2019s elements in ascending order, as determined by the comparison method specified by a given NSComparator block.", "return_value": {"return_name": [""], "return_description": ["An array that lists the receiving ordered set\u2019s elements in ascending order, as determined by the comparison method specified cmptr."], "return_type": ["[Any]"]}}, {"params": [{"param_description": "", "param_name": ["using", "p"], "param_type": "NSPredicate"}], "method_name": "filtered", "is_static": false, "class_name": "NSOrderedSet", "method_description": "Evaluates a given predicate against each object in the receiving ordered set and returns a new ordered set containing the objects for which the predicate returns true.", "return_value": {"return_name": [""], "return_description": ["A new ordered set containing the objects in the receiving ordered set for which predicate returns true."], "return_type": ["NSOrderedSet"]}}, {"params": [{"param_description": "An NSLocale object or an NSDictionary object that specifies options used for formatting each of the ordered set\u2019s elements (where recognized). Specify nil if you don\u2019t want the elements formatted.", "param_name": ["withLocale", "locale"], "param_type": "Any"}], "method_name": "description", "is_static": false, "class_name": "NSOrderedSet", "method_description": "Returns a string that represents the contents of the ordered set, formatted as a property list.", "return_value": {"return_name": [""], "return_description": ["A string that represents the contents of the ordered set, formatted as a property list."], "return_type": ["String"]}}, {"params": [{"param_description": "An NSLocale object or an NSDictionary object that specifies options used for formatting each of the array\u2019s elements (where recognized). Specify nil if you don\u2019t want the elements formatted.", "param_name": ["withLocale", "locale"], "param_type": "Any"}, {"param_description": "Specifies a level of indentation, to make the output more readable: the indentation is (4 spaces) * level. ", "param_name": ["indent", "level"], "param_type": "Int"}], "method_name": "description", "is_static": false, "class_name": "NSOrderedSet", "method_description": "Returns a string that represents the contents of the ordered set, formatted as a property list.", "return_value": {"return_name": [""], "return_description": ["A string that represents the contents of the ordered set, formatted as a property list."], "return_type": ["String"]}}, {"params": [{"param_description": "", "param_name": ["arrayLiteral", "elements"], "param_type": "Any..."}], "method_name": "init", "is_static": false, "class_name": "NSOrderedSet", "method_description": "", "return_value": {"return_name": [], "return_description": [], "return_type": []}}, {"params": [{"param_description": "", "param_name": ["coder", "aDecoder"], "param_type": "NSCoder"}], "method_name": "init", "is_static": false, "class_name": "NSOrderedSet", "method_description": "", "return_value": {"return_name": [], "return_description": [], "return_type": []}}, {"params": [{"param_description": "", "param_name": ["objects", "elements"], "param_type": "Any..."}], "method_name": "init", "is_static": false, "class_name": "NSOrderedSet", "method_description": "", "return_value": {"return_name": [], "return_description": [], "return_type": []}}, {"params": [{"param_description": "A C array of objects to add to the new ordered set.If the same object appears more than once in objects, it is added only once to the returned ordered set. Each object receives a retain message as it is added to the set.", "param_name": ["objects"], "param_type": "UnsafePointer<AnyObject>"}, {"param_description": "The number of objects from objects to add to the new set.", "param_name": ["count", "cnt"], "param_type": "Int"}], "method_name": "init", "is_static": false, "class_name": "NSOrderedSet", "method_description": "Creates and returns a set containing a specified number of objects from a given C array of objects.", "return_value": {"return_name": [], "return_description": ["A new ordered set containing cnt objects from the list of objects specified by objects."], "return_type": []}}, {"params": [], "method_name": "makeIterator", "is_static": false, "class_name": "NSOrderedSet", "method_description": "Return an iterator over the elements of this sequence.", "return_value": {"return_name": [""], "return_description": [], "return_type": ["NSFastEnumerationIterator"]}}], "Vars": [{"var_type": "Int", "var_description": "The number of members in the set.", "var_name": "count"}, {"var_type": "Any", "var_description": "The first object in the ordered set.", "var_name": "firstObject"}, {"var_type": "Any", "var_description": "The last object in the ordered set.", "var_name": "lastObject"}, {"var_type": "NSOrderedSet", "var_description": "An ordered set in the reverse order.", "var_name": "reversed"}, {"var_type": "String", "var_description": "A string that represents the contents of the ordered set, formatted as a property list.", "var_name": "description"}, {"var_type": "[Any]", "var_description": "A representation of the ordered set as an array.", "var_name": "array"}, {"var_type": "Set<AnyHashable>", "var_description": "A representation of the set containing the contents of the ordered set.", "var_name": "set"}], "interface_list": ["CVarArg", "Equatable", "ExpressibleByArrayLiteral", "Hashable", "NSCopying", "NSFastEnumeration", "NSMutableCopying", "NSSecureCoding", "Sequence"], "package_name": "foundation", "subclass_list": [], "class_name": "NSOrderedSet", "class_description": "NSOrderedSet declares the programmatic interface for static sets of distinct objects. You establish a static set\u2019s entries when it\u2019s created, and thereafter the entries can\u2019t be modified. NSMutableOrderedSet, on the other hand, declares a programmatic interface for dynamic sets of distinct objects. A dynamic\u2014or mutable\u2014set allows the addition and deletion of entries at any time, automatically allocating memory as needed.\nYou can use ordered sets as an alternative to arrays when the order of elements is important and performance in testing whether an object is contained in the set is a consideration\u2014testing for membership of an array is slower than testing for membership of a set.\n", "class_inherit_list": ["NSObject"]}