{"Methods": [{"params": [{"param_description": "A BCP-47 tag identifying the language.", "param_name": ["forLanguage", "language"], "param_type": "String"}], "method_name": "defaultOrthography", "is_static": false, "class_name": "NSOrthography", "method_description": "Creates and returns an orthography object with the default language map for the specified language.", "return_value": {"return_name": [""], "return_description": [], "return_type": ["Self"]}}, {"params": [{"param_description": "The dominant script.", "param_name": ["dominantScript", "script"], "param_type": "String"}, {"param_description": "A dictionary mapping ISO 15924 script codes to arrays of BCP-47 language tags.", "param_name": ["languageMap", "map"], "param_type": "[String"}, {"param_description": "", "param_name": ["[String"], "param_type": "[String]]"}], "method_name": "init", "is_static": false, "class_name": "NSOrthography", "method_description": "Creates an orthography object with the specified dominant script and language map.", "return_value": {"return_name": [], "return_description": ["An orthography object initialized with the specified script and language map."], "return_type": []}}, {"params": [{"param_description": "The specified script.", "param_name": ["forScript", "script"], "param_type": "String"}], "method_name": "dominantLanguage", "is_static": false, "class_name": "NSOrthography", "method_description": "Returns the dominant language for the specified script.", "return_value": {"return_name": [""], "return_description": [], "return_type": ["String"]}}, {"params": [{"param_description": "The specified script.", "param_name": ["forScript", "script"], "param_type": "String"}], "method_name": "languages", "is_static": false, "class_name": "NSOrthography", "method_description": "Returns the list of languages for the specified script.", "return_value": {"return_name": [""], "return_description": [], "return_type": ["[String]"]}}, {"params": [{"param_description": "", "param_name": ["coder", "aDecoder"], "param_type": "NSCoder"}], "method_name": "init", "is_static": false, "class_name": "NSOrthography", "method_description": "", "return_value": {"return_name": [], "return_description": [], "return_type": []}}], "Vars": [{"var_type": "[String", "var_description": "A dictionary that maps script tags to arrays of language tags.", "var_name": "languageMap"}, {"var_type": "String", "var_description": "The first language in the list of languages for the dominant script.", "var_name": "dominantLanguage"}, {"var_type": "String", "var_description": "The dominant script for the text.", "var_name": "dominantScript"}, {"var_type": "[String]", "var_description": "The scripts appearing as keys in the language map.", "var_name": "allScripts"}, {"var_type": "[String]", "var_description": "The languages appearing in values of the language map.", "var_name": "allLanguages"}], "interface_list": ["CVarArg", "Equatable", "Hashable", "NSCopying", "NSSecureCoding"], "package_name": "foundation", "subclass_list": [], "class_name": "NSOrthography", "class_description": "Use NSOrthography objects to describe the linguistic content of a piece of text, including which scripts the text contains, a dominant language (and possibly other languages) for each script, and a dominant script and language for the text as a whole.\nScripts are uniformly described by four-letter ISO 15924 script codes, such as \"Latn\", \"Grek\", and \"Cyrl\". The supertags \"Jpan\" and \"Kore\" are typically used for Japanese and Korean text, and \"Hans\" and \"Hant\" are typically used for Chinese text. The tag \"Zyyy\" is used if a specific script cannot be identified. See Internationalization and Localization Guide for more information.\nLanguages are uniformly described by BCP-47 tags (preferably in canonical form). The tag \"und\" is used if a specific language cannot be determined.\nYou typically work with orthography objects returned from methods and properties for classes like NSLinguisticTagger and NSSpellChecker.\nSubclasses must override the dominantScript and languageMap properties. These properties are set using init(dominantScript:languageMap:).\n", "class_inherit_list": ["NSObject"]}