{"Methods": [{"params": [{"param_description": "The position for the new specifier relative to specifier.", "param_name": ["position"], "param_type": "NSPositionalSpecifier.InsertionPosition"}, {"param_description": "The reference specifier.", "param_name": ["objectSpecifier", "specifier"], "param_type": "NSScriptObjectSpecifier"}], "method_name": "init", "is_static": false, "class_name": "NSPositionalSpecifier", "method_description": "Initializes a positional specifier with a given position relative to another given specifier.", "return_value": {"return_name": [], "return_description": ["An initialized positional specifier with the position specified by position relative to the object specified by specifier."], "return_type": []}}, {"params": [{"param_description": "The class description for the object or objects to be inserted.", "param_name": ["classDescription"], "param_type": "NSScriptClassDescription"}], "method_name": "setInsertionClassDescription", "is_static": false, "class_name": "NSPositionalSpecifier", "method_description": "Sets the class description for the object or objects to be inserted.", "return_value": {"return_name": [], "return_description": [], "return_type": []}}, {"params": [], "method_name": "evaluate", "is_static": false, "class_name": "NSPositionalSpecifier", "method_description": "Causes the receiver to evaluate its position.", "return_value": {"return_name": [], "return_description": [], "return_type": []}}], "Vars": [{"var_type": "Any", "var_description": "Returns the container in which the new or copied object or objects should be placed.", "var_name": "insertionContainer"}, {"var_type": "Int", "var_description": "Returns an insertion index that indicates where the new or copied object or objects should be placed.", "var_name": "insertionIndex"}, {"var_type": "String", "var_description": "Returns the key that identifies the relationship into which the new or copied object or objects should be inserted.", "var_name": "insertionKey"}, {"var_type": "Bool", "var_description": "Returns a Boolean value that indicates whether evaluation has been successful and the object to be inserted should actually replace the keyed, indexed object in the insertion container.", "var_name": "insertionReplaces"}, {"var_type": "NSScriptObjectSpecifier", "var_description": "Returns the object specifier specified at initialization time.", "var_name": "objectSpecifier"}, {"var_type": "NSPositionalSpecifier.InsertionPosition", "var_description": "Returns the insertion position specified at initialization time.", "var_name": "position"}], "interface_list": ["CVarArg", "Equatable", "Hashable"], "package_name": "foundation", "subclass_list": [], "class_name": "NSPositionalSpecifier", "class_description": "Instances of NSPositionalSpecifier specify an insertion point in a container relative to another object in the container, for example, before first word or after paragraph 4. The container is specified by an instance of NSScriptObjectSpecifier. NSPositionalSpecifier objects commonly encapsulate object specifiers used as arguments to the make (create) and move commands and indicate where the created or moved object is to be inserted relative to the object represented by an object specifier.\nInvoking an accessor method to obtain information about an instance of NSPositionalSpecifier  causes the object to be evaluated if it hasn\u2019t been already.\nYou don\u2019t normally subclass NSPositionalSpecifier.\n", "class_inherit_list": ["NSObject"]}