{"Methods": [{"params": [{"param_description": "The pointer functions options for the new instance.", "param_name": ["options"], "param_type": "NSPointerFunctions.Options = []"}], "method_name": "init", "is_static": false, "class_name": "NSPointerArray", "method_description": "Initializes the receiver to use the given options.", "return_value": {"return_name": [], "return_description": ["The receiver, initialized to use the given options."], "return_type": []}}, {"params": [{"param_description": "The pointer functions for the new instance.", "param_name": ["pointerFunctions", "functions"], "param_type": "NSPointerFunctions"}], "method_name": "init", "is_static": false, "class_name": "NSPointerArray", "method_description": "Initializes the receiver to use the given functions.", "return_value": {"return_name": [], "return_description": ["The receiver, initialized to use the given functions."], "return_type": []}}, {"params": [], "method_name": "strongObjects", "is_static": false, "class_name": "NSPointerArray", "method_description": "Returns a new pointer array that maintains strong references to its elements.", "return_value": {"return_name": [""], "return_description": ["A new pointer array that maintains strong references to its elements."], "return_type": ["NSPointerArray"]}}, {"params": [], "method_name": "weakObjects", "is_static": false, "class_name": "NSPointerArray", "method_description": "Returns a new pointer array that maintains weak references to its elements.", "return_value": {"return_name": [""], "return_description": ["A new pointer array that maintains weak references to its elements."], "return_type": ["NSPointerArray"]}}, {"params": [{"param_description": "The index of an element in the receiver. This value must be less than the count of the receiver.", "param_name": ["at", "index"], "param_type": "Int"}], "method_name": "pointer", "is_static": false, "class_name": "NSPointerArray", "method_description": "Returns the pointer at a given index.", "return_value": {"return_name": [""], "return_description": ["The pointer at index."], "return_type": ["UnsafeMutableRawPointer"]}}, {"params": [{"param_description": "The pointer to add. This value may be NULL.", "param_name": ["pointer"], "param_type": "UnsafeMutableRawPointer"}], "method_name": "addPointer", "is_static": false, "class_name": "NSPointerArray", "method_description": "Adds a given pointer to the receiver.", "return_value": {"return_name": [], "return_description": [], "return_type": []}}, {"params": [{"param_description": "The index of an element in the receiver. This value must be less than the count of the receiver.", "param_name": ["at", "index"], "param_type": "Int"}], "method_name": "removePointer", "is_static": false, "class_name": "NSPointerArray", "method_description": "Removes the pointer at a given index.", "return_value": {"return_name": [], "return_description": [], "return_type": []}}, {"params": [{"param_description": "The pointer to add.", "param_name": ["item"], "param_type": "UnsafeMutableRawPointer"}, {"param_description": "The index of an element in the receiver. This value must be less than the count of the receiver.", "param_name": ["at", "index"], "param_type": "Int"}], "method_name": "insertPointer", "is_static": false, "class_name": "NSPointerArray", "method_description": "Inserts a pointer at a given index.", "return_value": {"return_name": [], "return_description": [], "return_type": []}}, {"params": [{"param_description": "The index of an element in the receiver. This value must be less than the count of the receiver.", "param_name": ["at", "index"], "param_type": "Int"}, {"param_description": "The item with which to replace the element at index. This value may be NULL.", "param_name": ["withPointer", "item"], "param_type": "UnsafeMutableRawPointer"}], "method_name": "replacePointer", "is_static": false, "class_name": "NSPointerArray", "method_description": "Replaces the pointer at a given index.", "return_value": {"return_name": [], "return_description": [], "return_type": []}}, {"params": [], "method_name": "compact", "is_static": false, "class_name": "NSPointerArray", "method_description": "Removes NULL values from the receiver.", "return_value": {"return_name": [], "return_description": [], "return_type": []}}], "Vars": [{"var_type": "Int", "var_description": "The number of elements in the receiver.", "var_name": "count"}, {"var_type": "[Any]", "var_description": "All the objects in the receiver.", "var_name": "allObjects"}, {"var_type": "NSPointerFunctions", "var_description": "The functions in use by the receiver.", "var_name": "pointerFunctions"}], "interface_list": ["CVarArg", "Equatable", "Hashable", "NSCopying", "NSFastEnumeration", "NSSecureCoding"], "package_name": "foundation", "subclass_list": [], "class_name": "NSPointerArray", "class_description": "The pointer array class is modeled after NSArray, but can also hold nil values. You can insert or remove nil values which contribute to the array's count.\nA pointer array can be initialized to maintain strong or weak references to objects, or according to any of the memory or personality options defined by NSPointerFunctions.Options.\nThe NSCopying and NSCoding protocols are applicable only when a pointer array is initialized to maintain strong or weak references to objects.\nWhen enumerating a pointer array with NSFastEnumeration using for...in, the loop will yield any nil values present in the array. See Fast Enumeration Makes It Easy to Enumerate a Collection in Programming with Objective-C for more information.\nNSPointerArray is not suitable for subclassing.\n", "class_inherit_list": ["NSObject"]}