{"Methods": [], "Vars": [{"var_type": "NSSaveOptions", "var_description": "Returns a constant indicating how to deal with closing any modified documents.", "var_name": "saveOptions"}], "interface_list": ["CVarArg", "Equatable", "Hashable"], "package_name": "foundation", "subclass_list": [], "class_name": "NSQuitCommand", "class_description": "The quit command may optionally specify how to handle modified documents (automatically save changes, don\u2019t save them, or ask the user). For details, see the description for the quit command in \"Apple Events Sent By the Mac OS\" in How Cocoa Applications Handle Apple Events inCocoa Scripting Guide.\nNSQuitCommand is part of Cocoa\u2019s built-in scripting support. Most applications don\u2019t need to subclass NSQuitCommand or call its methods.\n", "class_inherit_list": ["NSScriptCommand"]}