{"Methods": [{"params": [{"param_description": "", "param_name": ["rawValue"], "param_type": "UInt"}], "method_name": "init", "is_static": false, "class_name": "NSRegularExpression.MatchingFlags", "method_description": "", "return_value": {"return_name": [], "return_description": [], "return_type": []}}], "Vars": [{"var_type": "NSRegularExpression.MatchingFlags", "var_description": "Set when the Block is called to report progress during a long-running match operation. ", "var_name": "progress"}, {"var_type": "NSRegularExpression.MatchingFlags", "var_description": "Set when the Block is called after matching has completed. ", "var_name": "completed"}, {"var_type": "NSRegularExpression.MatchingFlags", "var_description": "Set when the current match operation reached the end of the search range.", "var_name": "hitEnd"}, {"var_type": "NSRegularExpression.MatchingFlags", "var_description": "Set when the current match depended on the location of the end of the search range.", "var_name": "requiredEnd"}, {"var_type": "NSRegularExpression.MatchingFlags", "var_description": "Set when matching failed due to an internal error.", "var_name": "internalError"}], "interface_list": ["OptionSet"], "package_name": "foundation", "subclass_list": [], "class_name": "NSRegularExpression.MatchingFlags", "class_description": "", "class_inherit_list": []}