{"Methods": [{"params": [{"param_description": "", "param_name": ["rawValue"], "param_type": "UInt"}], "method_name": "init", "is_static": false, "class_name": "NSRegularExpression.MatchingOptions", "method_description": "", "return_value": {"return_name": [], "return_description": [], "return_type": []}}], "Vars": [{"var_type": "NSRegularExpression.MatchingOptions", "var_description": "Call the Block periodically during long-running match operations. This option has no effect for methods other than enumerateMatches(in:options:range:using:). See enumerateMatches(in:options:range:using:) for a description of the constant in context.", "var_name": "reportProgress"}, {"var_type": "NSRegularExpression.MatchingOptions", "var_description": "Call the Block once after the completion of any matching. This option has no effect for methods other than enumerateMatches(in:options:range:using:). See enumerateMatches(in:options:range:using:) for a description of the constant in context.", "var_name": "reportCompletion"}, {"var_type": "NSRegularExpression.MatchingOptions", "var_description": "Specifies that matches are limited to those at the start of the search range. See enumerateMatches(in:options:range:using:) for a description of the constant in context.", "var_name": "anchored"}, {"var_type": "NSRegularExpression.MatchingOptions", "var_description": "Specifies that matching may examine parts of the string beyond the bounds of the search range, for purposes such as word boundary detection, lookahead, etc. This constant has no effect if the search range contains the entire string. See enumerateMatches(in:options:range:using:) for a description of the constant in context.", "var_name": "withTransparentBounds"}, {"var_type": "NSRegularExpression.MatchingOptions", "var_description": "Specifies that ^ and $ will not automatically match the beginning and end of the search range, but will still match the beginning and end of the entire string. This constant has no effect if the search range contains the entire string. See enumerateMatches(in:options:range:using:) for a description of the constant in context.", "var_name": "withoutAnchoringBounds"}], "interface_list": ["OptionSet"], "package_name": "foundation", "subclass_list": [], "class_name": "NSRegularExpression.MatchingOptions", "class_description": "", "class_inherit_list": []}