{"Methods": [{"params": [{"param_description": "", "param_name": ["containerClassDescription", "classDesc"], "param_type": "NSScriptClassDescription"}, {"param_description": "", "param_name": ["containerSpecifier", "container"], "param_type": "NSScriptObjectSpecifier"}, {"param_description": "", "param_name": ["key", "property"], "param_type": "String"}, {"param_description": "", "param_name": ["relativePosition", "relPos"], "param_type": "NSRelativeSpecifier.RelativePosition"}, {"param_description": "", "param_name": ["baseSpecifier"], "param_type": "NSScriptObjectSpecifier"}], "method_name": "init", "is_static": false, "class_name": "NSRelativeSpecifier", "method_description": "Invokes the super class\u2019s init(containerClassDescription:containerSpecifier:key:) method and initializes the relative position and base specifier to relPos and baseSpecifier.", "return_value": {"return_name": [], "return_description": [], "return_type": []}}, {"params": [{"param_description": "", "param_name": ["containerClassDescription", "classDesc"], "param_type": "NSScriptClassDescription"}, {"param_description": "", "param_name": ["containerSpecifier", "container"], "param_type": "NSScriptObjectSpecifier"}, {"param_description": "", "param_name": ["key", "property"], "param_type": "String"}], "method_name": "init", "is_static": false, "class_name": "NSRelativeSpecifier", "method_description": "Returns an NSScriptObjectSpecifier object initialized with the given attributes.", "return_value": {"return_name": [], "return_description": ["An NSScriptObjectSpecifier object initialized with container specifier specifier, key key, and the class description of the object specifier classDescription, derived from the value of the specifier\u2019s key. "], "return_type": []}}, {"params": [{"param_description": "", "param_name": ["coder", "inCoder"], "param_type": "NSCoder"}], "method_name": "init", "is_static": false, "class_name": "NSRelativeSpecifier", "method_description": "", "return_value": {"return_name": [], "return_description": [], "return_type": []}}], "Vars": [{"var_type": "NSScriptObjectSpecifier", "var_description": "Sets the specifier for the base object.", "var_name": "baseSpecifier"}, {"var_type": "NSRelativeSpecifier.RelativePosition", "var_description": "Sets the relative position encapsulated by the receiver.", "var_name": "relativePosition"}], "interface_list": ["CVarArg", "Equatable", "Hashable"], "package_name": "foundation", "subclass_list": [], "class_name": "NSRelativeSpecifier", "class_description": "You don\u2019t normally subclass NSRelativeSpecifier.\n", "class_inherit_list": ["NSScriptObjectSpecifier"]}