{"Methods": [{"params": [], "method_name": "shared", "is_static": false, "class_name": "NSScriptExecutionContext", "method_description": "Returns the shared NSScriptExecutionContext instance.", "return_value": {"return_name": [""], "return_description": ["The shared NSScriptExecutionContext instance, creating it first if it doesn\u2019t exist."], "return_type": ["NSScriptExecutionContext"]}}], "Vars": [{"var_type": "Any", "var_description": "Sets the top-level object for an object-specifier evaluation.", "var_name": "topLevelObject"}, {"var_type": "Any", "var_description": "Sets the top-level container object currently being tested in a \u201cwhose\u201d qualifier to a given object.", "var_name": "objectBeingTested"}, {"var_type": "Any", "var_description": "Sets the top-level container object for a range-specifier evaluation to a give object.", "var_name": "rangeContainerObject"}], "interface_list": ["CVarArg", "Equatable", "Hashable"], "package_name": "foundation", "subclass_list": [], "class_name": "NSScriptExecutionContext", "class_description": "An NSScriptExecutionContext object is a shared instance (there is only one instance of the class) that represents the context in which the current script command is executed. NSScriptExecutionContext tracks global state relating to the command being executed, especially the top-level container object (that is, the container implied by a specifier object that specifies no container) used in an evaluation of an NSScriptObjectSpecifier object.\nIn most cases, the top-level container for a complete series of nested object specifiers is automatically set to the application object (NSApp), and you can get this object with the topLevelObject method. But you can also set this top-level container to something else (using topLevelObject) if the situation warrants it.\nIt is unlikely that you will need to subclass NSScriptExecutionContext.\n", "class_inherit_list": ["NSObject"]}