{"Methods": [{"params": [{"param_description": "", "param_name": ["registry"], "param_type": "NSScriptSuiteRegistry"}], "method_name": "setShared", "is_static": false, "class_name": "NSScriptSuiteRegistry", "method_description": "Sets the single, shared instance of NSScriptSuiteRegistry to registry.", "return_value": {"return_name": [], "return_description": [], "return_type": []}}, {"params": [], "method_name": "shared", "is_static": false, "class_name": "NSScriptSuiteRegistry", "method_description": "Returns the single, shared instance of NSScriptSuiteRegistry, creating it first if it doesn\u2019t exist.", "return_value": {"return_name": [""], "return_description": [], "return_type": ["NSScriptSuiteRegistry"]}}, {"params": [{"param_description": "", "param_name": ["forAppleEventCode", "appleEventCode"], "param_type": "FourCharCode"}], "method_name": "suite", "is_static": false, "class_name": "NSScriptSuiteRegistry", "method_description": "Returns the name of the suite definition associated with the given four-character Apple event code, code.", "return_value": {"return_name": [""], "return_description": [], "return_type": ["String"]}}, {"params": [{"param_description": "", "param_name": ["inSuite", "suiteName"], "param_type": "String"}], "method_name": "classDescriptions", "is_static": false, "class_name": "NSScriptSuiteRegistry", "method_description": "Returns the class descriptions contained in the suite identified by suiteName.", "return_value": {"return_name": [["[String"]], "return_description": [], "return_type": ["NSScriptClassDescription]"]}}, {"params": [{"param_description": "", "param_name": ["withAppleEventCode", "appleEventCode"], "param_type": "FourCharCode"}], "method_name": "classDescription", "is_static": false, "class_name": "NSScriptSuiteRegistry", "method_description": "Returns the class description associated with the given four-character Apple event code, code.", "return_value": {"return_name": [""], "return_description": [], "return_type": ["NSScriptClassDescription"]}}, {"params": [{"param_description": "", "param_name": ["classDescription"], "param_type": "NSScriptClassDescription"}], "method_name": "register", "is_static": false, "class_name": "NSScriptSuiteRegistry", "method_description": "Registers class description classDescription for use by Cocoa\u2019s built-in scripting support by storing it in a per-suite internal dictionary under the class name.", "return_value": {"return_name": [], "return_description": [], "return_type": []}}, {"params": [{"param_description": "", "param_name": ["inSuite", "suiteName"], "param_type": "String"}], "method_name": "commandDescriptions", "is_static": false, "class_name": "NSScriptSuiteRegistry", "method_description": "Returns the command descriptions contained in the suite identified by suiteName.", "return_value": {"return_name": [["[String"]], "return_description": [], "return_type": ["NSScriptCommandDescription]"]}}, {"params": [{"param_description": "", "param_name": ["withAppleEventClass", "appleEventClassCode"], "param_type": "FourCharCode"}, {"param_description": "", "param_name": ["andAppleEventCode", "appleEventIDCode"], "param_type": "FourCharCode"}], "method_name": "commandDescription", "is_static": false, "class_name": "NSScriptSuiteRegistry", "method_description": "Returns the command description identified by a suite\u2019s four-character Apple event code of the class (eventClass) and the four-character Apple event code of the command (commandCode).", "return_value": {"return_name": [""], "return_description": [], "return_type": ["NSScriptCommandDescription"]}}, {"params": [{"param_description": "", "param_name": ["commandDescription"], "param_type": "NSScriptCommandDescription"}], "method_name": "register", "is_static": false, "class_name": "NSScriptSuiteRegistry", "method_description": "Registers command description commandDesc for use by Cocoa\u2019s built-in scripting support by storing it in a per-suite internal dictionary under the command name.", "return_value": {"return_name": [], "return_description": [], "return_type": []}}, {"params": [{"param_description": "", "param_name": ["languageName"], "param_type": "String"}], "method_name": "aeteResource", "is_static": false, "class_name": "NSScriptSuiteRegistry", "method_description": "Returns an NSData object that contains data in 'aete' resource format describing the scriptability information currently known to the application.", "return_value": {"return_name": [""], "return_description": [], "return_type": ["Data"]}}, {"params": [{"param_description": "", "param_name": ["forSuite", "suiteName"], "param_type": "String"}], "method_name": "appleEventCode", "is_static": false, "class_name": "NSScriptSuiteRegistry", "method_description": "Returns the Apple event code associated with the suite named suiteName, such as \u2018core\u2019 for the Core suite.", "return_value": {"return_name": [""], "return_description": [], "return_type": ["FourCharCode"]}}, {"params": [{"param_description": "", "param_name": ["forSuite", "suiteName"], "param_type": "String"}], "method_name": "bundle", "is_static": false, "class_name": "NSScriptSuiteRegistry", "method_description": "Returns the bundle containing the suite-definition property list (extension .scriptSuite) identified by suiteName.", "return_value": {"return_name": [""], "return_description": [], "return_type": ["Bundle"]}}, {"params": [{"param_description": "", "param_name": ["with", "suiteDeclaration"], "param_type": "[AnyHashable"}, {"param_description": "", "param_name": ["[AnyHashable"], "param_type": "Any]"}, {"param_description": "", "param_name": ["from", "bundle"], "param_type": "Bundle"}], "method_name": "loadSuite", "is_static": false, "class_name": "NSScriptSuiteRegistry", "method_description": "Loads the suite definition encapsulated in dictionary; previously, this suite definition was parsed from a .scriptSuite property list contained in a framework or in bundle.", "return_value": {"return_name": [], "return_description": [], "return_type": []}}, {"params": [{"param_description": "", "param_name": ["from", "bundle"], "param_type": "Bundle"}], "method_name": "loadSuites", "is_static": false, "class_name": "NSScriptSuiteRegistry", "method_description": "Loads the suite definitions in bundle aBundle, invoking loadSuite(with:from:) for each suite found.", "return_value": {"return_name": [], "return_description": [], "return_type": []}}], "Vars": [{"var_type": "[String]", "var_description": "Returns the names of the suite definitions currently loaded by the application.", "var_name": "suiteNames"}], "interface_list": ["CVarArg", "Equatable", "Hashable"], "package_name": "foundation", "subclass_list": [], "class_name": "NSScriptSuiteRegistry", "class_description": "Scriptability information specifies the terminology available for use in scripts that target an application. It also provides information, used by AppleScript and by Cocoa, about how support for that terminology is implemented in the application. This information includes descriptions of the scriptable object classes in an application and of the commands the application supports.\nThere are two standard formats for supplying scriptability information: the older script suite format, consisting of a script suite file and one or more script terminology files, and the newer scripting definition (or sdef) format, consisting of a single sdef file.\nThere is one instance of NSScriptSuiteRegistry per scriptable application. This registry object collects scriptability information when the application first needs to respond to an Apple event for which Cocoa hasn't installed a default event handler. It then creates one instance of  NSScriptClassDescription for each object class and one instance of NSScriptCommandDescription for each command class, and installs a command handler for each command.\nWhen a user executes an AppleScript script, Apple events are sent to the targeted application. Using the information stored in the registry object, Cocoa automatically converts incoming Apple events into script commands (based on NSScriptCommand or a subclass) that manipulate objects in the application.\nThe public methods of NSScriptSuiteRegistry are used primarily by Cocoa\u2019s built-in scripting support. You should not need to create a subclass of NSScriptSuiteRegistry.\n For information on scriptability information formats, loading of scriptability information, and related topics, see \"Scriptability Information\" in Overview of Cocoa Support for Scriptable Applications in Cocoa Scripting Guide.\n", "class_inherit_list": ["NSObject"]}