{"Methods": [{"params": [], "method_name": "shared", "is_static": false, "class_name": "NSScriptCoercionHandler", "method_description": "Returns the shared NSScriptCoercionHandler for the application.", "return_value": {"return_name": [""], "return_description": ["The shared NSScriptCoercionHandler for the application."], "return_type": ["NSScriptCoercionHandler"]}}, {"params": [{"param_description": "The value to coerce.", "param_name": ["value"], "param_type": "Any"}, {"param_description": "The class with which to represent value.", "param_name": ["to", "toClass"], "param_type": "AnyClass"}], "method_name": "coerceValue", "is_static": false, "class_name": "NSScriptCoercionHandler", "method_description": "Returns an object of a given class representing a given value. ", "return_value": {"return_name": [""], "return_description": ["An object of the class toClass representing the value specified by value. Returns nil if an error occurs."], "return_type": ["Any"]}}, {"params": [{"param_description": "The object that performs the coercion. coercer should typically be a class object. ", "param_name": ["coercer"], "param_type": "Any"}, {"param_description": "A selector that specifies the method to perform the coercion. selector should typically be a factory method, and must take two arguments. The first is the value to be converted. The second is the class to convert it to.", "param_name": ["selector"], "param_type": "Selector"}, {"param_description": "The class for which instances are coerced.", "param_name": ["toConvertFrom", "fromClass"], "param_type": "AnyClass"}, {"param_description": "The class to which instances of fromClass are coerced.", "param_name": ["to", "toClass"], "param_type": "AnyClass"}], "method_name": "registerCoercer", "is_static": false, "class_name": "NSScriptCoercionHandler", "method_description": "Registers a given object (typically a class) to handle coercions (conversions) from one given class to another.", "return_value": {"return_name": [], "return_description": [], "return_type": []}}], "Vars": [], "interface_list": ["CVarArg", "Equatable", "Hashable"], "package_name": "foundation", "subclass_list": [], "class_name": "NSScriptCoercionHandler", "class_description": "A shared instance of this class coerces (converts) object values to objects of another class using information supplied by classes that register with it. Coercions frequently are required during key-value coding.\n", "class_inherit_list": ["NSObject"]}