{"Methods": [{"params": [{"param_description": "", "param_name": ["rawValue"], "param_type": "UInt"}], "method_name": "init", "is_static": false, "class_name": "NSSortOptions", "method_description": "", "return_value": {"return_name": [], "return_description": [], "return_type": []}}], "Vars": [{"var_type": "NSSortOptions", "var_description": "Specifies that the Block sort operation should be concurrent.", "var_name": "concurrent"}, {"var_type": "NSSortOptions", "var_description": "Specifies that the sorted results should return compared items having equal value in the order they occurred originally.", "var_name": "stable"}], "interface_list": ["OptionSet"], "package_name": "foundation", "subclass_list": [], "class_name": "NSSortOptions", "class_description": "", "class_inherit_list": []}