{"Methods": [{"params": [{"param_description": "", "param_name": ["rawValue"], "param_type": "UInt"}], "method_name": "init", "is_static": false, "class_name": "NSString.EncodingConversionOptions", "method_description": "", "return_value": {"return_name": [], "return_description": [], "return_type": []}}], "Vars": [{"var_type": "NSString.EncodingConversionOptions", "var_description": "Allows lossy conversion.", "var_name": "allowLossy"}, {"var_type": "NSString.EncodingConversionOptions", "var_description": "Specifies an external representation (with a byte-order mark, if necessary, to indicate endianness).", "var_name": "externalRepresentation"}], "interface_list": ["OptionSet"], "package_name": "foundation", "subclass_list": [], "class_name": "NSString.EncodingConversionOptions", "class_description": "These constants are available in OS X\u00a0v10.4; they are, however, differently named:\nYou can use them in OS X\u00a0v10.4 if you define the symbols as extern constants.\n", "class_inherit_list": []}