{"Methods": [{"params": [{"param_description": "", "param_name": ["rawValue"], "param_type": "UInt"}], "method_name": "init", "is_static": false, "class_name": "NSString.EnumerationOptions", "method_description": "", "return_value": {"return_name": [], "return_description": [], "return_type": []}}], "Vars": [{"var_type": "NSString.EnumerationOptions", "var_description": "", "var_name": "byLines"}, {"var_type": "NSString.EnumerationOptions", "var_description": "", "var_name": "byParagraphs"}, {"var_type": "NSString.EnumerationOptions", "var_description": "", "var_name": "byComposedCharacterSequences"}, {"var_type": "NSString.EnumerationOptions", "var_description": "", "var_name": "byWords"}, {"var_type": "NSString.EnumerationOptions", "var_description": "", "var_name": "bySentences"}, {"var_type": "NSString.EnumerationOptions", "var_description": "", "var_name": "reverse"}, {"var_type": "NSString.EnumerationOptions", "var_description": "", "var_name": "substringNotRequired"}, {"var_type": "NSString.EnumerationOptions", "var_description": "", "var_name": "localized"}], "interface_list": ["OptionSet"], "package_name": "foundation", "subclass_list": [], "class_name": "NSString.EnumerationOptions", "class_description": "These options are used with the enumerateSubstrings(in:options:using:) method. Pass in one NSStringEnumerationBy... option and combine with any of the remaining enumeration style constants using the C bitwise OR operator.\n", "class_inherit_list": []}