{"Methods": [{"params": [{"param_description": "", "param_name": ["rawValue"], "param_type": "UInt"}], "method_name": "init", "is_static": false, "class_name": "NSString.CompareOptions", "method_description": "", "return_value": {"return_name": [], "return_description": [], "return_type": []}}], "Vars": [{"var_type": "NSString.CompareOptions", "var_description": "A case-insensitive search.", "var_name": "caseInsensitive"}, {"var_type": "NSString.CompareOptions", "var_description": "Exact character-by-character equivalence.", "var_name": "literal"}, {"var_type": "NSString.CompareOptions", "var_description": "Search from end of source string.", "var_name": "backwards"}, {"var_type": "NSString.CompareOptions", "var_description": "Search is limited to start (or end, if NSBackwardsSearch) of source string.", "var_name": "anchored"}, {"var_type": "NSString.CompareOptions", "var_description": "Numbers within strings are compared using numeric value, that is, Name2.txt < Name7.txt < Name25.txt. ", "var_name": "numeric"}, {"var_type": "NSString.CompareOptions", "var_description": "Search ignores diacritic marks.", "var_name": "diacriticInsensitive"}, {"var_type": "NSString.CompareOptions", "var_description": "Search ignores width differences in characters that have full-width and half-width forms, as occurs in East Asian character sets.", "var_name": "widthInsensitive"}, {"var_type": "NSString.CompareOptions", "var_description": "Comparisons are forced to return either NSOrderedAscending or NSOrderedDescending if the strings are equivalent but not strictly equal.", "var_name": "forcedOrdering"}, {"var_type": "NSString.CompareOptions", "var_description": "The search string is treated as an ICU-compatible regular expression. If set, no other options can apply except caseInsensitive and anchored. You can use this option only with the rangeOfString:\u2026 methods and replacingOccurrences(of:with:options:range:).", "var_name": "regularExpression"}], "interface_list": ["OptionSet"], "package_name": "foundation", "subclass_list": [], "class_name": "NSString.CompareOptions", "class_description": "See Searching, Comparing, and Sorting Strings for details on the effects of these options.\n", "class_inherit_list": []}