{"Methods": [{"params": [], "method_name": "init", "is_static": false, "class_name": "NSSwappedFloat", "method_description": "", "return_value": {"return_name": [], "return_description": [], "return_type": []}}, {"params": [{"param_description": "", "param_name": ["v"], "param_type": "UInt32"}], "method_name": "init", "is_static": false, "class_name": "NSSwappedFloat", "method_description": "", "return_value": {"return_name": [], "return_description": [], "return_type": []}}], "Vars": [{"var_type": "UInt32", "var_description": "", "var_name": "v"}], "interface_list": [], "package_name": "foundation", "subclass_list": [], "class_name": "NSSwappedFloat", "class_description": "The fields of an NSSwappedFloat are private.\n", "class_inherit_list": []}