{"Methods": [], "Vars": [{"var_type": "Int", "var_description": "DeprecatedUse the NSWritingDirectionFormatType type instead.", "var_name": "NSTextWritingDirectionEmbedding"}], "interface_list": [], "package_name": "foundation", "subclass_list": [], "class_name": "NSTextWritingDirection", "class_description": "You can use the logical OR operator to combine these constants with NSWritingDirection.leftToRight or NSWritingDirection.rightToLeft when used with writingDirection to specify formatting controls defined by the Unicode Bidirectional Algorithm in Unicode Standard Annex #9.\n", "class_inherit_list": []}