{"Methods": [{"params": [{"param_description": "", "param_name": ["rawValue"], "param_type": "UInt64"}], "method_name": "init", "is_static": false, "class_name": "NSTextCheckingResult.CheckingType", "method_description": "", "return_value": {"return_name": [], "return_description": [], "return_type": []}}], "Vars": [{"var_type": "NSTextCheckingResult.CheckingType", "var_description": "Attempts to identify the language", "var_name": "orthography"}, {"var_type": "NSTextCheckingResult.CheckingType", "var_description": "Checks spelling.", "var_name": "spelling"}, {"var_type": "NSTextCheckingResult.CheckingType", "var_description": "Checks grammar.", "var_name": "grammar"}, {"var_type": "NSTextCheckingResult.CheckingType", "var_description": "Attempts to locate dates.", "var_name": "date"}, {"var_type": "NSTextCheckingResult.CheckingType", "var_description": "Attempts to locate addresses.", "var_name": "address"}, {"var_type": "NSTextCheckingResult.CheckingType", "var_description": "Attempts to locate URL links.", "var_name": "link"}, {"var_type": "NSTextCheckingResult.CheckingType", "var_description": "Replaces quotes with smart quotes.", "var_name": "quote"}, {"var_type": "NSTextCheckingResult.CheckingType", "var_description": "Replaces dashes with em-dashes.", "var_name": "dash"}, {"var_type": "NSTextCheckingResult.CheckingType", "var_description": "Replaces characters such as (c) with the appropriate symbol (in this case \u00a9).", "var_name": "replacement"}, {"var_type": "NSTextCheckingResult.CheckingType", "var_description": "Performs autocorrection on misspelled words.", "var_name": "correction"}, {"var_type": "NSTextCheckingResult.CheckingType", "var_description": "Matches a regular expression.", "var_name": "regularExpression"}, {"var_type": "NSTextCheckingResult.CheckingType", "var_description": "Matches a phone number.", "var_name": "phoneNumber"}, {"var_type": "NSTextCheckingResult.CheckingType", "var_description": "Matches a transit information, for example, flight information.", "var_name": "transitInformation"}, {"var_type": "NSTextCheckingResult.CheckingType", "var_description": "", "var_name": "allCustomTypes"}, {"var_type": "NSTextCheckingResult.CheckingType", "var_description": "", "var_name": "allSystemTypes"}, {"var_type": "NSTextCheckingResult.CheckingType", "var_description": "", "var_name": "allTypes"}], "interface_list": ["OptionSet"], "package_name": "foundation", "subclass_list": [], "class_name": "NSTextCheckingResult.CheckingType", "class_description": "", "class_inherit_list": []}