{"Methods": [{"params": [], "method_name": "resetSystemTimeZone", "is_static": false, "class_name": "NSTimeZone", "method_description": "Clears any time zone value cached for the system property.", "return_value": {"return_name": [], "return_description": [], "return_type": []}}, {"params": [{"param_description": "The identifier for the time zone. Providing nil for this parameter raises an invalid argument exception.", "param_name": ["name", "tzName"], "param_type": "String"}], "method_name": "init", "is_static": false, "class_name": "NSTimeZone", "method_description": "Returns a time zone initialized with a given identifier.", "return_value": {"return_name": [], "return_description": ["A time zone object initialized with the identifier tzName."], "return_type": []}}, {"params": [{"param_description": "The identifier for the time zone. Providing nil for this parameter raises an invalid argument exception.", "param_name": ["name", "tzName"], "param_type": "String"}, {"param_description": "This parameter is ignored.", "param_name": ["data", "aData"], "param_type": "Data"}], "method_name": "init", "is_static": false, "class_name": "NSTimeZone", "method_description": "Initializes a time zone with a given identifier and time zone data.", "return_value": {"return_name": [], "return_description": [], "return_type": []}}, {"params": [{"param_description": "An abbreviation for a time zone.", "param_name": ["abbreviation"], "param_type": "String"}], "method_name": "init", "is_static": false, "class_name": "NSTimeZone", "method_description": "Returns the time zone object identified by a given abbreviation.", "return_value": {"return_name": [], "return_description": ["The time zone object identified by abbreviation determined by resolving the abbreviation to a name using the abbreviation dictionary and then returning the time zone for that name. Returns nil if there is no match for abbreviation."], "return_type": []}}, {"params": [{"param_description": "The number of seconds by which the new time zone is offset from GMT.", "param_name": ["forSecondsFromGMT", "seconds"], "param_type": "Int"}], "method_name": "init", "is_static": false, "class_name": "NSTimeZone", "method_description": "Returns a time zone object offset from Greenwich Mean Time by a given number of seconds.", "return_value": {"return_name": [], "return_description": ["A time zone object offset from Greenwich Mean Time by seconds."], "return_type": []}}, {"params": [{"param_description": "The date for which to get the abbreviation for the receiver.", "param_name": ["for", "aDate"], "param_type": "Date"}], "method_name": "abbreviation", "is_static": false, "class_name": "NSTimeZone", "method_description": "Returns the abbreviation for the receiver at a given date.", "return_value": {"return_name": [""], "return_description": ["The abbreviation for the receiver at aDate."], "return_type": ["String"]}}, {"params": [{"param_description": "The date against which to test the receiver.", "param_name": ["for", "aDate"], "param_type": "Date"}], "method_name": "secondsFromGMT", "is_static": false, "class_name": "NSTimeZone", "method_description": "Returns the difference in seconds between the receiver and Greenwich Mean Time at a given date.", "return_value": {"return_name": [""], "return_description": ["The difference in seconds between the receiver and Greenwich Mean Time at aDate."], "return_type": ["Int"]}}, {"params": [{"param_description": "The date against which to test the receiver.", "param_name": ["for", "aDate"], "param_type": "Date"}], "method_name": "isDaylightSavingTime", "is_static": false, "class_name": "NSTimeZone", "method_description": "Indicates whether the receiver uses daylight saving time on a given date.", "return_value": {"return_name": [""], "return_description": ["true if the receiver uses daylight saving time at aDate, otherwise false."], "return_type": ["Bool"]}}, {"params": [{"param_description": "A date.", "param_name": ["for", "aDate"], "param_type": "Date"}], "method_name": "daylightSavingTimeOffset", "is_static": false, "class_name": "NSTimeZone", "method_description": "Returns the daylight saving time offset for a given date.", "return_value": {"return_name": [""], "return_description": ["The daylight saving time offset for aDate."], "return_type": ["TimeInterval"]}}, {"params": [{"param_description": "A date.", "param_name": ["after", "aDate"], "param_type": "Date"}], "method_name": "nextDaylightSavingTimeTransition", "is_static": false, "class_name": "NSTimeZone", "method_description": "Returns the next daylight saving time transition after a given date.", "return_value": {"return_name": [""], "return_description": ["The next daylight saving time transition after aDate. Depending on the time zone of the receiver, this method may return a change of the time zone's offset from GMT. Returns nil if the time zone of the receiver does not observe daylight savings time as of aDate."], "return_type": ["Date"]}}, {"params": [{"param_description": "The time zone to compare with the receiver.", "param_name": ["to", "aTimeZone"], "param_type": "TimeZone"}], "method_name": "isEqual", "is_static": false, "class_name": "NSTimeZone", "method_description": "Indicates whether the receiver has the same name and data as the specified time zone.", "return_value": {"return_name": [""], "return_description": ["true if aTimeZone and the receiver have the same name and data, otherwise false."], "return_type": ["Bool"]}}, {"params": [{"param_description": "The format style for the returned string.", "param_name": ["style"], "param_type": "NSTimeZone.NameStyle"}, {"param_description": "The locale for which to format the name.", "param_name": ["locale"], "param_type": "Locale"}], "method_name": "localizedName", "is_static": false, "class_name": "NSTimeZone", "method_description": "Returns the localized name of the time zone.", "return_value": {"return_name": [""], "return_description": ["The name of the receiver localized for locale using style."], "return_type": ["String"]}}], "Vars": [{"var_type": "TimeZone", "var_description": "An object that tracks the current system time zone.", "var_name": "local"}, {"var_type": "TimeZone", "var_description": "The time zone currently used by the system.", "var_name": "system"}, {"var_type": "TimeZone", "var_description": "The default time zone for the current app.", "var_name": "`default`"}, {"var_type": "[String]", "var_description": "Returns an array of strings listing the IDs of all the time zones known to the system.", "var_name": "knownTimeZoneNames"}, {"var_type": "[String", "var_description": "Returns a dictionary holding the mappings of time zone abbreviations to time zone names.", "var_name": "abbreviationDictionary"}, {"var_type": "String", "var_description": "The geopolitical region ID that identifies the receiver.", "var_name": "name"}, {"var_type": "String", "var_description": "The abbreviation for the receiver, such as \u201cEDT\u201d (Eastern Daylight Time).", "var_name": "abbreviation"}, {"var_type": "Int", "var_description": "The current difference in seconds between the receiver and Greenwich Mean Time.", "var_name": "secondsFromGMT"}, {"var_type": "Data", "var_description": "The data that stores the information used by the receiver.", "var_name": "data"}, {"var_type": "String", "var_description": "Returns the time zone data version.", "var_name": "timeZoneDataVersion"}, {"var_type": "Bool", "var_description": "A Boolean value that indicates whether the receiver is currently using daylight saving time.", "var_name": "isDaylightSavingTime"}, {"var_type": "TimeInterval", "var_description": "The current daylight saving time offset of the receiver.", "var_name": "daylightSavingTimeOffset"}, {"var_type": "Date", "var_description": "The date of the next daylight saving time transition for the receiver.", "var_name": "nextDaylightSavingTimeTransition"}, {"var_type": "String", "var_description": "A textual description of the time zone including the name, abbreviation, offset from GMT, and whether or not daylight saving time is currently in effect.", "var_name": "description"}, {"var_type": "NSNotification.Name", "var_description": "A notification posted when the time zone changes.", "var_name": "NSSystemTimeZoneDidChange"}], "interface_list": ["CVarArg", "Equatable", "Hashable", "NSCopying", "NSSecureCoding"], "package_name": "foundation", "subclass_list": [], "class_name": "NSTimeZone", "class_description": "Time zones represent the standard time policies for a geopolitical region. Time zones have identifiers like \u201cAmerica/Los_Angeles\u201d and can also be identified by abbreviations, such as PST for Pacific Standard Time. You can create time zone objects by ID with init(name:) and by abbreviation with init(abbreviation:). \nNote\nTime zone database entries such as \u201cAmerica/Los_Angeles\u201d are IDs, not names. An example of a time zone name is \u201cPacific Daylight Time\u201d. Although many NSTimeZone symbols include the word \u201cname\u201d, they actually refer to IDs.\nTime zones can also represent a temporal offset\u2014either plus or minus\u2014from Greenwich Mean Time (GMT). For example, the temporal offset of Pacific Standard Time is 8 hours behind Greenwich Mean Time (GMT-8). You can create time zone objects with a temporal offset by using init(forSecondsFromGMT:).\nYou typically work with system time zones rather than creating time zones by identifier or by offset. The system class property returns the time zone currently used by the system, if known. This value is cached once the property is accessed and doesn't reflect any system time zone changes until you call the resetSystemTimeZone() method. The local class property returns an autoupdating proxy object that always returns the current time zone used by the system. You can also set the default class property to make your app run as if it were in a different time zone than the system. \nTip\nYou can't use NSTimeZone APIs to change the time zone of the device or of other apps.\n\nNSTimeZone is toll-free bridged with its Core Foundation counterpart, CFTimeZone. See Toll-Free Bridging for more information on toll-free bridging.\nImportant\nThe Swift overlay to the Foundation framework provides the TimeZone structure, which bridges to the NSTimeZone class. For more information about value types, see Working with Cocoa Frameworks in Using Swift with Cocoa and Objective-C (Swift 4.1).\n", "class_inherit_list": ["NSObject"]}