{"Methods": [{"params": [{"param_description": "The class description for the new object.", "param_name": ["containerClassDescription", "classDesc"], "param_type": "NSScriptClassDescription"}, {"param_description": "The container for the new object.", "param_name": ["containerSpecifier", "container"], "param_type": "NSScriptObjectSpecifier"}, {"param_description": "The property for the new object.", "param_name": ["key", "property"], "param_type": "String"}, {"param_description": "The unique ID for the new object. uniqueID must be an instance of NSNumber or NSString. The type should match the declared type of the attribute of the specified scriptable class whose four-character code is 'ID  '.", "param_name": ["uniqueID"], "param_type": "Any"}], "method_name": "init", "is_static": false, "class_name": "NSUniqueIDSpecifier", "method_description": "Returns an NSUniqueIDSpecifier object, initialized with the given arguments.", "return_value": {"return_name": [], "return_description": ["An NSUniqueIDSpecifier object, initialized with the given arguments. "], "return_type": []}}, {"params": [{"param_description": "", "param_name": ["coder", "inCoder"], "param_type": "NSCoder"}], "method_name": "init", "is_static": false, "class_name": "NSUniqueIDSpecifier", "method_description": "", "return_value": {"return_name": [], "return_description": [], "return_type": []}}], "Vars": [{"var_type": "Any", "var_description": "Returns the ID encapsulated by the receiver.", "var_name": "uniqueID"}], "interface_list": ["CVarArg", "Equatable", "Hashable"], "package_name": "foundation", "subclass_list": [], "class_name": "NSUniqueIDSpecifier", "class_description": "This specifier works only for objects that have an ID property. The unique ID object passed to an instance of  NSUniqueIDSpecifier must be either an NSNumber object or an NSString object. The exact type should match the scripting dictionary declaration of the ID attribute for the relevant scripting class.\nYou can expect that the ID property will be read only for any object that supports it. Therefore a scripter can obtain the unique ID for an object and refer to the object by the ID, but cannot set the unique ID.\nYou don\u2019t normally subclass NSUniqueIDSpecifier.\nThe evaluation of NSUniqueIDSpecifier objects follows these steps until the specified object is found:\nIf the container implements a method whose selector matches the relevant valueIn<Key>WithUniqueID: pattern established by scripting key-value coding, the method is invoked. This method can potentially be very fast, and it may be relatively easy to implement.\nAs is the case when evaluating any script object specifier, the container of the specified object is given a chance to evaluate the object specifier. If the container class implements the indicesOfObjects(byEvaluatingObjectSpecifier:) method, the method is invoked. This method can potentially be very fast, but it is relatively difficult to implement.\nAn NSWhoseSpecifier object that specifies the first object whose relevant 'ID  ' attribute matches the ID is synthesized and evaluated. The NSWhoseSpecifier object must search through all of the keyed elements in the container, looking for a match. The search is potentially very slow.\n", "class_inherit_list": ["NSScriptObjectSpecifier"]}