{"Methods": [{"params": [{"param_description": "The archive data.", "param_name": ["forReadingWith", "data"], "param_type": "Data"}], "method_name": "init", "is_static": false, "class_name": "NSUnarchiver", "method_description": "Returns an NSUnarchiver object initialized to read an archive from a given data object. ", "return_value": {"return_name": [], "return_description": ["An NSUnarchiver object initialized to read an archive from data. Returns nil if data is not a valid archive."], "return_type": []}}, {"params": [{"param_description": "An NSData object that contains an archive created using NSArchiver.", "param_name": ["with", "data"], "param_type": "Data"}], "method_name": "unarchiveObject", "is_static": false, "class_name": "NSUnarchiver", "method_description": "Decodes and returns the object archived in a given NSData object.", "return_value": {"return_name": [""], "return_description": ["The object, or object graph, that was archived in data. Returns nil if data cannot be unarchived."], "return_type": ["Any"]}}, {"params": [{"param_description": "The path to a file than contains an archive created using NSArchiver.", "param_name": ["withFile", "path"], "param_type": "String"}], "method_name": "unarchiveObject", "is_static": false, "class_name": "NSUnarchiver", "method_description": "Decodes and returns the object archived in the file path.", "return_value": {"return_name": [""], "return_description": ["The object, or object graph, that was archived in the file at path. Returns nil if the file at path cannot be unarchived."], "return_type": ["Any"]}}, {"params": [{"param_description": "", "param_name": ["forArchiveClassName", "inArchiveName"], "param_type": "String"}], "method_name": "classNameDecoded", "is_static": false, "class_name": "NSUnarchiver", "method_description": "Returns the name of the class used when instantiating objects whose ostensible class, according to the archived data, is a given name.", "return_value": {"return_name": [""], "return_description": ["The name of the class used when instantiating objects whose ostensible class, according to the archived data, is nameInArchive. Returns nameInArchive if no substitute name has been specified using the class method (not the instance method) decodeClassName(_:asClassName:)."], "return_type": ["String"]}}, {"params": [{"param_description": "", "param_name": ["inArchiveName"], "param_type": "String"}, {"param_description": "The name of the class to use when instantiating objects whose ostensible class, according to the archived data, is nameInArchive. ", "param_name": ["asClassName", "trueName"], "param_type": "String"}], "method_name": "decodeClassName", "is_static": false, "class_name": "NSUnarchiver", "method_description": "Instructs instances of NSUnarchiver to use the class with a given name when instantiating objects whose ostensible class, according to the archived data, is another given name.", "return_value": {"return_name": [], "return_description": [], "return_type": []}}, {"params": [{"param_description": "", "param_name": ["forArchiveClassName", "inArchiveName"], "param_type": "String"}], "method_name": "classNameDecoded", "is_static": false, "class_name": "NSUnarchiver", "method_description": "Returns the name of the class that will be used when instantiating objects whose ostensible class, according to the archived data, is a given name.", "return_value": {"return_name": [""], "return_description": ["The name of the class that will be used when instantiating objects whose ostensible class, according to the archived data, is nameInArchive. Returns nameInArchive unless a substitute name has been specified using the instance method (not the class method) decodeClassName(_:asClassName:)."], "return_type": ["String"]}}, {"params": [{"param_description": "", "param_name": ["inArchiveName"], "param_type": "String"}, {"param_description": "The name of the class to use when instantiating objects whose ostensible class, according to the archived data, is nameInArchive. ", "param_name": ["asClassName", "trueName"], "param_type": "String"}], "method_name": "decodeClassName", "is_static": false, "class_name": "NSUnarchiver", "method_description": "Instructs the receiver to use the class with a given name when instantiating objects whose ostensible class, according to the archived data, is another given name.", "return_value": {"return_name": [], "return_description": [], "return_type": []}}, {"params": [{"param_description": "The archived object to replace.", "param_name": ["object"], "param_type": "Any"}, {"param_description": "The object with which to replace object.", "param_name": ["with", "newObject"], "param_type": "Any"}], "method_name": "replace", "is_static": false, "class_name": "NSUnarchiver", "method_description": "Causes the receiver to substitute one given object for another whenever the latter is extracted from the archive.", "return_value": {"return_name": [], "return_description": [], "return_type": []}}], "Vars": [{"var_type": "Bool", "var_description": "A Boolean value that indicates whether the receiver has reached the end of the encoded data while decoding.", "var_name": "isAtEnd"}, {"var_type": "UInt32", "var_description": "The system version number in effect when the archive was created.", "var_name": "systemVersion"}], "interface_list": ["CVarArg", "Equatable", "Hashable"], "package_name": "foundation", "subclass_list": [], "class_name": "NSUnarchiver", "class_description": "NSUnarchiver, a concrete subclass of NSCoder, defines methods for decoding a set of Objective-C objects from an archive. Such archives are produced by objects of the NSArchiver class.\nIn macOS 10.2 and later, NSArchiver and NSUnarchiver have been replaced by NSKeyedArchiver and NSKeyedUnarchiver respectively\u2014see Archives and Serializations Programming Guide. \n", "class_inherit_list": ["NSCoder"]}