{"Methods": [{"params": [{"param_description": "", "param_name": ["rawValue"], "param_type": "Int"}], "method_name": "init", "is_static": false, "class_name": "NSUnderlineStyle", "method_description": "", "return_value": {"return_name": [], "return_description": [], "return_type": []}}], "Vars": [{"var_type": "NSUnderlineStyle", "var_description": "", "var_name": "single"}, {"var_type": "NSUnderlineStyle", "var_description": "", "var_name": "thick"}, {"var_type": "NSUnderlineStyle", "var_description": "", "var_name": "double"}, {"var_type": "NSUnderlineStyle", "var_description": "", "var_name": "patternDot"}, {"var_type": "NSUnderlineStyle", "var_description": "", "var_name": "patternDash"}, {"var_type": "NSUnderlineStyle", "var_description": "", "var_name": "patternDashDot"}, {"var_type": "NSUnderlineStyle", "var_description": "", "var_name": "patternDashDotDot"}, {"var_type": "NSUnderlineStyle", "var_description": "", "var_name": "byWord"}], "interface_list": ["OptionSet"], "package_name": "foundation", "subclass_list": [], "class_name": "NSUnderlineStyle", "class_description": "The style, pattern, and optionally by-word mask are OR'd together to produce the value for underlineStyle and strikethroughStyle.\n", "class_inherit_list": []}