{"Methods": [{"params": [{"param_description": "The connection sending the message.", "param_name": ["connection"], "param_type": "NSURLConnection"}, {"param_description": "The authentication challenge for which a request is being sent.", "param_name": ["willSendRequestFor", "challenge"], "param_type": "URLAuthenticationChallenge"}], "method_name": "connection", "is_static": false, "class_name": "NSURLConnectionDelegate", "method_description": "Tells the delegate that the connection will send a request for an authentication challenge.", "return_value": {"return_name": [], "return_description": [], "return_type": []}}, {"params": [{"param_description": "The connection sending the message.", "param_name": ["connection"], "param_type": "NSURLConnection"}, {"param_description": "The protection space that generates an authentication challenge.", "param_name": ["canAuthenticateAgainstProtectionSpace", "protectionSpace"], "param_type": "URLProtectionSpace"}], "method_name": "connection", "is_static": false, "class_name": "NSURLConnectionDelegate", "method_description": "Sent to determine whether the delegate is able to respond to a protection space\u2019s form of authentication.", "return_value": {"return_name": [""], "return_description": ["true if the delegate if able to respond to a protection space\u2019s form of authentication, otherwise false."], "return_type": ["Bool"]}}, {"params": [{"param_description": "The connection sending the message.", "param_name": ["connection"], "param_type": "NSURLConnection"}, {"param_description": "The challenge that was canceled.", "param_name": ["didCancel", "challenge"], "param_type": "URLAuthenticationChallenge"}], "method_name": "connection", "is_static": false, "class_name": "NSURLConnectionDelegate", "method_description": "Sent when a connection cancels an authentication challenge.", "return_value": {"return_name": [], "return_description": [], "return_type": []}}, {"params": [{"param_description": "The connection sending the message.", "param_name": ["connection"], "param_type": "NSURLConnection"}, {"param_description": "The challenge that connection must authenticate in order to download its request.", "param_name": ["didReceive", "challenge"], "param_type": "URLAuthenticationChallenge"}], "method_name": "connection", "is_static": false, "class_name": "NSURLConnectionDelegate", "method_description": "Sent when a connection must authenticate a challenge in order to download its request.", "return_value": {"return_name": [], "return_description": [], "return_type": []}}, {"params": [{"param_description": "The connection sending the message.", "param_name": ["connection"], "param_type": "NSURLConnection"}], "method_name": "connectionShouldUseCredentialStorage", "is_static": false, "class_name": "NSURLConnectionDelegate", "method_description": "Sent to determine whether the URL loader should use the credential storage for authenticating the connection.", "return_value": {"return_name": [""], "return_description": [], "return_type": ["Bool"]}}, {"params": [{"param_description": "The connection sending the message.", "param_name": ["connection"], "param_type": "NSURLConnection"}, {"param_description": "An error object containing details of why the connection failed to load the request successfully.", "param_name": ["didFailWithError", "error"], "param_type": "Error"}], "method_name": "connection", "is_static": false, "class_name": "NSURLConnectionDelegate", "method_description": "Sent when a connection fails to load its request successfully.", "return_value": {"return_name": [], "return_description": [], "return_type": []}}], "Vars": [], "interface_list": [], "package_name": "foundation", "subclass_list": ["NSURLConnectionDataDelegate", "NSURLConnectionDownloadDelegate"], "class_name": "NSURLConnectionDelegate", "class_description": "Delegates of NSURLConnection objects should implement either the NSURLConnectionDataDelegate or NSURLConnectionDownloadDelegate protocol in addition to the NSURLConnectionDelegate protocol. Specifically:\nIf you are using NSURLConnection in conjunction with Newsstand Kit\u2019s download(with:) method, the delegate class should implement the NSURLConnectionDownloadDelegate protocol.\nOtherwise, the delegate class should implement the NSURLConnectionDataDelegate protocol.\nDelegates that wish to perform custom authentication handling should implement the connection(_:willSendRequestFor:) method, which is the preferred mechanism for responding to authentication challenges. (See URLAuthenticationChallenge for more information on authentication challenges.) If connection(_:willSendRequestFor:) is not implemented, the older, deprecated methods connection(_:canAuthenticateAgainstProtectionSpace:), connection(_:didReceive:), and connection(_:didCancel:) are called instead.\nThe connection(_:didFailWithError:) method is called at most once if an error occurs during the loading of a resource. The connectionShouldUseCredentialStorage(_:) method is called once, just before the loading of a resource begins. \n", "class_inherit_list": ["NSObjectProtocol"]}