{"Methods": [{"params": [{"param_description": "The name of the query item. For example, in the URL http://www.apple.com/search/?q=iPad, the name parameter is q.", "param_name": ["name"], "param_type": "String"}, {"param_description": "The value for the query item. For example, in the URL http://www.apple.com/search/?q=iPad, the value parameter is iPad.", "param_name": ["value"], "param_type": "String"}], "method_name": "init", "is_static": false, "class_name": "NSURLQueryItem", "method_description": "Initializes a newly allocated query item with the specified name and value.", "return_value": {"return_name": [], "return_description": ["An initialized query item object."], "return_type": []}}], "Vars": [{"var_type": "String", "var_description": "The name of the query item.", "var_name": "name"}, {"var_type": "String", "var_description": "The value for the query item.", "var_name": "value"}], "interface_list": ["CVarArg", "Equatable", "Hashable", "NSCopying", "NSSecureCoding"], "package_name": "foundation", "subclass_list": [], "class_name": "NSURLQueryItem", "class_description": "You use query items with the queryItems property of an NSURLComponents object.\nImportant\nThe Swift overlay to the Foundation framework provides the URLQueryItem structure, which bridges to the NSURLQueryItem class. For more information about value types, see Working with Cocoa Frameworks in Using Swift with Cocoa and Objective-C (Swift 4.1).\n", "class_inherit_list": ["NSObject"]}