{"Methods": [], "Vars": [], "interface_list": [], "package_name": "foundation", "subclass_list": [], "class_name": "NSURLRequest.NetworkServiceType", "class_description": "The network service type provides a hint to the operating system about what the underlying traffic is used for. This hint enhances the system's ability to prioritize traffic, determine how quickly it needs to wake up the cellular or Wi-Fi radio, and so on. By providing accurate information, you improve the ability of the system to optimally balance battery life, performance, and other considerations.\nMost connections should be made using the NSURLRequest.NetworkServiceType.default service type.\n\n", "class_inherit_list": []}