{"Methods": [{"params": [{"param_description": "The URL request to download. The request object is deep-copied as part of the initialization process. Changes made to request after this method returns do not affect the request that is used for the loading process.", "param_name": ["request"], "param_type": "URLRequest"}, {"param_description": "The delegate for the download. This object will receive delegate messages as the download progresses. Delegate messages will be sent on the thread which calls this method. For the download to work correctly the calling thread\u2019s run loop must be operating in the default run loop mode.The NSURLDownload class maintains a strong reference to this delegate object.", "param_name": ["delegate"], "param_type": "NSURLDownloadDelegate"}], "method_name": "init", "is_static": false, "class_name": "NSURLDownload", "method_description": "Returns an initialized URL download for a URL request and begins to download the data for the request.", "return_value": {"return_name": [], "return_description": ["An initialized NSURLDownload object for request."], "return_type": []}}, {"params": [{"param_description": "The path for the downloaded file.", "param_name": ["path"], "param_type": "String"}, {"param_description": "true if an existing file at path can be replaced, false otherwise.", "param_name": ["allowOverwrite"], "param_type": "Bool"}], "method_name": "setDestination", "is_static": false, "class_name": "NSURLDownload", "method_description": "Sets the destination path of the downloaded file.", "return_value": {"return_name": [], "return_description": [], "return_type": []}}, {"params": [{"param_description": "The MIME type the caller wants to know about.", "param_name": ["withEncodingMIMEType", "MIMEType"], "param_type": "String"}], "method_name": "canResumeDownloadDecoded", "is_static": false, "class_name": "NSURLDownload", "method_description": "Returns whether a URL download object can resume a download that was decoded with the specified MIME type.", "return_value": {"return_name": [""], "return_description": ["true if the URL download object can resume a download that was decoded with the specified MIME type, false otherwise."], "return_type": ["Bool"]}}, {"params": [{"param_description": "Specifies the data to resume downloading.", "param_name": ["resumeData"], "param_type": "Data"}, {"param_description": "The delegate for the download. This object will receive delegate messages as the download progresses. Delegate messages will be sent on the thread which calls this method. For the download to work correctly the calling thread\u2019s run loop must be operating in the default run loop mode.The NSURLDownload class maintains a strong reference to this delegate object.", "param_name": ["delegate"], "param_type": "NSURLDownloadDelegate"}, {"param_description": "The location for the downloaded data.", "param_name": ["path"], "param_type": "String"}], "method_name": "init", "is_static": false, "class_name": "NSURLDownload", "method_description": "Returns an initialized NSURLDownload object that will resume downloading the specified data to the specified file and begins the download.", "return_value": {"return_name": [], "return_description": ["An initialized NSURLDownload object."], "return_type": []}}, {"params": [], "method_name": "cancel", "is_static": false, "class_name": "NSURLDownload", "method_description": "Cancels the receiver\u2019s download and deletes the downloaded file.", "return_value": {"return_name": [], "return_description": [], "return_type": []}}], "Vars": [{"var_type": "Data", "var_description": "Returns the resume data for a download that is not yet complete.", "var_name": "resumeData"}, {"var_type": "Bool", "var_description": "Returns whether the receiver deletes partially downloaded files when a download stops prematurely.", "var_name": "deletesFileUponFailure"}, {"var_type": "URLRequest", "var_description": "Returns the request that initiated the receiver\u2019s download.", "var_name": "request"}, {"var_type": "Bool", "var_description": "Returns whether the receiver deletes partially downloaded files when a download stops prematurely.", "var_name": "deletesFileUponFailure"}], "interface_list": ["CVarArg", "Equatable", "Hashable"], "package_name": "foundation", "subclass_list": [], "class_name": "NSURLDownload", "class_description": "The interface for NSURLDownload provides methods to initialize a download, set the destination path and cancel loading the request.\nThe delegate object assigned to each instance of this class should implement the methods defined by the NSURLDownloadDelegate protocol. These methods provide the delegate with the current status of in-progress asynchronous downloads and allow the delegate to customize the URL loading process. These delegate methods are called on the thread that started the asynchronous load operation for the associated NSURLDownload object.\n", "class_inherit_list": ["NSObject"]}