{"Methods": [{"params": [{"param_description": "The script URL.", "param_name": ["url"], "param_type": "URL"}], "method_name": "init", "is_static": false, "class_name": "NSUserScriptTask", "method_description": "Return a user script task instance given a URL for a script file.", "return_value": {"return_name": [], "return_description": ["An instance of an NSUserScriptTask subclass or nil if the file does not appear to match any of the known types."], "return_type": []}}, {"params": [{"param_description": "The completion handler Block that returns the result or an error. See NSUserScriptTask.CompletionHandler.", "param_name": ["completionHandler", "handler"], "param_type": "NSUserScriptTask.CompletionHandler = nil"}], "method_name": "execute", "is_static": false, "class_name": "NSUserScriptTask", "method_description": "Executes the script with no input and ignoring any result.", "return_value": {"return_name": [], "return_description": [], "return_type": []}}], "Vars": [{"var_type": "URL", "var_description": "The URL of the script file.", "var_name": "scriptURL"}], "interface_list": ["CVarArg", "Equatable", "Hashable"], "package_name": "foundation", "subclass_list": [], "class_name": "NSUserScriptTask", "class_description": "The NSUserScriptTask class is able to run all the scripts normally run by the one of its subclasses, however it ignores the results. It is intended to execute user-supplied scripts and will execute them outside of the application's sandbox, if any.\nIf you need to execute scripts and get the input and output information use the NSUserUnixTask, NSUserAppleScriptTask, and NSUserAutomatorTask sub classes.\n", "class_inherit_list": ["NSObject"]}