{"Methods": [{"params": [{"param_description": "The identifier for the action.", "param_name": ["identifier"], "param_type": "String"}, {"param_description": "A localized string suitable for display to the user.", "param_name": ["title"], "param_type": "String"}], "method_name": "init", "is_static": false, "class_name": "NSUserNotificationAction", "method_description": "Creates a user notification action with a specified identifier and title.", "return_value": {"return_name": [], "return_description": [], "return_type": []}}], "Vars": [{"var_type": "String", "var_description": "The identifier for the user notification action.", "var_name": "identifier"}, {"var_type": "String", "var_description": "The localized title shown to the user. ", "var_name": "title"}], "interface_list": ["CVarArg", "Equatable", "Hashable", "NSCopying"], "package_name": "foundation", "subclass_list": [], "class_name": "NSUserNotificationAction", "class_description": "User notifications can specify one or more actions to show to the user by using the additionalActivationAction or additionalActions properties. NSUserNotificationAction objects contain the localized title shown to the user and an identifier used to differentiate between presented actions.\n", "class_inherit_list": ["NSObject"]}