{"Methods": [{"params": [{"param_description": "The Apple event.", "param_name": ["withAppleEvent", "event"], "param_type": "NSAppleEventDescriptor"}, {"param_description": "The completion handler Block that returns the result or an error. See NSUserAppleScriptTask.CompletionHandler.", "param_name": ["completionHandler", "handler"], "param_type": "NSUserAppleScriptTask.CompletionHandler = nil"}], "method_name": "execute", "is_static": false, "class_name": "NSUserAppleScriptTask", "method_description": "Execute the AppleScript script by sending it the specified Apple event.", "return_value": {"return_name": [], "return_description": [], "return_type": []}}], "Vars": [], "interface_list": ["CVarArg", "Equatable", "Hashable"], "package_name": "foundation", "subclass_list": [], "class_name": "NSUserAppleScriptTask", "class_description": "The NSUserAppleScriptTask class is intended to run AppleScript scripts from your application. It is intended to execute user-supplied scripts and will execute them outside of the application's sandbox, if any.\nThe class is not intended to execute scripts built into an application; for that, use one of the Process classes. If the application is sandboxed, then the script must be in the FileManager.SearchPathDirectory.applicationScriptsDirectory folder. A sandboxed application may read from, but not write to, this folder.\nIf you simply need to execute scripts without regard to input or output, use NSUserScriptTask, which can execute any of the specific types. If you need specific control over the input to or output from the script, use this class.\n", "class_inherit_list": ["NSUserScriptTask"]}