{"Methods": [{"params": [{"param_description": "", "param_name": ["listener"], "param_type": "NSXPCListener"}, {"param_description": "", "param_name": ["shouldAcceptNewConnection", "newConnection"], "param_type": "NSXPCConnection"}], "method_name": "listener", "is_static": false, "class_name": "NSXPCListenerDelegate", "method_description": "Accepts or rejects a new connection to the listener.", "return_value": {"return_name": [""], "return_description": [], "return_type": ["Bool"]}}], "Vars": [], "interface_list": [], "package_name": "foundation", "subclass_list": [], "class_name": "NSXPCListenerDelegate", "class_description": "", "class_inherit_list": ["NSObjectProtocol"]}