{"class_inherit_list": [], "interface_list": ["Comparable", "CustomDebugStringConvertible", "Equatable", "Hashable"], "Methods": [{"return_value": {"return_description": [], "return_name": [], "return_type": []}, "method_name": "init", "params": [{"param_name": ["x"], "param_type": "AnyObject", "param_description": "An instance of a class."}], "method_description": "Creates an instance that uniquely identifies the given class instance.", "class_name": "ObjectIdentifier"}, {"return_value": {"return_description": [], "return_name": [], "return_type": []}, "method_name": "init", "params": [{"param_name": ["x"], "param_type": "Any.Type", "param_description": ""}], "method_description": "Creates an instance that uniquely identifies the given metatype.", "class_name": "ObjectIdentifier"}, {"return_value": {"return_description": [], "return_name": [], "return_type": []}, "method_name": "hash", "params": [{"param_name": ["into", "hasher"], "param_type": "inout Hasher", "param_description": "The hasher to use when combining the components of this instance."}], "method_description": "Hashes the essential components of this value by feeding them into the given hasher.", "class_name": "ObjectIdentifier"}, {"return_value": {"return_description": [], "return_name": [""], "return_type": ["Bool"]}, "method_name": "!=", "params": [{"param_name": ["lhs"], "param_type": "ObjectIdentifier", "param_description": "A value to compare."}, {"param_name": ["rhs"], "param_type": "ObjectIdentifier", "param_description": "Another value to compare."}], "method_description": "Returns a Boolean value indicating whether two values are not equal.", "class_name": "ObjectIdentifier"}, {"return_value": {"return_description": [], "return_name": [""], "return_type": ["PartialRangeFrom<ObjectIdentifier>"]}, "method_name": "...", "params": [{"param_name": ["minimum"], "param_type": "ObjectIdentifier", "param_description": "The lower bound for the range."}], "method_description": "Returns a partial range extending upward from a lower bound.", "class_name": "ObjectIdentifier"}, {"return_value": {"return_description": [], "return_name": [""], "return_type": ["PartialRangeThrough<ObjectIdentifier>"]}, "method_name": "...", "params": [{"param_name": ["maximum"], "param_type": "ObjectIdentifier", "param_description": "The upper bound for the range."}], "method_description": "Returns a partial range up to, and including, its upper bound.", "class_name": "ObjectIdentifier"}, {"return_value": {"return_description": [], "return_name": [""], "return_type": ["ClosedRange<ObjectIdentifier>"]}, "method_name": "...", "params": [{"param_name": ["minimum"], "param_type": "ObjectIdentifier", "param_description": "The lower bound for the range."}, {"param_name": ["maximum"], "param_type": "ObjectIdentifier", "param_description": "The upper bound for the range."}], "method_description": "Returns a closed range that contains both of its bounds.", "class_name": "ObjectIdentifier"}, {"return_value": {"return_description": [], "return_name": [""], "return_type": ["PartialRangeUpTo<ObjectIdentifier>"]}, "method_name": "..", "params": [{"param_name": ["maximum"], "param_type": "ObjectIdentifier", "param_description": "The upper bound for the range."}], "method_description": "Returns a partial range up to, but not including, its upper bound.", "class_name": "ObjectIdentifier"}, {"return_value": {"return_description": [], "return_name": [""], "return_type": ["Range<ObjectIdentifier>"]}, "method_name": "..", "params": [{"param_name": ["minimum"], "param_type": "ObjectIdentifier", "param_description": "The lower bound for the range."}, {"param_name": ["maximum"], "param_type": "ObjectIdentifier", "param_description": "The upper bound for the range."}], "method_description": "Returns a half-open range that contains its lower bound but not its upper bound.", "class_name": "ObjectIdentifier"}, {"return_value": {"return_description": [], "return_name": [""], "return_type": ["Bool"]}, "method_name": "func", "params": [{"param_name": ["lhs"], "param_type": "ObjectIdentifier", "param_description": ""}, {"param_name": ["rhs"], "param_type": "ObjectIdentifier", "param_description": ""}], "method_description": "", "class_name": "ObjectIdentifier"}, {"return_value": {"return_description": [], "return_name": [""], "return_type": ["Bool"]}, "method_name": "func", "params": [{"param_name": ["lhs"], "param_type": "ObjectIdentifier", "param_description": "A value to compare."}, {"param_name": ["rhs"], "param_type": "ObjectIdentifier", "param_description": "Another value to compare."}], "method_description": "Returns a Boolean value indicating whether the value of the first argument is less than or equal to that of the second argument.", "class_name": "ObjectIdentifier"}, {"return_value": {"return_description": [], "return_name": [""], "return_type": ["Bool"]}, "method_name": "==", "params": [{"param_name": ["x"], "param_type": "ObjectIdentifier", "param_description": ""}, {"param_name": ["y"], "param_type": "ObjectIdentifier", "param_description": ""}], "method_description": "", "class_name": "ObjectIdentifier"}, {"return_value": {"return_description": [], "return_name": [""], "return_type": ["Bool"]}, "method_name": ">", "params": [{"param_name": ["lhs"], "param_type": "ObjectIdentifier", "param_description": "A value to compare."}, {"param_name": ["rhs"], "param_type": "ObjectIdentifier", "param_description": "Another value to compare."}], "method_description": "Returns a Boolean value indicating whether the value of the first argument is greater than that of the second argument.", "class_name": "ObjectIdentifier"}, {"return_value": {"return_description": ["true if lhs is greater than or equal to rhs; otherwise, false."], "return_name": [""], "return_type": ["Bool"]}, "method_name": ">=", "params": [{"param_name": ["lhs"], "param_type": "ObjectIdentifier", "param_description": "A value to compare."}, {"param_name": ["rhs"], "param_type": "ObjectIdentifier", "param_description": "Another value to compare."}], "method_description": "Returns a Boolean value indicating whether the value of the first argument is greater than or equal to that of the second argument.", "class_name": "ObjectIdentifier"}], "Vars": [{"var_name": "debugDescription", "var_type": "String", "var_description": "A textual representation of the identifier, suitable for debugging."}], "subclass_list": [], "class_description": "In Swift, only class instances and metatypes have unique identities. There is no notion of identity for structs, enums, functions, or tuples.\n", "package_name": "swift", "class_name": "ObjectIdentifier"}