{"class_inherit_list": [], "interface_list": ["CustomDebugStringConvertible", "CVarArg", "Equatable", "Hashable"], "Methods": [{"return_value": {"return_description": [], "return_name": [], "return_type": []}, "method_name": "init", "params": [{"param_name": ["from"], "param_type": "UnsafePointer<T>", "param_description": ""}], "method_description": "Converts a typed UnsafePointer to an opaque C pointer.", "class_name": "OpaquePointer"}, {"return_value": {"return_description": [], "return_name": [], "return_type": []}, "method_name": "init", "params": [{"param_name": ["from"], "param_type": "UnsafeMutablePointer<T>", "param_description": ""}], "method_description": "Converts a typed UnsafeMutablePointer to an opaque C pointer.", "class_name": "OpaquePointer"}, {"return_value": {"return_description": [], "return_name": [], "return_type": []}, "method_name": "init", "params": [{"param_name": ["from"], "param_type": "UnsafePointer<T>", "param_description": ""}], "method_description": "Converts a typed UnsafePointer to an opaque C pointer.", "class_name": "OpaquePointer"}, {"return_value": {"return_description": [], "return_name": [], "return_type": []}, "method_name": "init", "params": [{"param_name": ["from"], "param_type": "UnsafeMutablePointer<T>", "param_description": ""}], "method_description": "Converts a typed UnsafeMutablePointer to an opaque C pointer.", "class_name": "OpaquePointer"}, {"return_value": {"return_description": [], "return_name": [], "return_type": []}, "method_name": "init", "params": [{"param_name": ["from"], "param_type": "UnsafeMutableRawPointer", "param_description": ""}], "method_description": "", "class_name": "OpaquePointer"}, {"return_value": {"return_description": [], "return_name": [], "return_type": []}, "method_name": "init", "params": [{"param_name": ["from"], "param_type": "UnsafeMutableRawPointer", "param_description": ""}], "method_description": "", "class_name": "OpaquePointer"}, {"return_value": {"return_description": [], "return_name": [], "return_type": []}, "method_name": "init", "params": [{"param_name": ["from"], "param_type": "UnsafeRawPointer", "param_description": ""}], "method_description": "", "class_name": "OpaquePointer"}, {"return_value": {"return_description": [], "return_name": [], "return_type": []}, "method_name": "init", "params": [{"param_name": ["from"], "param_type": "UnsafeRawPointer", "param_description": ""}], "method_description": "", "class_name": "OpaquePointer"}, {"return_value": {"return_description": [], "return_name": [], "return_type": []}, "method_name": "init", "params": [{"param_name": ["bitPattern"], "param_type": "Int", "param_description": ""}], "method_description": "Creates an OpaquePointer from a given address in memory.", "class_name": "OpaquePointer"}, {"return_value": {"return_description": [], "return_name": [], "return_type": []}, "method_name": "init", "params": [{"param_name": ["bitPattern"], "param_type": "UInt", "param_description": ""}], "method_description": "Creates an OpaquePointer from a given address in memory.", "class_name": "OpaquePointer"}, {"return_value": {"return_description": [], "return_name": [], "return_type": []}, "method_name": "hash", "params": [{"param_name": ["into", "hasher"], "param_type": "inout Hasher", "param_description": "The hasher to use when combining the components of this instance."}], "method_description": "Hashes the essential components of this value by feeding them into the given hasher.", "class_name": "OpaquePointer"}, {"return_value": {"return_description": [], "return_name": [""], "return_type": ["Bool"]}, "method_name": "!=", "params": [{"param_name": ["lhs"], "param_type": "OpaquePointer", "param_description": "A value to compare."}, {"param_name": ["rhs"], "param_type": "OpaquePointer", "param_description": "Another value to compare."}], "method_description": "Returns a Boolean value indicating whether two values are not equal.", "class_name": "OpaquePointer"}, {"return_value": {"return_description": [], "return_name": [""], "return_type": ["Bool"]}, "method_name": "==", "params": [{"param_name": ["lhs"], "param_type": "OpaquePointer", "param_description": ""}, {"param_name": ["rhs"], "param_type": "OpaquePointer", "param_description": ""}], "method_description": "", "class_name": "OpaquePointer"}], "Vars": [{"var_name": "debugDescription", "var_type": "String", "var_description": "A textual representation of the pointer, suitable for debugging."}], "subclass_list": [], "class_description": "Opaque pointers are used to represent C pointers to types that cannot be represented in Swift, such as incomplete struct types.\n", "package_name": "swift", "class_name": "OpaquePointer"}