{"Methods": [{"params": [], "method_name": "init", "is_static": false, "class_name": "OperatingSystemVersion", "method_description": "Creates an empty operating system version.", "return_value": {"return_name": [], "return_description": [], "return_type": []}}, {"params": [{"param_description": "", "param_name": ["majorVersion"], "param_type": "Int"}, {"param_description": "", "param_name": ["minorVersion"], "param_type": "Int"}, {"param_description": "", "param_name": ["patchVersion"], "param_type": "Int"}], "method_name": "init", "is_static": false, "class_name": "OperatingSystemVersion", "method_description": "Creates an operating system version with the provided values.", "return_value": {"return_name": [], "return_description": [], "return_type": []}}], "Vars": [{"var_type": "Int", "var_description": "The major release number, such as 10 in version 10.9.3.", "var_name": "majorVersion"}, {"var_type": "Int", "var_description": "The minor release number, such as 9 in version 10.9.3.", "var_name": "minorVersion"}, {"var_type": "Int", "var_description": "The update release number, such as 3 in version 10.9.3.", "var_name": "patchVersion"}], "interface_list": [], "package_name": "foundation", "subclass_list": [], "class_name": "OperatingSystemVersion", "class_description": "", "class_inherit_list": []}