{"subclass_list": [], "interface_list": [""], "Vars": null, "class_inherit_list": ["Object"], "package_name": "java.nio.file.attribute", "class_key": null, "Methods": [], "class_description": "An entry in an access control list (ACL). The ACL entry represented by this class is based on the ACL model\n specified in RFC\u00a03530:\n Network File System (NFS) version 4 Protocol. Each entry has four\n components as follows: ACL entries are created using an associated AclEntry.Builder object by\n invoking its build method. ACL entries are immutable and are safe for use by multiple concurrent\n threads. ", "class_name": "AclEntry"}