{"subclass_list": ["AclFileAttributeView", "BasicFileAttributeView", "DosFileAttributeView", "FileAttributeView", "FileOwnerAttributeView", "FileStoreAttributeView", "PosixFileAttributeView", "UserDefinedFileAttributeView", "AclFileAttributeView", "BasicFileAttributeView", "DosFileAttributeView", "FileAttributeView", "FileOwnerAttributeView", "FileStoreAttributeView", "FileStore", "PosixFileAttributeView", "UserDefinedFileAttributeView"], "interface_list": [""], "Vars": null, "class_inherit_list": [], "package_name": "java.nio.file.attribute", "class_key": null, "Methods": [], "class_description": "An object that provides a read-only or updatable view of non-opaque\n values associated with an object in a filesystem. This interface is extended\n or implemented by specific attribute views that define the attributes\n supported by the view. A specific attribute view will typically define\n type-safe methods to read or update the attributes that it supports. ", "class_name": "AttributeView"}