{"subclass_list": ["DosFileAttributes", "PosixFileAttributes", "DosFileAttributes", "PosixFileAttributes"], "interface_list": [""], "Vars": null, "class_inherit_list": [], "package_name": "java.nio.file.attribute", "class_key": null, "Methods": [], "class_description": "Basic attributes associated with a file in a file system. Basic file attributes are attributes that are common to many file systems\n and consist of mandatory and optional file attributes as defined by this\n interface. Usage Example: ", "class_name": "BasicFileAttributes"}