{"subclass_list": ["DosFileAttributeView", "PosixFileAttributeView", "DosFileAttributeView", "PosixFileAttributeView"], "interface_list": ["FileAttributeView"], "Vars": null, "class_inherit_list": [], "package_name": "java.nio.file.attribute", "class_key": null, "Methods": [], "class_description": "A file attribute view that provides a view of a basic set of file\n attributes common to many file systems. The basic set of file attributes\n consist of mandatory and optional file attributes as\n defined by the BasicFileAttributes interface. The file attributes are retrieved from the file system as a bulk\n operation by invoking the readAttributes method.\n This class also defines the setTimes method to update the\n file's time attributes. Where dynamic access to file attributes is required, the attributes\n supported by this attribute view have the following names and types: The getAttribute method may be\n used to read any of these attributes as if by invoking the readAttributes() method. The setAttribute method may be\n used to update the file's last modified time, last access time or create time\n attributes as if by invoking the setTimes method. ", "class_name": "BasicFileAttributeView"}