{"subclass_list": ["AclFileAttributeView", "BasicFileAttributeView", "DosFileAttributeView", "FileOwnerAttributeView", "PosixFileAttributeView", "UserDefinedFileAttributeView", "AclFileAttributeView", "BasicFileAttributeView", "DosFileAttributeView", "FileOwnerAttributeView", "PosixFileAttributeView", "UserDefinedFileAttributeView"], "interface_list": ["AttributeView"], "Vars": null, "class_inherit_list": [], "package_name": "java.nio.file.attribute", "class_key": null, "Methods": [], "class_description": "An attribute view that is a read-only or updatable view of non-opaque\n values associated with a file in a filesystem. This interface is extended or\n implemented by specific file attribute views that define methods to read\n and/or update the attributes of a file. ", "class_name": "FileAttributeView"}