{"subclass_list": ["AclFileAttributeView", "PosixFileAttributeView", "AclFileAttributeView", "PosixFileAttributeView"], "interface_list": ["FileAttributeView"], "Vars": null, "class_inherit_list": [], "package_name": "java.nio.file.attribute", "class_key": null, "Methods": [], "class_description": "A file attribute view that supports reading or updating the owner of a file.\n This file attribute view is intended for file system implementations that\n support a file attribute that represents an identity that is the owner of\n the file. Often the owner of a file is the identity of the entity that\n created the file. The getOwner or setOwner methods may\n be used to read or update the owner of the file. The getAttribute and\n setAttribute methods may also be\n used to read or update the owner. In that case, the owner attribute is\n identified by the name \"owner\", and the value of the attribute is\n a UserPrincipal. ", "class_name": "FileOwnerAttributeView"}