{"subclass_list": [], "interface_list": ["BasicFileAttributes"], "Vars": null, "class_inherit_list": [], "package_name": "java.nio.file.attribute", "class_key": null, "Methods": [], "class_description": "File attributes associated with files on file systems used by operating systems\n that implement the Portable Operating System Interface (POSIX) family of\n standards. The POSIX attributes of a file are retrieved using a PosixFileAttributeView by invoking its readAttributes method. ", "class_name": "PosixFileAttributes"}