{"subclass_list": [], "interface_list": [""], "Vars": null, "class_inherit_list": ["IOException"], "package_name": "java.nio.file.attribute", "class_key": null, "Methods": [{"method_description": "Constructs an instance of this class.\n", "method_name": "init", "is_static": false, "params": [{"param_type": "String", "param_name": ["name"], "param_description": " the principal name; may be null\n"}], "class_name": "UserPrincipalNotFoundException", "return_value": {"return_description": [], "return_name": "", "return_type": []}}, {"method_description": "Returns the user principal name if this exception was created with the\n user principal name that was not found, otherwise null.\n", "method_name": "getName", "is_static": false, "params": [], "class_name": "UserPrincipalNotFoundException", "return_value": {"return_description": ["the user principal name or null"], "return_name": [], "return_type": ["String"]}}], "class_description": "Checked exception thrown when a lookup of UserPrincipal fails because\n the principal does not exist. ", "class_name": "UserPrincipalNotFoundException"}