{"subclass_list": ["DatagramChannel", "Pipe.SinkChannel", "Pipe.SourceChannel", "ServerSocketChannel", "SocketChannel", "DatagramChannel", "Pipe.SinkChannel", "Pipe", "Pipe.SourceChannel", "Pipe", "ServerSocketChannel", "SocketChannel"], "interface_list": [""], "Vars": null, "class_inherit_list": ["SelectableChannel"], "package_name": "java.nio.channels.spi", "class_key": null, "Methods": [], "class_description": "Base implementation class for selectable channels. This class defines methods that handle the mechanics of channel\n registration, deregistration, and closing.  It maintains the current\n blocking mode of this channel as well as its current set of selection keys.\n It performs all of the synchronization required to implement the SelectableChannel specification.  Implementations of the\n abstract protected methods defined in this class need not synchronize\n against other threads that might be engaged in the same operations. ", "class_name": "AbstractSelectableChannel"}