{"subclass_list": [], "interface_list": [""], "Vars": null, "class_inherit_list": ["Object"], "package_name": "java.nio.channels.spi", "class_key": null, "Methods": [], "class_description": "Service-provider class for asynchronous channels. An asynchronous channel provider is a concrete subclass of this class that\n has a zero-argument constructor and implements the abstract methods specified\n below.  A given invocation of the Java virtual machine maintains a single\n system-wide default provider instance, which is returned by the provider method.  The first invocation of that method will locate\n the default provider as specified below. All of the methods in this class are safe for use by multiple concurrent\n threads. ", "class_name": "AsynchronousChannelProvider"}