{"subclass_list": [], "interface_list": [""], "Vars": null, "class_inherit_list": ["Object"], "package_name": "java.nio.channels.spi", "class_key": null, "Methods": [], "class_description": "Service-provider class for selectors and selectable channels. A selector provider is a concrete subclass of this class that has a\n zero-argument constructor and implements the abstract methods specified\n below.  A given invocation of the Java virtual machine maintains a single\n system-wide default provider instance, which is returned by the provider method.  The first invocation of that method will locate\n the default provider as specified below. The system-wide default provider is used by the static open\n methods of the DatagramChannel, Pipe, Selector, ServerSocketChannel, and SocketChannel classes.  It is also\n used by the System.inheritedChannel()\n method. A program may make use of a provider other than the default provider\n by instantiating that provider and then directly invoking the open\n methods defined in this class. All of the methods in this class are safe for use by multiple concurrent\n threads. ", "class_name": "SelectorProvider"}