{"subclass_list": [], "interface_list": [""], "Vars": null, "class_inherit_list": ["Object"], "package_name": "java.net", "class_key": null, "Methods": [], "class_description": "The class Authenticator represents an object that knows how to obtain\n authentication for a network connection.  Usually, it will do this\n by prompting the user for information. Applications use this class by overriding getPasswordAuthentication() in a sub-class. This method will\n typically use the various getXXX() accessor methods to get information\n about the entity requesting authentication. It must then acquire a\n username and password either by interacting with the user or through\n some other non-interactive means. The credentials are then returned\n as a PasswordAuthentication return value. An instance of this concrete sub-class is then registered\n with the system by calling setDefault(Authenticator).\n When authentication is required, the system will invoke one of the\n requestPasswordAuthentication() methods which in turn will call the\n getPasswordAuthentication() method of the registered object. All methods that request authentication have a default implementation\n that fails. ", "class_name": "Authenticator"}