{"subclass_list": [], "interface_list": [""], "Vars": null, "class_inherit_list": ["SocketException"], "package_name": "java.net", "class_key": null, "Methods": [{"method_description": "Constructs a new BindException with the specified detail\n message as to why the bind error occurred.\n A detail message is a String that gives a specific\n description of this error.\n", "method_name": "init", "is_static": false, "params": [{"param_type": "String", "param_name": ["msg"], "param_description": " the detail message\n"}], "class_name": "BindException", "return_value": {"return_description": [], "return_name": "", "return_type": []}}, {"method_description": "Construct a new BindException with no detailed message.\n\n", "method_name": "init", "is_static": false, "params": [], "class_name": "BindException", "return_value": {"return_description": [], "return_name": "", "return_type": []}}], "class_description": "Signals that an error occurred while attempting to bind a\n socket to a local address and port.  Typically, the port is\n in use, or the requested local address could not be assigned. ", "class_name": "BindException"}