{"subclass_list": ["SecureCacheResponse", "SecureCacheResponse"], "interface_list": [""], "Vars": null, "class_inherit_list": ["Object"], "package_name": "java.net", "class_key": null, "Methods": [{"method_description": "\n", "method_name": "init", "is_static": false, "params": [], "class_name": "CacheResponse", "return_value": {"return_description": [], "return_name": "", "return_type": []}}], "class_description": "Represent channels for retrieving resources from the\n ResponseCache. Instances of such a class provide an\n InputStream that returns the entity body, and also a\n getHeaders() method which returns the associated response headers. ", "class_name": "CacheResponse"}