{"subclass_list": [], "interface_list": [""], "Vars": null, "class_inherit_list": ["Object"], "package_name": "java.net", "class_key": null, "Methods": [{"method_description": "\n", "method_name": "init", "is_static": false, "params": [], "class_name": "CacheRequest", "return_value": {"return_description": [], "return_name": "", "return_type": []}}], "class_description": "Represents channels for storing resources in the\n ResponseCache. Instances of such a class provide an\n OutputStream object which is called by protocol handlers to\n store the resource data into the cache, and also an abort() method\n which allows a cache store operation to be interrupted and\n abandoned. If an IOException is encountered while reading the\n response or writing to the cache, the current cache store operation\n will be aborted. ", "class_name": "CacheRequest"}