{"subclass_list": [], "interface_list": [""], "Vars": null, "class_inherit_list": ["SocketException"], "package_name": "java.net", "class_key": null, "Methods": [{"method_description": "Constructs a new ConnectException with the specified detail\n message as to why the connect error occurred.\n A detail message is a String that gives a specific\n description of this error.\n", "method_name": "init", "is_static": false, "params": [{"param_type": "String", "param_name": ["msg"], "param_description": " the detail message\n"}], "class_name": "ConnectException", "return_value": {"return_description": [], "return_name": "", "return_type": []}}, {"method_description": "Construct a new ConnectException with no detailed message.\n\n", "method_name": "init", "is_static": false, "params": [], "class_name": "ConnectException", "return_value": {"return_description": [], "return_name": "", "return_type": []}}], "class_description": "Signals that an error occurred while attempting to connect a\n socket to a remote address and port.  Typically, the connection\n was refused remotely (e.g., no process is listening on the\n remote address/port). ", "class_name": "ConnectException"}