{"subclass_list": [], "interface_list": [""], "Vars": null, "class_inherit_list": ["Object"], "package_name": "java.net", "class_key": null, "Methods": [{"method_description": "\n", "method_name": "init", "is_static": false, "params": [], "class_name": "ContentHandler", "return_value": {"return_description": [], "return_name": "", "return_type": []}}, {"method_description": "Given a URL connect stream positioned at the beginning of the\n representation of an object, this method reads that stream and\n creates an object that matches one of the types specified.\n\n The default implementation of this method should call getContent()\n and screen the return type for a match of the suggested types.\n", "method_name": "getContent", "is_static": false, "params": [{"param_type": "URLConnection", "param_name": ["urlc"], "param_description": " a URL connection."}, {"param_type": "Class[]", "param_name": ["classes"], "param_description": " an array of types requested"}], "class_name": "ContentHandler", "return_value": {"return_description": ["the object read by the ContentHandler that is\n                 the first match of the suggested types.\n                 null if none of the requested  are supported."], "return_name": [], "return_type": ["Object"]}}], "class_description": "The abstract class ContentHandler is the superclass\n of all classes that read an Object from a\n URLConnection. An application does not generally call the\n getContent method in this class directly. Instead, an\n application calls the getContent method in class\n URL or in URLConnection.\n The application's content handler factory (an instance of a class that\n implements the interface ContentHandlerFactory set\n up by a call to setContentHandler) is\n called with a String giving the MIME type of the\n object being received on the socket. The factory returns an\n instance of a subclass of ContentHandler, and its\n getContent method is called to create the object. If no content handler could be found, URLConnection will\n look for a content handler in a user-defineable set of places.\n By default it looks in sun.net.www.content, but users can define a\n vertical-bar delimited set of class prefixes to search through in\n addition by defining the java.content.handler.pkgs property.\n The class name must be of the form: ", "class_name": "ContentHandler"}