{"subclass_list": ["CookieManager", "CookieManager", "CookieHandler"], "interface_list": [""], "Vars": null, "class_inherit_list": ["Object"], "package_name": "java.net", "class_key": null, "Methods": [{"method_description": "\n", "method_name": "init", "is_static": false, "params": [], "class_name": "CookieHandler", "return_value": {"return_description": [], "return_name": "", "return_type": []}}, {"method_description": "Gets the system-wide cookie handler.\nSee also:\n", "method_name": "getDefault", "is_static": true, "params": [], "class_name": "CookieHandler", "return_value": {"return_description": ["the system-wide cookie handler; A null return means\n        there is no system-wide cookie handler currently set."], "return_name": [], "return_type": ["CookieHandler"]}}, {"method_description": "Sets (or unsets) the system-wide cookie handler.\n\n Note: non-standard http protocol handlers may ignore this setting.\nSee also:\n", "method_name": "setDefault", "is_static": true, "params": [{"param_type": "CookieHandler", "param_name": ["cHandler"], "param_description": " The HTTP cookie handler, or\n       null to unset."}], "class_name": "CookieHandler", "return_value": {"return_description": [""], "return_name": [], "return_type": []}}], "class_description": "A CookieHandler object provides a callback mechanism to hook up a\n HTTP state management policy implementation into the HTTP protocol\n handler. The HTTP state management mechanism specifies a way to\n create a stateful session with HTTP requests and responses. A system-wide CookieHandler that to used by the HTTP protocol\n handler can be registered by doing a\n CookieHandler.setDefault(CookieHandler). The currently registered\n CookieHandler can be retrieved by calling\n CookieHandler.getDefault().\n\n For more information on HTTP state management, see RFC\u00a02965: HTTP\n State Management Mechanism ", "class_name": "CookieHandler"}