{"subclass_list": [], "interface_list": [""], "Vars": null, "class_inherit_list": [], "package_name": "java.net", "class_key": null, "Methods": [], "class_description": "A CookieStore object represents a storage for cookie. Can store and retrieve\n cookies. CookieManager will call CookieStore.add to save cookies\n for every incoming HTTP response, and call CookieStore.get to\n retrieve cookie for every outgoing HTTP request. A CookieStore\n is responsible for removing HttpCookie instances which have expired. ", "class_name": "CookieStore"}