{"subclass_list": [], "interface_list": ["Cloneable"], "Vars": null, "class_inherit_list": ["Object"], "package_name": "java.net", "class_key": null, "Methods": [{"method_description": "Constructs a cookie with a specified name and value.\n\n \n The name must conform to RFC 2965. That means it can contain\n only ASCII alphanumeric characters and cannot contain commas,\n semicolons, or white space or begin with a $ character. The cookie's\n name cannot be changed after creation.\n\n \n The value can be anything the server chooses to send. Its\n value is probably of interest only to the server. The cookie's\n value can be changed after creation with the\n setValue method.\n\n \n By default, cookies are created according to the RFC 2965\n cookie specification. The version can be changed with the\n setVersion method.\nSee also:\n", "method_name": "init", "is_static": false, "params": [{"param_type": "String", "param_name": ["name"], "param_description": " a String specifying the name of the cookie"}, {"param_type": "String", "param_name": ["value"], "param_description": " a String specifying the value of the cookie"}], "class_name": "HttpCookie", "return_value": {"return_description": [], "return_name": "", "return_type": []}}, {"method_description": "Create and return a copy of this object.\n", "method_name": "clone", "is_static": false, "params": [], "class_name": "HttpCookie", "return_value": {"return_description": ["a clone of this HTTP cookie"], "return_name": [], "return_type": ["Object"]}}, {"method_description": "The utility method to check whether a host name is in a domain or not.\n\n \n This concept is described in the cookie specification.\n To understand the concept, some terminologies need to be defined first:\n \nHost A's name domain-matches host B's if:\n \nA host isn't in a domain (RFC 2965 sec. 3.3.2) if:\n \nExamples:\n \n", "method_name": "domainMatches", "is_static": true, "params": [{"param_type": "String", "param_name": ["domain"], "param_description": " the domain name to check host name with"}, {"param_type": "String", "param_name": ["host"], "param_description": " the host name in question"}], "class_name": "HttpCookie", "return_value": {"return_description": ["true if they domain-matches; false if not"], "return_name": [], "return_type": ["boolean"]}}, {"method_description": "Test the equality of two HTTP cookies.\n\n \n The result is true only if two cookies come from same domain\n (case-insensitive), have same name (case-insensitive), and have same path\n (case-sensitive).\n", "method_name": "equals", "is_static": false, "params": [{"param_type": "Object", "param_name": ["obj"], "param_description": " the reference object with which to compare."}], "class_name": "HttpCookie", "return_value": {"return_description": ["true if two HTTP cookies equal to each other;\n          otherwise, false"], "return_name": [], "return_type": ["boolean"]}}, {"method_description": "Returns the comment describing the purpose of this cookie, or\n null if the cookie has no comment.\nSee also:\n", "method_name": "getComment", "is_static": false, "params": [], "class_name": "HttpCookie", "return_value": {"return_description": ["a String containing the comment, or null if none"], "return_name": [], "return_type": ["String"]}}, {"method_description": "Returns the comment URL describing the purpose of this cookie, or\n null if the cookie has no comment URL.\nSee also:\n", "method_name": "getCommentURL", "is_static": false, "params": [], "class_name": "HttpCookie", "return_value": {"return_description": ["a String containing the comment URL, or null\n          if none"], "return_name": [], "return_type": ["String"]}}, {"method_description": "Returns the discard attribute of the cookie\nSee also:\n", "method_name": "getDiscard", "is_static": false, "params": [], "class_name": "HttpCookie", "return_value": {"return_description": ["a boolean to represent this cookie's discard attribute"], "return_name": [], "return_type": ["boolean"]}}, {"method_description": "Returns the domain name set for this cookie. The form of the domain name\n is set by RFC 2965.\nSee also:\n", "method_name": "getDomain", "is_static": false, "params": [], "class_name": "HttpCookie", "return_value": {"return_description": ["a String containing the domain name"], "return_name": [], "return_type": ["String"]}}, {"method_description": "Returns the maximum age of the cookie, specified in seconds. By default,\n -1 indicating the cookie will persist until browser shutdown.\nSee also:\n", "method_name": "getMaxAge", "is_static": false, "params": [], "class_name": "HttpCookie", "return_value": {"return_description": ["an integer specifying the maximum age of the cookie in seconds"], "return_name": [], "return_type": ["long"]}}, {"method_description": "Returns the name of the cookie. The name cannot be changed after\n creation.\n", "method_name": "getName", "is_static": false, "params": [], "class_name": "HttpCookie", "return_value": {"return_description": ["a String specifying the cookie's name"], "return_name": [], "return_type": ["String"]}}, {"method_description": "Returns the path on the server to which the browser returns this cookie.\n The cookie is visible to all subpaths on the server.\nSee also:\n", "method_name": "getPath", "is_static": false, "params": [], "class_name": "HttpCookie", "return_value": {"return_description": ["a String specifying a path that contains a servlet name,\n          for example, /catalog"], "return_name": [], "return_type": ["String"]}}, {"method_description": "Returns the port list attribute of the cookie\nSee also:\n", "method_name": "getPortlist", "is_static": false, "params": [], "class_name": "HttpCookie", "return_value": {"return_description": ["a String contains the port list or null if none"], "return_name": [], "return_type": ["String"]}}, {"method_description": "Returns true if sending this cookie should be restricted to a\n secure protocol, or false if the it can be sent using any\n protocol.\nSee also:\n", "method_name": "getSecure", "is_static": false, "params": [], "class_name": "HttpCookie", "return_value": {"return_description": ["false if the cookie can be sent over any standard\n          protocol; otherwise, true"], "return_name": [], "return_type": ["boolean"]}}, {"method_description": "Returns the value of the cookie.\nSee also:\n", "method_name": "getValue", "is_static": false, "params": [], "class_name": "HttpCookie", "return_value": {"return_description": ["a String containing the cookie's present value"], "return_name": [], "return_type": ["String"]}}, {"method_description": "Returns the version of the protocol this cookie complies with. Version 1\n complies with RFC 2965/2109, and version 0 complies with the original\n cookie specification drafted by Netscape. Cookies provided by a browser\n use and identify the browser's cookie version.\nSee also:\n", "method_name": "getVersion", "is_static": false, "params": [], "class_name": "HttpCookie", "return_value": {"return_description": ["0 if the cookie complies with the original Netscape\n          specification; 1 if the cookie complies with RFC 2965/2109"], "return_name": [], "return_type": ["int"]}}, {"method_description": "Reports whether this HTTP cookie has expired or not.\n", "method_name": "hasExpired", "is_static": false, "params": [], "class_name": "HttpCookie", "return_value": {"return_description": ["true to indicate this HTTP cookie has expired;\n          otherwise, false"], "return_name": [], "return_type": ["boolean"]}}, {"method_description": "Returns the hash code of this HTTP cookie. The result is the sum of\n hash code value of three significant components of this cookie: name,\n domain, and path. That is, the hash code is the value of the expression:\n \n", "method_name": "hashCode", "is_static": false, "params": [], "class_name": "HttpCookie", "return_value": {"return_description": ["this HTTP cookie's hash code"], "return_name": [], "return_type": ["int"]}}, {"method_description": "Returns true if this cookie contains the HttpOnly\n attribute. This means that the cookie should not be accessible to\n scripting engines, like javascript.\nSee also:\n", "method_name": "isHttpOnly", "is_static": false, "params": [], "class_name": "HttpCookie", "return_value": {"return_description": ["true if this cookie should be considered HTTPOnly"], "return_name": [], "return_type": ["boolean"]}}, {"method_description": "Constructs cookies from set-cookie or set-cookie2 header string.\n RFC 2965 section 3.2.2 set-cookie2 syntax indicates that one header line\n may contain more than one cookie definitions, so this is a static\n utility method instead of another constructor.\n", "method_name": "parse", "is_static": true, "params": [{"param_type": "String", "param_name": ["header"], "param_description": " a String specifying the set-cookie header. The header\n         should start with \"set-cookie\", or \"set-cookie2\" token; or it\n         should have no leading token at all."}], "class_name": "HttpCookie", "return_value": {"return_description": ["a List of cookie parsed from header line string"], "return_name": [], "return_type": ["List<HttpCookie>"]}}, {"method_description": "Specifies a comment that describes a cookie's purpose.\n The comment is useful if the browser presents the cookie\n to the user. Comments are not supported by Netscape Version 0 cookies.\nSee also:\n", "method_name": "setComment", "is_static": false, "params": [{"param_type": "String", "param_name": ["purpose"], "param_description": " a String specifying the comment to display to the user"}], "class_name": "HttpCookie", "return_value": {"return_description": [""], "return_name": [], "return_type": []}}, {"method_description": "Specifies a comment URL that describes a cookie's purpose.\n The comment URL is useful if the browser presents the cookie\n to the user. Comment URL is RFC 2965 only.\nSee also:\n", "method_name": "setCommentURL", "is_static": false, "params": [{"param_type": "String", "param_name": ["purpose"], "param_description": " a String specifying the comment URL to display to the user"}], "class_name": "HttpCookie", "return_value": {"return_description": [""], "return_name": [], "return_type": []}}, {"method_description": "Specify whether user agent should discard the cookie unconditionally.\n This is RFC 2965 only attribute.\nSee also:\n", "method_name": "setDiscard", "is_static": false, "params": [{"param_type": "boolean", "param_name": ["discard"], "param_description": " true indicates to discard cookie unconditionally"}], "class_name": "HttpCookie", "return_value": {"return_description": [""], "return_name": [], "return_type": []}}, {"method_description": "Specifies the domain within which this cookie should be presented.\n\n \n The form of the domain name is specified by RFC 2965. A domain\n name begins with a dot (.foo.com) and means that\n the cookie is visible to servers in a specified Domain Name System\n (DNS) zone (for example, www.foo.com, but not\n a.b.foo.com). By default, cookies are only returned\n to the server that sent them.\nSee also:\n", "method_name": "setDomain", "is_static": false, "params": [{"param_type": "String", "param_name": ["pattern"], "param_description": " a String containing the domain name within which this\n         cookie is visible; form is according to RFC 2965"}], "class_name": "HttpCookie", "return_value": {"return_description": [""], "return_name": [], "return_type": []}}, {"method_description": "Indicates whether the cookie should be considered HTTP Only. If set to\n true it means the cookie should not be accessible to scripting\n engines like javascript.\nSee also:\n", "method_name": "setHttpOnly", "is_static": false, "params": [{"param_type": "boolean", "param_name": ["httpOnly"], "param_description": " if true make the cookie HTTP only, i.e. only visible as\n         part of an HTTP request."}], "class_name": "HttpCookie", "return_value": {"return_description": [""], "return_name": [], "return_type": []}}, {"method_description": "Sets the maximum age of the cookie in seconds.\n\n \n A positive value indicates that the cookie will expire\n after that many seconds have passed. Note that the value is\n the maximum age when the cookie will expire, not the cookie's\n current age.\n\n \n A negative value means that the cookie is not stored persistently\n and will be deleted when the Web browser exits. A zero value causes the\n cookie to be deleted.\nSee also:\n", "method_name": "setMaxAge", "is_static": false, "params": [{"param_type": "long", "param_name": ["expiry"], "param_description": " an integer specifying the maximum age of the cookie in seconds;\n         if zero, the cookie should be discarded immediately; otherwise,\n         the cookie's max age is unspecified."}], "class_name": "HttpCookie", "return_value": {"return_description": [""], "return_name": [], "return_type": []}}, {"method_description": "Specifies a path for the cookie to which the client should return\n the cookie.\n\n \n The cookie is visible to all the pages in the directory\n you specify, and all the pages in that directory's subdirectories.\n A cookie's path must include the servlet that set the cookie,\n for example, /catalog, which makes the cookie\n visible to all directories on the server under /catalog.\n\n \n Consult RFC 2965 (available on the Internet) for more\n information on setting path names for cookies.\nSee also:\n", "method_name": "setPath", "is_static": false, "params": [{"param_type": "String", "param_name": ["uri"], "param_description": " a String specifying a path"}], "class_name": "HttpCookie", "return_value": {"return_description": [""], "return_name": [], "return_type": []}}, {"method_description": "Specify the portlist of the cookie, which restricts the port(s)\n to which a cookie may be sent back in a Cookie header.\nSee also:\n", "method_name": "setPortlist", "is_static": false, "params": [{"param_type": "String", "param_name": ["ports"], "param_description": " a String specify the port list, which is comma separated\n         series of digits"}], "class_name": "HttpCookie", "return_value": {"return_description": [""], "return_name": [], "return_type": []}}, {"method_description": "Indicates whether the cookie should only be sent using a secure protocol,\n such as HTTPS or SSL.\n\n \n The default value is false.\nSee also:\n", "method_name": "setSecure", "is_static": false, "params": [{"param_type": "boolean", "param_name": ["flag"], "param_description": " If true, the cookie can only be sent over a secure\n         protocol like HTTPS. If false, it can be sent over\n         any protocol."}], "class_name": "HttpCookie", "return_value": {"return_description": [""], "return_name": [], "return_type": []}}, {"method_description": "Assigns a new value to a cookie after the cookie is created.\n If you use a binary value, you may want to use BASE64 encoding.\n\n \n With Version 0 cookies, values should not contain white space,\n brackets, parentheses, equals signs, commas, double quotes, slashes,\n question marks, at signs, colons, and semicolons. Empty values may not\n behave the same way on all browsers.\nSee also:\n", "method_name": "setValue", "is_static": false, "params": [{"param_type": "String", "param_name": ["newValue"], "param_description": " a String specifying the new value"}], "class_name": "HttpCookie", "return_value": {"return_description": [""], "return_name": [], "return_type": []}}, {"method_description": "Sets the version of the cookie protocol this cookie complies\n with. Version 0 complies with the original Netscape cookie\n specification. Version 1 complies with RFC 2965/2109.\nSee also:\n", "method_name": "setVersion", "is_static": false, "params": [{"param_type": "int", "param_name": ["v"], "param_description": " 0 if the cookie should comply with the original Netscape\n         specification; 1 if the cookie should comply with RFC 2965/2109"}], "class_name": "HttpCookie", "return_value": {"return_description": [""], "return_name": [], "return_type": []}}, {"method_description": "Constructs a cookie header string representation of this cookie,\n which is in the format defined by corresponding cookie specification,\n but without the leading \"Cookie:\" token.\n", "method_name": "toString", "is_static": false, "params": [], "class_name": "HttpCookie", "return_value": {"return_description": ["a string form of the cookie. The string has the defined format"], "return_name": [], "return_type": ["String"]}}], "class_description": "An HttpCookie object represents an HTTP cookie, which carries state\n information between server and user agent. Cookie is widely adopted\n to create stateful sessions. There are 3 HTTP cookie specifications: HttpCookie class can accept all these 3 forms of syntax. ", "class_name": "HttpCookie"}