{"subclass_list": [], "interface_list": [""], "Vars": null, "class_inherit_list": ["IOException"], "package_name": "java.net", "class_key": null, "Methods": [{"method_description": "Constructs a new HttpRetryException from the\n specified response code and exception detail message\n", "method_name": "init", "is_static": false, "params": [{"param_type": "String", "param_name": ["detail"], "param_description": " the detail message."}, {"param_type": "int", "param_name": ["code"], "param_description": " the HTTP response code from server.\n"}], "class_name": "HttpRetryException", "return_value": {"return_description": [], "return_name": "", "return_type": []}}, {"method_description": "Constructs a new HttpRetryException with detail message\n responseCode and the contents of the Location response header field.\n", "method_name": "init", "is_static": false, "params": [{"param_type": "String", "param_name": ["detail"], "param_description": " the detail message."}, {"param_type": "int", "param_name": ["code"], "param_description": " the HTTP response code from server."}, {"param_type": "String", "param_name": ["location"], "param_description": " the URL to be redirected to\n"}], "class_name": "HttpRetryException", "return_value": {"return_description": [], "return_name": "", "return_type": []}}, {"method_description": "Returns the value of the Location header field if the\n error resulted from redirection.\n", "method_name": "getLocation", "is_static": false, "params": [], "class_name": "HttpRetryException", "return_value": {"return_description": ["The location string"], "return_name": [], "return_type": ["String"]}}, {"method_description": "Returns a string explaining why the http request could\n not be retried.\n", "method_name": "getReason", "is_static": false, "params": [], "class_name": "HttpRetryException", "return_value": {"return_description": ["The reason string"], "return_name": [], "return_type": ["String"]}}, {"method_description": "Returns the http response code\n", "method_name": "responseCode", "is_static": false, "params": [], "class_name": "HttpRetryException", "return_value": {"return_description": ["The http response code."], "return_name": [], "return_type": ["int"]}}], "class_description": "Thrown to indicate that a HTTP request needs to be retried\n but cannot be retried automatically, due to streaming mode\n being enabled. ", "class_name": "HttpRetryException"}