{"subclass_list": [], "interface_list": [""], "Vars": null, "class_inherit_list": ["URLConnection"], "package_name": "java.net", "class_key": null, "Methods": [], "class_description": "A URL Connection to a Java ARchive (JAR) file or an entry in a JAR\n file. The syntax of a JAR URL is: for example: jar:http://www.foo.com/bar/baz.jar!/COM/foo/Quux.class Jar URLs should be used to refer to a JAR file or entries in\n a JAR file. The example above is a JAR URL which refers to a JAR\n entry. If the entry name is omitted, the URL refers to the whole\n JAR file:\n\n jar:http://www.foo.com/bar/baz.jar!/ Users should cast the generic URLConnection to a\n JarURLConnection when they know that the URL they created is a JAR\n URL, and they need JAR-specific functionality. For example: JarURLConnection instances can only be used to read from JAR files.\n It is not possible to get a OutputStream to modify or write\n to the underlying JAR file using this class. Examples: !/ is referred to as the separator. When constructing a JAR url via new URL(context, spec),\n the following rules apply: ", "class_name": "JarURLConnection"}