{"subclass_list": [], "interface_list": [""], "Vars": null, "class_inherit_list": ["IOException"], "package_name": "java.net", "class_key": null, "Methods": [{"method_description": "Constructs a MalformedURLException with no detail message.\n\n", "method_name": "init", "is_static": false, "params": [], "class_name": "MalformedURLException", "return_value": {"return_description": [], "return_name": "", "return_type": []}}, {"method_description": "Constructs a MalformedURLException with the\n specified detail message.\n", "method_name": "init", "is_static": false, "params": [{"param_type": "String", "param_name": ["msg"], "param_description": " the detail message.\n"}], "class_name": "MalformedURLException", "return_value": {"return_description": [], "return_name": "", "return_type": []}}], "class_description": "Thrown to indicate that a malformed URL has occurred. Either no\n legal protocol could be found in a specification string or the\n string could not be parsed. ", "class_name": "MalformedURLException"}