{"subclass_list": [], "interface_list": [""], "Vars": null, "class_inherit_list": ["Object"], "package_name": "java.net", "class_key": null, "Methods": [{"method_description": "Creates a new PasswordAuthentication object from the given\n user name and password.\n\n \n Note that the given user password is cloned before it is stored in\n the new PasswordAuthentication object.\n", "method_name": "init", "is_static": false, "params": [{"param_type": "String", "param_name": ["userName"], "param_description": " the user name"}, {"param_type": "char[]", "param_name": ["password"], "param_description": " the user's password\n"}], "class_name": "PasswordAuthentication", "return_value": {"return_description": [], "return_name": "", "return_type": []}}, {"method_description": "Returns the user password.\n\n \n Note that this method returns a reference to the password. It is\n the caller's responsibility to zero out the password information after\n it is no longer needed.\n", "method_name": "getPassword", "is_static": false, "params": [], "class_name": "PasswordAuthentication", "return_value": {"return_description": ["the password"], "return_name": [], "return_type": ["char[]"]}}, {"method_description": "Returns the user name.\n", "method_name": "getUserName", "is_static": false, "params": [], "class_name": "PasswordAuthentication", "return_value": {"return_description": ["the user name"], "return_name": [], "return_type": ["String"]}}], "class_description": "The class PasswordAuthentication is a data holder that is used by\n Authenticator.  It is simply a repository for a user name and a password. ", "class_name": "PasswordAuthentication"}