{"subclass_list": [], "interface_list": [""], "Vars": null, "class_inherit_list": ["SocketException"], "package_name": "java.net", "class_key": null, "Methods": [{"method_description": "Constructs a new PortUnreachableException with a\n detail message.\n", "method_name": "init", "is_static": false, "params": [{"param_type": "String", "param_name": ["msg"], "param_description": " the detail message\n"}], "class_name": "PortUnreachableException", "return_value": {"return_description": [], "return_name": "", "return_type": []}}, {"method_description": "Construct a new PortUnreachableException with no\n detailed message.\n\n", "method_name": "init", "is_static": false, "params": [], "class_name": "PortUnreachableException", "return_value": {"return_description": [], "return_name": "", "return_type": []}}], "class_description": "Signals that an ICMP Port Unreachable message has been\n received on a connected datagram. ", "class_name": "PortUnreachableException"}