{"subclass_list": [], "interface_list": [""], "Vars": null, "class_inherit_list": ["IOException"], "package_name": "java.net", "class_key": null, "Methods": [{"method_description": "Constructs a new ProtocolException with the\n specified detail message.\n", "method_name": "init", "is_static": false, "params": [{"param_type": "String", "param_name": ["host"], "param_description": " the detail message.\n"}], "class_name": "ProtocolException", "return_value": {"return_description": [], "return_name": "", "return_type": []}}, {"method_description": "Constructs a new ProtocolException with no detail message.\n\n", "method_name": "init", "is_static": false, "params": [], "class_name": "ProtocolException", "return_value": {"return_description": [], "return_name": "", "return_type": []}}], "class_description": "Thrown to indicate that there is an error in the underlying\n protocol, such as a TCP error. ", "class_name": "ProtocolException"}