{"subclass_list": ["HttpResponseCache", "HttpResponseCache"], "interface_list": [""], "Vars": null, "class_inherit_list": ["Object"], "package_name": "java.net", "class_key": null, "Methods": [{"method_description": "\n", "method_name": "init", "is_static": false, "params": [], "class_name": "ResponseCache", "return_value": {"return_description": [], "return_name": "", "return_type": []}}, {"method_description": "Gets the system-wide response cache.\nSee also:\n", "method_name": "getDefault", "is_static": true, "params": [], "class_name": "ResponseCache", "return_value": {"return_description": ["the system-wide ResponseCache"], "return_name": [], "return_type": ["ResponseCache"]}}, {"method_description": "Sets (or unsets) the system-wide cache.\n\n Note: non-standard procotol handlers may ignore this setting.\nSee also:\n", "method_name": "setDefault", "is_static": true, "params": [{"param_type": "ResponseCache", "param_name": ["responseCache"], "param_description": " The response cache, or\n          null to unset the cache."}], "class_name": "ResponseCache", "return_value": {"return_description": [""], "return_name": [], "return_type": []}}], "class_description": "Represents implementations of URLConnection caches. An instance of\n such a class can be registered with the system by doing\n ResponseCache.setDefault(ResponseCache), and the system will call\n this object in order to: ", "class_name": "ResponseCache"}