{"subclass_list": [], "interface_list": [""], "Vars": null, "class_inherit_list": ["CacheResponse"], "package_name": "java.net", "class_key": null, "Methods": [{"method_description": "\n", "method_name": "init", "is_static": false, "params": [], "class_name": "SecureCacheResponse", "return_value": {"return_description": [], "return_name": "", "return_type": []}}], "class_description": "Represents a cache response originally retrieved through secure\n means, such as TLS. ", "class_name": "SecureCacheResponse"}