{"subclass_list": ["InetSocketAddress", "InetSocketAddress"], "interface_list": ["Serializable"], "Vars": null, "class_inherit_list": ["Object"], "package_name": "java.net", "class_key": null, "Methods": [{"method_description": "\n", "method_name": "init", "is_static": false, "params": [], "class_name": "SocketAddress", "return_value": {"return_description": [], "return_name": "", "return_type": []}}], "class_description": "This class represents a Socket Address with no protocol attachment.\n As an abstract class, it is meant to be subclassed with a specific,\n protocol dependent, implementation. It provides an immutable object used by sockets for binding, connecting, or\n as returned values. ", "class_name": "SocketAddress"}