{"subclass_list": [], "interface_list": [""], "Vars": null, "class_inherit_list": ["InterruptedIOException"], "package_name": "java.net", "class_key": null, "Methods": [{"method_description": "Constructs a new SocketTimeoutException with a detail\n message.\n", "method_name": "init", "is_static": false, "params": [{"param_type": "String", "param_name": ["msg"], "param_description": " the detail message\n"}], "class_name": "SocketTimeoutException", "return_value": {"return_description": [], "return_name": "", "return_type": []}}, {"method_description": "Construct a new SocketTimeoutException with no detailed message.\n\n", "method_name": "init", "is_static": false, "params": [], "class_name": "SocketTimeoutException", "return_value": {"return_description": [], "return_name": "", "return_type": []}}], "class_description": "Signals that a timeout has occurred on a socket read or accept. ", "class_name": "SocketTimeoutException"}