{"subclass_list": ["DatagramSocketImpl", "SocketImpl", "DatagramSocketImpl", "SocketImpl"], "interface_list": [""], "Vars": null, "class_inherit_list": [], "package_name": "java.net", "class_key": null, "Methods": [], "class_description": "Interface of methods to get/set socket options.  This interface is\n implemented by: SocketImpl and  DatagramSocketImpl.\n Subclasses of these should override the methods\n of this interface in order to support their own options. The methods and constants which specify options in this interface are\n for implementation only.  If you're not subclassing SocketImpl or\n DatagramSocketImpl, you won't use these directly. There are\n type-safe methods to get/set each of these options in Socket, ServerSocket,\n DatagramSocket and MulticastSocket.  ", "class_name": "SocketOptions"}