{"subclass_list": [], "interface_list": ["SocketOptions"], "Vars": null, "class_inherit_list": ["Object"], "package_name": "java.net", "class_key": null, "Methods": [{"method_description": "\n", "method_name": "init", "is_static": false, "params": [], "class_name": "SocketImpl", "return_value": {"return_description": [], "return_name": "", "return_type": []}}, {"method_description": "Returns the address and port of this socket as a String.\n", "method_name": "toString", "is_static": false, "params": [], "class_name": "SocketImpl", "return_value": {"return_description": ["a string representation of this socket."], "return_name": [], "return_type": ["String"]}}], "class_description": "The abstract class SocketImpl is a common superclass\n of all classes that actually implement sockets. It is used to\n create both client and server sockets. A \"plain\" socket implements these methods exactly as\n described, without attempting to go through a firewall or proxy. ", "class_name": "SocketImpl"}