{"subclass_list": ["BindException", "ConnectException", "NoRouteToHostException", "PortUnreachableException", "BindException", "ConnectException", "NoRouteToHostException", "PortUnreachableException"], "interface_list": [""], "Vars": null, "class_inherit_list": ["IOException"], "package_name": "java.net", "class_key": null, "Methods": [{"method_description": "Constructs a new SocketException with the\n specified detail message.\n", "method_name": "init", "is_static": false, "params": [{"param_type": "String", "param_name": ["msg"], "param_description": " the detail message.\n"}], "class_name": "SocketException", "return_value": {"return_description": [], "return_name": "", "return_type": []}}, {"method_description": "Constructs a new SocketException with no detail message.\n\n", "method_name": "init", "is_static": false, "params": [], "class_name": "SocketException", "return_value": {"return_description": [], "return_name": "", "return_type": []}}], "class_description": "Thrown to indicate that there is an error creating or accessing a Socket. ", "class_name": "SocketException"}