{"subclass_list": [], "interface_list": ["Serializable"], "Vars": null, "class_inherit_list": ["Permission"], "package_name": "java.net", "class_key": null, "Methods": [{"method_description": "\n", "method_name": "init", "is_static": false, "params": [{"param_type": "String", "param_name": ["host"], "param_description": "\nString "}, {"param_type": "String", "param_name": ["action"], "param_description": "\nString "}], "class_name": "SocketPermission", "return_value": {"return_description": [], "return_name": "", "return_type": []}}, {"method_description": "\n", "method_name": "getActions", "is_static": false, "params": [], "class_name": "SocketPermission", "return_value": {"return_description": [""], "return_name": [], "return_type": ["String"]}}, {"method_description": "\n", "method_name": "implies", "is_static": false, "params": [{"param_type": "Permission", "param_name": ["p"], "param_description": "\nPermission "}], "class_name": "SocketPermission", "return_value": {"return_description": [""], "return_name": [], "return_type": ["boolean"]}}], "class_description": "Legacy security code; do not use. ", "class_name": "SocketPermission"}