{"subclass_list": [], "interface_list": [""], "Vars": null, "class_inherit_list": ["IOException"], "package_name": "java.net", "class_key": null, "Methods": [{"method_description": "Constructs a new UnknownServiceException with no\n detail message.\n\n", "method_name": "init", "is_static": false, "params": [], "class_name": "UnknownServiceException", "return_value": {"return_description": [], "return_name": "", "return_type": []}}, {"method_description": "Constructs a new UnknownServiceException with the\n specified detail message.\n", "method_name": "init", "is_static": false, "params": [{"param_type": "String", "param_name": ["msg"], "param_description": " the detail message.\n"}], "class_name": "UnknownServiceException", "return_value": {"return_description": [], "return_name": "", "return_type": []}}], "class_description": "Thrown to indicate that an unknown service exception has\n occurred. Either the MIME type returned by a URL connection does\n not make sense, or the application is attempting to write to a\n read-only URL connection. ", "class_name": "UnknownServiceException"}