{"subclass_list": [], "interface_list": ["Comparable<URI>", "Serializable"], "Vars": null, "class_inherit_list": ["Object"], "package_name": "java.net", "class_key": null, "Methods": [{"method_description": "Constructs a URI by parsing the given string.\n\n \n This constructor parses the given string exactly as specified by the\n grammar in RFC\u00a02396,\n Appendix\u00a0A, except for the following deviations: \n An empty authority component is permitted as long as it is\n   followed by a non-empty path, a query component, or a fragment\n   component.  This allows the parsing of URIs such as\n   \"file:///foo/bar\", which seems to be the intent of\n   RFC\u00a02396 although the grammar does not permit it.  If the\n   authority component is empty then the user-information, host, and port\n   components are undefined. \n Empty relative paths are permitted; this seems to be the\n   intent of RFC\u00a02396 although the grammar does not permit it.  The\n   primary consequence of this deviation is that a standalone fragment\n   such as \"#foo\" parses as a relative URI with an empty path\n   and the given fragment, and can be usefully resolved against a base URI.\n\n   \n IPv4 addresses in host components are parsed rigorously, as\n   specified by RFC\u00a02732: Each\n   element of a dotted-quad address must contain no more than three\n   decimal digits.  Each element is further constrained to have a value\n   no greater than 255. \n Hostnames in host components that comprise only a single\n   domain label are permitted to start with an alphanum\n   character. This seems to be the intent of RFC\u00a02396\n   section\u00a03.2.2 although the grammar does not permit it. The\n   consequence of this deviation is that the authority component of a\n   hierarchical URI such as s://123, will parse as a server-based\n   authority. \n IPv6 addresses are permitted for the host component.  An IPv6\n   address must be enclosed in square brackets ('[' and\n   ']') as specified by RFC\u00a02732.  The\n   IPv6 address itself must parse according to RFC\u00a02373.  IPv6\n   addresses are further constrained to describe no more than sixteen\n   bytes of address information, a constraint implicit in RFC\u00a02373\n   but not expressible in the grammar. \n Characters in the other category are permitted wherever\n   RFC\u00a02396 permits escaped octets, that is, in the\n   user-information, path, query, and fragment components, as well as in\n   the authority component if the authority is registry-based.  This\n   allows URIs to contain Unicode characters beyond those in the US-ASCII\n   character set. \n", "method_name": "init", "is_static": false, "params": [{"param_type": "String", "param_name": ["str"], "param_description": " The string to be parsed into a URI"}], "class_name": "URI", "return_value": {"return_description": [], "return_name": "", "return_type": []}}, {"method_description": "Constructs a hierarchical URI from the given components.\n\n \n If a scheme is given then the path, if also given, must either be\n empty or begin with a slash character ('/').  Otherwise a\n component of the new URI may be left undefined by passing null\n for the corresponding parameter or, in the case of the port\n parameter, by passing -1.\n\n \n This constructor first builds a URI string from the given components\n according to the rules specified in RFC\u00a02396,\n section\u00a05.2, step\u00a07: \n Initially, the result string is empty. \n If a scheme is given then it is appended to the result,\n   followed by a colon character (':').  \n If user information, a host, or a port are given then the\n   string \"//\" is appended.  \n If user information is given then it is appended, followed by\n   a commercial-at character ('@').  Any character not in the\n   unreserved, punct, escaped, or other\n   categories is quoted.  \n If a host is given then it is appended.  If the host is a\n   literal IPv6 address but is not enclosed in square brackets\n   ('[' and ']') then the square brackets are added.\n   \n If a port number is given then a colon character\n   (':') is appended, followed by the port number in decimal.\n   \n If a path is given then it is appended.  Any character not in\n   the unreserved, punct, escaped, or other\n   categories, and not equal to the slash character ('/') or the\n   commercial-at character ('@'), is quoted.  \n If a query is given then a question-mark character\n   ('?') is appended, followed by the query.  Any character that\n   is not a legal URI character is quoted.\n   \n Finally, if a fragment is given then a hash character\n   ('#') is appended, followed by the fragment.  Any character\n   that is not a legal URI character is quoted.  \n The resulting URI string is then parsed as if by invoking the URI(String) constructor and then invoking the parseServerAuthority() method upon the result; this may cause a URISyntaxException to be thrown.  \n", "method_name": "init", "is_static": false, "params": [{"param_type": "String", "param_name": ["scheme"], "param_description": " Scheme name"}, {"param_type": "String", "param_name": ["userInfo"], "param_description": " User name and authorization information"}, {"param_type": "String", "param_name": ["host"], "param_description": " Host name"}, {"param_type": "int", "param_name": ["port"], "param_description": " Port number"}, {"param_type": "String", "param_name": ["path"], "param_description": " Path"}, {"param_type": "String", "param_name": ["query"], "param_description": " Query"}, {"param_type": "String", "param_name": ["fragment"], "param_description": " Fragment"}], "class_name": "URI", "return_value": {"return_description": [], "return_name": "", "return_type": []}}, {"method_description": "Constructs a hierarchical URI from the given components.\n\n \n If a scheme is given then the path, if also given, must either be\n empty or begin with a slash character ('/').  Otherwise a\n component of the new URI may be left undefined by passing null\n for the corresponding parameter.\n\n \n This constructor first builds a URI string from the given components\n according to the rules specified in RFC\u00a02396,\n section\u00a05.2, step\u00a07: \n Initially, the result string is empty.  \n If a scheme is given then it is appended to the result,\n   followed by a colon character (':').  \n If an authority is given then the string \"//\" is\n   appended, followed by the authority.  If the authority contains a\n   literal IPv6 address then the address must be enclosed in square\n   brackets ('[' and ']').  Any character not in the\n   unreserved, punct, escaped, or other\n   categories, and not equal to the commercial-at character\n   ('@'), is quoted.  \n If a path is given then it is appended.  Any character not in\n   the unreserved, punct, escaped, or other\n   categories, and not equal to the slash character ('/') or the\n   commercial-at character ('@'), is quoted.  \n If a query is given then a question-mark character\n   ('?') is appended, followed by the query.  Any character that\n   is not a legal URI character is quoted.\n   \n Finally, if a fragment is given then a hash character\n   ('#') is appended, followed by the fragment.  Any character\n   that is not a legal URI character is quoted.  \n The resulting URI string is then parsed as if by invoking the URI(String) constructor and then invoking the parseServerAuthority() method upon the result; this may cause a URISyntaxException to be thrown.  \n", "method_name": "init", "is_static": false, "params": [{"param_type": "String", "param_name": ["scheme"], "param_description": " Scheme name"}, {"param_type": "String", "param_name": ["authority"], "param_description": " Authority"}, {"param_type": "String", "param_name": ["path"], "param_description": " Path"}, {"param_type": "String", "param_name": ["query"], "param_description": " Query"}, {"param_type": "String", "param_name": ["fragment"], "param_description": " Fragment"}], "class_name": "URI", "return_value": {"return_description": [], "return_name": "", "return_type": []}}, {"method_description": "Constructs a hierarchical URI from the given components.\n\n \n A component may be left undefined by passing null.\n\n \n This convenience constructor works as if by invoking the\n seven-argument constructor as follows:\n\n \n", "method_name": "init", "is_static": false, "params": [{"param_type": "String", "param_name": ["scheme"], "param_description": " Scheme name"}, {"param_type": "String", "param_name": ["host"], "param_description": " Host name"}, {"param_type": "String", "param_name": ["path"], "param_description": " Path"}, {"param_type": "String", "param_name": ["fragment"], "param_description": " Fragment"}], "class_name": "URI", "return_value": {"return_description": [], "return_name": "", "return_type": []}}, {"method_description": "Constructs a URI from the given components.\n\n \n A component may be left undefined by passing null.\n\n \n This constructor first builds a URI in string form using the given\n components as follows:  \n Initially, the result string is empty.  \n If a scheme is given then it is appended to the result,\n   followed by a colon character (':').  \n If a scheme-specific part is given then it is appended.  Any\n   character that is not a legal URI character\n   is quoted.  \n Finally, if a fragment is given then a hash character\n   ('#') is appended to the string, followed by the fragment.\n   Any character that is not a legal URI character is quoted.  \n The resulting URI string is then parsed in order to create the new\n URI instance as if by invoking the URI(String) constructor;\n this may cause a URISyntaxException to be thrown.  \n", "method_name": "init", "is_static": false, "params": [{"param_type": "String", "param_name": ["scheme"], "param_description": " Scheme name"}, {"param_type": "String", "param_name": ["ssp"], "param_description": " Scheme-specific part"}, {"param_type": "String", "param_name": ["fragment"], "param_description": " Fragment"}], "class_name": "URI", "return_value": {"return_description": [], "return_name": "", "return_type": []}}, {"method_description": "Compares this URI to another object, which must be a URI.\n\n \n When comparing corresponding components of two URIs, if one\n component is undefined but the other is defined then the first is\n considered to be less than the second.  Unless otherwise noted, string\n components are ordered according to their natural, case-sensitive\n ordering as defined by the String.compareTo method.  String components that are subject to\n encoding are compared by comparing their raw forms rather than their\n encoded forms.\n\n \n The ordering of URIs is defined as follows: \n Two URIs with different schemes are ordered according the\n   ordering of their schemes, without regard to case. \n A hierarchical URI is considered to be less than an opaque URI\n   with an identical scheme. \n Two opaque URIs with identical schemes are ordered according\n   to the ordering of their scheme-specific parts. \n Two opaque URIs with identical schemes and scheme-specific\n   parts are ordered according to the ordering of their\n   fragments. \n Two hierarchical URIs with identical schemes are ordered\n   according to the ordering of their authority components: \n If both authority components are server-based then the URIs\n     are ordered according to their user-information components; if these\n     components are identical then the URIs are ordered according to the\n     ordering of their hosts, without regard to case; if the hosts are\n     identical then the URIs are ordered according to the ordering of\n     their ports. \n If one or both authority components are registry-based then\n     the URIs are ordered according to the ordering of their authority\n     components. \n Finally, two hierarchical URIs with identical schemes and\n   authority components are ordered according to the ordering of their\n   paths; if their paths are identical then they are ordered according to\n   the ordering of their queries; if the queries are identical then they\n   are ordered according to the order of their fragments. \n This method satisfies the general contract of the Comparable.compareTo\n method. \n", "method_name": "compareTo", "is_static": false, "params": [{"param_type": "URI", "param_name": ["that"], "param_description": " The object to which this URI is to be compared"}], "class_name": "URI", "return_value": {"return_description": ["A negative integer, zero, or a positive integer as this URI is\n          less than, equal to, or greater than the given URI"], "return_name": [], "return_type": ["int"]}}, {"method_description": "Creates a URI by parsing the given string.\n\n \n This convenience factory method works as if by invoking the URI(String) constructor; any URISyntaxException thrown by the\n constructor is caught and wrapped in a new IllegalArgumentException object, which is then thrown.\n\n \n This method is provided for use in situations where it is known that\n the given string is a legal URI, for example for URI constants declared\n within in a program, and so it would be considered a programming error\n for the string not to parse as such.  The constructors, which throw\n URISyntaxException directly, should be used situations where a\n URI is being constructed from user input or from some other source that\n may be prone to errors.  \n", "method_name": "create", "is_static": true, "params": [{"param_type": "String", "param_name": ["str"], "param_description": " The string to be parsed into a URI"}], "class_name": "URI", "return_value": {"return_description": ["The new URI"], "return_name": [], "return_type": ["URI"]}}, {"method_description": "Tests this URI for equality with another object.\n\n \n If the given object is not a URI then this method immediately\n returns false.\n\n \n For two URIs to be considered equal requires that either both are\n opaque or both are hierarchical.  Their schemes must either both be\n undefined or else be equal without regard to case. Their fragments\n must either both be undefined or else be equal.\n\n \n For two opaque URIs to be considered equal, their scheme-specific\n parts must be equal.\n\n \n For two hierarchical URIs to be considered equal, their paths must\n be equal and their queries must either both be undefined or else be\n equal.  Their authorities must either both be undefined, or both be\n registry-based, or both be server-based.  If their authorities are\n defined and are registry-based, then they must be equal.  If their\n authorities are defined and are server-based, then their hosts must be\n equal without regard to case, their port numbers must be equal, and\n their user-information components must be equal.\n\n \n When testing the user-information, path, query, fragment, authority,\n or scheme-specific parts of two URIs for equality, the raw forms rather\n than the encoded forms of these components are compared and the\n hexadecimal digits of escaped octets are compared without regard to\n case.\n\n \n This method satisfies the general contract of the Object.equals method. \n", "method_name": "equals", "is_static": false, "params": [{"param_type": "Object", "param_name": ["ob"], "param_description": " The object to which this object is to be compared"}], "class_name": "URI", "return_value": {"return_description": ["true if, and only if, the given object is a URI that\n          is identical to this URI"], "return_name": [], "return_type": ["boolean"]}}, {"method_description": "Returns the decoded authority component of this URI.\n\n \n The string returned by this method is equal to that returned by the\n getRawAuthority method except that all\n sequences of escaped octets are decoded.  \n", "method_name": "getAuthority", "is_static": false, "params": [], "class_name": "URI", "return_value": {"return_description": ["The decoded authority component of this URI,\n          or null if the authority is undefined"], "return_name": [], "return_type": ["String"]}}, {"method_description": "Returns the decoded fragment component of this URI.\n\n \n The string returned by this method is equal to that returned by the\n getRawFragment method except that all\n sequences of escaped octets are decoded.  \n", "method_name": "getFragment", "is_static": false, "params": [], "class_name": "URI", "return_value": {"return_description": ["The decoded fragment component of this URI,\n          or null if the fragment is undefined"], "return_name": [], "return_type": ["String"]}}, {"method_description": "Returns the host component of this URI.\n\n \n The host component of a URI, if defined, will have one of the\n following forms: \n A domain name consisting of one or more labels\n   separated by period characters ('.'), optionally followed by\n   a period character.  Each label consists of alphanum characters\n   as well as hyphen characters ('-'), though hyphens never\n   occur as the first or last characters in a label. The rightmost\n   label of a domain name consisting of two or more labels, begins\n   with an alpha character. \n A dotted-quad IPv4 address of the form\n   digit+.digit+.digit+.digit+,\n   where no digit sequence is longer than three characters and no\n   sequence has a value larger than 255. \n An IPv6 address enclosed in square brackets ('[' and\n   ']') and consisting of hexadecimal digits, colon characters\n   (':'), and possibly an embedded IPv4 address.  The full\n   syntax of IPv6 addresses is specified in RFC\u00a02373: IPv6\n   Addressing Architecture.  \n", "method_name": "getHost", "is_static": false, "params": [], "class_name": "URI", "return_value": {"return_description": ["The host component of this URI,\n          or null if the host is undefined"], "return_name": [], "return_type": ["String"]}}, {"method_description": "Returns the decoded path component of this URI.\n\n \n The string returned by this method is equal to that returned by the\n getRawPath method except that all sequences of\n escaped octets are decoded.  \n", "method_name": "getPath", "is_static": false, "params": [], "class_name": "URI", "return_value": {"return_description": ["The decoded path component of this URI,\n          or null if the path is undefined"], "return_name": [], "return_type": ["String"]}}, {"method_description": "Returns the port number of this URI.\n\n \n The port component of a URI, if defined, is a non-negative\n integer. \n", "method_name": "getPort", "is_static": false, "params": [], "class_name": "URI", "return_value": {"return_description": ["The port component of this URI,\n          or -1 if the port is undefined"], "return_name": [], "return_type": ["int"]}}, {"method_description": "Returns the decoded query component of this URI.\n\n \n The string returned by this method is equal to that returned by the\n getRawQuery method except that all sequences of\n escaped octets are decoded.  \n", "method_name": "getQuery", "is_static": false, "params": [], "class_name": "URI", "return_value": {"return_description": ["The decoded query component of this URI,\n          or null if the query is undefined"], "return_name": [], "return_type": ["String"]}}, {"method_description": "Returns the raw authority component of this URI.\n\n \n The authority component of a URI, if defined, only contains the\n commercial-at character ('@') and characters in the\n unreserved, punct, escaped, and other\n categories.  If the authority is server-based then it is further\n constrained to have valid user-information, host, and port\n components. \n", "method_name": "getRawAuthority", "is_static": false, "params": [], "class_name": "URI", "return_value": {"return_description": ["The raw authority component of this URI,\n          or null if the authority is undefined"], "return_name": [], "return_type": ["String"]}}, {"method_description": "Returns the raw fragment component of this URI.\n\n \n The fragment component of a URI, if defined, only contains legal URI\n characters. \n", "method_name": "getRawFragment", "is_static": false, "params": [], "class_name": "URI", "return_value": {"return_description": ["The raw fragment component of this URI,\n          or null if the fragment is undefined"], "return_name": [], "return_type": ["String"]}}, {"method_description": "Returns the raw path component of this URI.\n\n \n The path component of a URI, if defined, only contains the slash\n character ('/'), the commercial-at character ('@'),\n and characters in the unreserved, punct, escaped,\n and other categories. \n", "method_name": "getRawPath", "is_static": false, "params": [], "class_name": "URI", "return_value": {"return_description": ["The path component of this URI,\n          or null if the path is undefined"], "return_name": [], "return_type": ["String"]}}, {"method_description": "Returns the raw query component of this URI.\n\n \n The query component of a URI, if defined, only contains legal URI\n characters. \n", "method_name": "getRawQuery", "is_static": false, "params": [], "class_name": "URI", "return_value": {"return_description": ["The raw query component of this URI,\n          or null if the query is undefined"], "return_name": [], "return_type": ["String"]}}, {"method_description": "Returns the raw scheme-specific part of this URI.  The scheme-specific\n part is never undefined, though it may be empty.\n\n \n The scheme-specific part of a URI only contains legal URI\n characters. \n", "method_name": "getRawSchemeSpecificPart", "is_static": false, "params": [], "class_name": "URI", "return_value": {"return_description": ["The raw scheme-specific part of this URI\n          (never null)"], "return_name": [], "return_type": ["String"]}}, {"method_description": "Returns the raw user-information component of this URI.\n\n \n The user-information component of a URI, if defined, only contains\n characters in the unreserved, punct, escaped, and\n other categories. \n", "method_name": "getRawUserInfo", "is_static": false, "params": [], "class_name": "URI", "return_value": {"return_description": ["The raw user-information component of this URI,\n          or null if the user information is undefined"], "return_name": [], "return_type": ["String"]}}, {"method_description": "Returns the scheme component of this URI.\n\n \n The scheme component of a URI, if defined, only contains characters\n in the alphanum category and in the string \"-.+\".  A\n scheme always starts with an alpha character. \n\n\n The scheme component of a URI cannot contain escaped octets, hence this\n method does not perform any decoding.\n", "method_name": "getScheme", "is_static": false, "params": [], "class_name": "URI", "return_value": {"return_description": ["The scheme component of this URI,\n          or null if the scheme is undefined"], "return_name": [], "return_type": ["String"]}}, {"method_description": "Returns the decoded scheme-specific part of this URI.\n\n \n The string returned by this method is equal to that returned by the\n getRawSchemeSpecificPart method\n except that all sequences of escaped octets are decoded.  \n", "method_name": "getSchemeSpecificPart", "is_static": false, "params": [], "class_name": "URI", "return_value": {"return_description": ["The decoded scheme-specific part of this URI\n          (never null)"], "return_name": [], "return_type": ["String"]}}, {"method_description": "Returns the decoded user-information component of this URI.\n\n \n The string returned by this method is equal to that returned by the\n getRawUserInfo method except that all\n sequences of escaped octets are decoded.  \n", "method_name": "getUserInfo", "is_static": false, "params": [], "class_name": "URI", "return_value": {"return_description": ["The decoded user-information component of this URI,\n          or null if the user information is undefined"], "return_name": [], "return_type": ["String"]}}, {"method_description": "Returns a hash-code value for this URI.  The hash code is based upon all\n of the URI's components, and satisfies the general contract of the\n Object.hashCode method.\n", "method_name": "hashCode", "is_static": false, "params": [], "class_name": "URI", "return_value": {"return_description": ["A hash-code value for this URI"], "return_name": [], "return_type": ["int"]}}, {"method_description": "Tells whether or not this URI is absolute.\n\n \n A URI is absolute if, and only if, it has a scheme component. \n", "method_name": "isAbsolute", "is_static": false, "params": [], "class_name": "URI", "return_value": {"return_description": ["true if, and only if, this URI is absolute"], "return_name": [], "return_type": ["boolean"]}}, {"method_description": "Tells whether or not this URI is opaque.\n\n \n A URI is opaque if, and only if, it is absolute and its\n scheme-specific part does not begin with a slash character ('/').\n An opaque URI has a scheme, a scheme-specific part, and possibly\n a fragment; all other components are undefined. \n", "method_name": "isOpaque", "is_static": false, "params": [], "class_name": "URI", "return_value": {"return_description": ["true if, and only if, this URI is opaque"], "return_name": [], "return_type": ["boolean"]}}, {"method_description": "Normalizes this URI's path.\n\n \n If this URI is opaque, or if its path is already in normal form,\n then this URI is returned.  Otherwise a new URI is constructed that is\n identical to this URI except that its path is computed by normalizing\n this URI's path in a manner consistent with RFC\u00a02396,\n section\u00a05.2, step\u00a06, sub-steps\u00a0c through\u00a0f; that is:\n \n All \".\" segments are removed. \n If a \"..\" segment is preceded by a non-\"..\"\n   segment then both of these segments are removed.  This step is\n   repeated until it is no longer applicable. \n If the path is relative, and if its first segment contains a\n   colon character (':'), then a \".\" segment is\n   prepended.  This prevents a relative URI with a path such as\n   \"a:b/c/d\" from later being re-parsed as an opaque URI with a\n   scheme of \"a\" and a scheme-specific part of \"b/c/d\".\n   (Deviation from RFC\u00a02396) \n A normalized path will begin with one or more \"..\" segments\n if there were insufficient non-\"..\" segments preceding them to\n allow their removal.  A normalized path will begin with a \".\"\n segment if one was inserted by step 3 above.  Otherwise, a normalized\n path will not contain any \".\" or \"..\" segments. \n", "method_name": "normalize", "is_static": false, "params": [], "class_name": "URI", "return_value": {"return_description": ["A URI equivalent to this URI,\n          but whose path is in normal form"], "return_name": [], "return_type": ["URI"]}}, {"method_description": "Attempts to parse this URI's authority component, if defined, into\n user-information, host, and port components.\n\n \n If this URI's authority component has already been recognized as\n being server-based then it will already have been parsed into\n user-information, host, and port components.  In this case, or if this\n URI has no authority component, this method simply returns this URI.\n\n \n Otherwise this method attempts once more to parse the authority\n component into user-information, host, and port components, and throws\n an exception describing why the authority component could not be parsed\n in that way.\n\n \n This method is provided because the generic URI syntax specified in\n RFC\u00a02396\n cannot always distinguish a malformed server-based authority from a\n legitimate registry-based authority.  It must therefore treat some\n instances of the former as instances of the latter.  The authority\n component in the URI string \"//foo:bar\", for example, is not a\n legal server-based authority but it is legal as a registry-based\n authority.\n\n \n In many common situations, for example when working URIs that are\n known to be either URNs or URLs, the hierarchical URIs being used will\n always be server-based.  They therefore must either be parsed as such or\n treated as an error.  In these cases a statement such as\n\n \n can be used to ensure that u always refers to a URI that, if\n it has an authority component, has a server-based authority with proper\n user-information, host, and port components.  Invoking this method also\n ensures that if the authority could not be parsed in that way then an\n appropriate diagnostic message can be issued based upon the exception\n that is thrown. \n", "method_name": "parseServerAuthority", "is_static": false, "params": [], "class_name": "URI", "return_value": {"return_description": ["A URI whose authority field has been parsed\n          as a server-based authority"], "return_name": [], "return_type": ["URI"]}}, {"method_description": "Relativizes the given URI against this URI.\n\n \n The relativization of the given URI against this URI is computed as\n follows: \n If either this URI or the given URI are opaque, or if the\n   scheme and authority components of the two URIs are not identical, or\n   if the path of this URI is not a prefix of the path of the given URI,\n   then the given URI is returned. \n Otherwise a new relative hierarchical URI is constructed with\n   query and fragment components taken from the given URI and with a path\n   component computed by removing this URI's path from the beginning of\n   the given URI's path. \n", "method_name": "relativize", "is_static": false, "params": [{"param_type": "URI", "param_name": ["uri"], "param_description": " The URI to be relativized against this URI"}], "class_name": "URI", "return_value": {"return_description": ["The resulting URI"], "return_name": [], "return_type": ["URI"]}}, {"method_description": "Resolves the given URI against this URI.\n\n \n If the given URI is already absolute, or if this URI is opaque, then\n the given URI is returned.\n\n \n If the given URI's fragment component is\n defined, its path component is empty, and its scheme, authority, and\n query components are undefined, then a URI with the given fragment but\n with all other components equal to those of this URI is returned.  This\n allows a URI representing a standalone fragment reference, such as\n \"#foo\", to be usefully resolved against a base URI.\n\n \n Otherwise this method constructs a new hierarchical URI in a manner\n consistent with RFC\u00a02396,\n section\u00a05.2; that is: \n A new URI is constructed with this URI's scheme and the given\n   URI's query and fragment components. \n If the given URI has an authority component then the new URI's\n   authority and path are taken from the given URI. \n Otherwise the new URI's authority component is copied from\n   this URI, and its path is computed as follows: \n If the given URI's path is absolute then the new URI's path\n     is taken from the given URI. \n Otherwise the given URI's path is relative, and so the new\n     URI's path is computed by resolving the path of the given URI\n     against the path of this URI.  This is done by concatenating all but\n     the last segment of this URI's path, if any, with the given URI's\n     path and then normalizing the result as if by invoking the normalize method. \n The result of this method is absolute if, and only if, either this\n URI is absolute or the given URI is absolute.  \n", "method_name": "resolve", "is_static": false, "params": [{"param_type": "URI", "param_name": ["uri"], "param_description": " The URI to be resolved against this URI"}], "class_name": "URI", "return_value": {"return_description": ["The resulting URI"], "return_name": [], "return_type": ["URI"]}}, {"method_description": "Constructs a new URI by parsing the given string and then resolving it\n against this URI.\n\n \n This convenience method works as if invoking it were equivalent to\n evaluating the expression resolve(URI.create(str)). \n", "method_name": "resolve", "is_static": false, "params": [{"param_type": "String", "param_name": ["str"], "param_description": " The string to be parsed into a URI"}], "class_name": "URI", "return_value": {"return_description": ["The resulting URI"], "return_name": [], "return_type": ["URI"]}}, {"method_description": "Returns the content of this URI as a US-ASCII string.\n\n \n If this URI does not contain any characters in the other\n category then an invocation of this method will return the same value as\n an invocation of the toString method.  Otherwise\n this method works as if by invoking that method and then encoding the result.  \n", "method_name": "toASCIIString", "is_static": false, "params": [], "class_name": "URI", "return_value": {"return_description": ["The string form of this URI, encoded as needed\n          so that it only contains characters in the US-ASCII\n          charset"], "return_name": [], "return_type": ["String"]}}, {"method_description": "Returns the content of this URI as a string.\n\n \n If this URI was created by invoking one of the constructors in this\n class then a string equivalent to the original input string, or to the\n string computed from the originally-given components, as appropriate, is\n returned.  Otherwise this URI was created by normalization, resolution,\n or relativization, and so a string is constructed from this URI's\n components according to the rules specified in RFC\u00a02396,\n section\u00a05.2, step\u00a07. \n", "method_name": "toString", "is_static": false, "params": [], "class_name": "URI", "return_value": {"return_description": ["The string form of this URI"], "return_name": [], "return_type": ["String"]}}, {"method_description": "Constructs a URL from this URI.\n\n \n This convenience method works as if invoking it were equivalent to\n evaluating the expression new URL(this.toString()) after\n first checking that this URI is absolute. \n", "method_name": "toURL", "is_static": false, "params": [], "class_name": "URI", "return_value": {"return_description": ["A URL constructed from this URI"], "return_name": [], "return_type": ["URL"]}}], "class_description": "Represents a Uniform Resource Identifier (URI) reference. Aside from some minor deviations noted below, an instance of this\n class represents a URI reference as defined by\n RFC\u00a02396: Uniform\n Resource Identifiers (URI): Generic Syntax, amended by RFC\u00a02732: Format for\n Literal IPv6 Addresses in URLs. The Literal IPv6 address format\n also supports scope_ids. The syntax and usage of scope_ids is described\n here.\n This class provides constructors for creating URI instances from\n their components or by parsing their string forms, methods for accessing the\n various components of an instance, and methods for normalizing, resolving,\n and relativizing URI instances.  Instances of this class are immutable. An absolute URI specifies a scheme; a URI that is not absolute is\n said to be relative.  URIs are also classified according to whether\n they are opaque or hierarchical. An opaque URI is an absolute URI whose scheme-specific part does\n not begin with a slash character ('/').  Opaque URIs are not\n subject to further parsing.  Some examples of opaque URIs are: A hierarchical URI is either an absolute URI whose\n scheme-specific part begins with a slash character, or a relative URI, that\n is, a URI that does not specify a scheme.  Some examples of hierarchical\n URIs are: A hierarchical URI is subject to further parsing according to the syntax The authority component of a hierarchical URI is, if specified, either\n server-based or registry-based.  A server-based authority\n parses according to the familiar syntax The path component of a hierarchical URI is itself said to be absolute\n if it begins with a slash character ('/'); otherwise it is\n relative.  The path of a hierarchical URI that is either absolute or\n specifies an authority is always absolute. All told, then, a URI instance has the following nine components: Whether a particular component is or is not defined in an instance\n depends upon the type of the URI being represented.  An absolute URI has a\n scheme component.  An opaque URI has a scheme, a scheme-specific part, and\n possibly a fragment, but has no other components.  A hierarchical URI always\n has a path (though it may be empty) and a scheme-specific-part (which at\n least contains the path), and may have any of the other components.  If the\n authority component is present and is server-based then the host component\n will be defined and the user-information and port components may be defined. Normalization is the process of removing unnecessary \".\"\n and \"..\" segments from the path component of a hierarchical URI.\n Each \".\" segment is simply removed.  A \"..\" segment is\n removed only if it is preceded by a non-\"..\" segment.\n Normalization has no effect upon opaque URIs. Resolution is the process of resolving one URI against another,\n base URI.  The resulting URI is constructed from components of both\n URIs in the manner specified by RFC\u00a02396, taking components from the\n base URI for those not specified in the original.  For hierarchical URIs,\n the path of the original is resolved against the path of the base and then\n normalized.  The result, for example, of resolving Relativization, finally, is the inverse of resolution: For any\n two normalized URIs u and\u00a0v, The set of all legal URI characters consists of\n the unreserved, reserved, escaped, and other\n characters. The conceptual distinction between URIs and URLs is reflected in the\n differences between this class and the URL class. An instance of this class represents a URI reference in the syntactic\n sense defined by RFC\u00a02396.  A URI may be either absolute or relative.\n A URI string is parsed according to the generic syntax without regard to the\n scheme, if any, that it specifies.  No lookup of the host, if any, is\n performed, and no scheme-dependent stream handler is constructed.  Equality,\n hashing, and comparison are defined strictly in terms of the character\n content of the instance.  In other words, a URI instance is little more than\n a structured string that supports the syntactic, scheme-independent\n operations of comparison, normalization, resolution, and relativization. An instance of the URL class, by contrast, represents the\n syntactic components of a URL together with some of the information required\n to access the resource that it describes.  A URL must be absolute, that is,\n it must always specify a scheme.  A URL string is parsed according to its\n scheme.  A stream handler is always established for a URL, and in fact it is\n impossible to create a URL instance for a scheme for which no handler is\n available.  Equality and hashing depend upon both the scheme and the\n Internet address of the host, if any; comparison is not defined.  In other\n words, a URL is a structured string that supports the syntactic operation of\n resolution as well as the network I/O operations of looking up the host and\n opening a connection to the specified resource. ", "class_name": "URI"}