{"subclass_list": [], "interface_list": [""], "Vars": null, "class_inherit_list": ["Exception"], "package_name": "java.net", "class_key": null, "Methods": [{"method_description": "Constructs an instance from the given input string, reason, and error\n index.\n", "method_name": "init", "is_static": false, "params": [{"param_type": "String", "param_name": ["input"], "param_description": " The input string"}, {"param_type": "String", "param_name": ["reason"], "param_description": " A string explaining why the input could not be parsed"}, {"param_type": "int", "param_name": ["index"], "param_description": " The index at which the parse error occurred,\n                 or -1 if the index is not known"}], "class_name": "URISyntaxException", "return_value": {"return_description": [], "return_name": "", "return_type": []}}, {"method_description": "Constructs an instance from the given input string and reason.  The\n resulting object will have an error index of -1.\n", "method_name": "init", "is_static": false, "params": [{"param_type": "String", "param_name": ["input"], "param_description": " The input string"}, {"param_type": "String", "param_name": ["reason"], "param_description": " A string explaining why the input could not be parsed"}], "class_name": "URISyntaxException", "return_value": {"return_description": [], "return_name": "", "return_type": []}}, {"method_description": "Returns an index into the input string of the position at which the\n parse error occurred, or -1 if this position is not known.\n", "method_name": "getIndex", "is_static": false, "params": [], "class_name": "URISyntaxException", "return_value": {"return_description": ["The error index"], "return_name": [], "return_type": ["int"]}}, {"method_description": "Returns the input string.\n", "method_name": "getInput", "is_static": false, "params": [], "class_name": "URISyntaxException", "return_value": {"return_description": ["The input string"], "return_name": [], "return_type": ["String"]}}, {"method_description": "Returns a string describing the parse error.  The resulting string\n consists of the reason string followed by a colon character\n (':'), a space, and the input string.  If the error index is\n defined then the string \" at index \" followed by the index, in\n decimal, is inserted after the reason string and before the colon\n character.\n", "method_name": "getMessage", "is_static": false, "params": [], "class_name": "URISyntaxException", "return_value": {"return_description": ["A string describing the parse error"], "return_name": [], "return_type": ["String"]}}, {"method_description": "Returns a string explaining why the input string could not be parsed.\n", "method_name": "getReason", "is_static": false, "params": [], "class_name": "URISyntaxException", "return_value": {"return_description": ["The reason string"], "return_name": [], "return_type": ["String"]}}], "class_description": "Checked exception thrown to indicate that a string could not be parsed as a\n URI reference. ", "class_name": "URISyntaxException"}