{"subclass_list": [], "interface_list": [""], "Vars": null, "class_inherit_list": ["Object"], "package_name": "java.net", "class_key": null, "Methods": [{"method_description": "\n", "method_name": "init", "is_static": false, "params": [], "class_name": "URLDecoder", "return_value": {"return_description": [], "return_name": "", "return_type": []}}, {"method_description": "\n\n\n      This method was deprecated\n      in API level 1.\n    The resulting string may vary depending on the platform's\n          default encoding. Instead, use the decode(String,String) method\n          to specify the encoding.\n  \nDecodes a x-www-form-urlencoded string.\n The platform's default encoding is used to determine what characters\n are represented by any consecutive sequences of the form\n \"%xy\".\n", "method_name": "decode", "is_static": true, "params": [{"param_type": "String", "param_name": ["s"], "param_description": " the String to decode"}], "class_name": "URLDecoder", "return_value": {"return_description": ["the newly decoded String"], "return_name": [], "return_type": ["String"]}}, {"method_description": "Decodes a application/x-www-form-urlencoded string using a specific\n encoding scheme.\n The supplied encoding is used to determine\n what characters are represented by any consecutive sequences of the\n form \"%xy\".\n \n\nNote: The \n World Wide Web Consortium Recommendation states that\n UTF-8 should be used. Not doing so may introduce\n incompatibilities.\nSee also:\n", "method_name": "decode", "is_static": true, "params": [{"param_type": "String", "param_name": ["s"], "param_description": " the String to decode"}, {"param_type": "String", "param_name": ["enc"], "param_description": " The name of a supported\n    character\n    encoding."}], "class_name": "URLDecoder", "return_value": {"return_description": ["the newly decoded String"], "return_name": [], "return_type": ["String"]}}], "class_description": "Utility class for HTML form decoding. This class contains static methods\n for decoding a String from the application/x-www-form-urlencoded\n MIME format. The conversion process is the reverse of that used by the URLEncoder class. It is assumed\n that all characters in the encoded string are one of the following:\n \"a\" through \"z\",\n \"A\" through \"Z\",\n \"0\" through \"9\", and\n \"-\", \"_\",\n \".\", and \"*\". The\n character \"%\" is allowed but is interpreted\n as the start of a special escaped sequence. The following rules are applied in the conversion: There are two possible ways in which this decoder could deal with\n illegal strings.  It could either leave illegal characters alone or\n it could throw an IllegalArgumentException.\n Which approach the decoder takes is left to the\n implementation. ", "class_name": "URLDecoder"}