{"subclass_list": [], "interface_list": [""], "Vars": null, "class_inherit_list": ["Object"], "package_name": "java.net", "class_key": null, "Methods": [{"method_description": "\n", "method_name": "init", "is_static": false, "params": [], "class_name": "URLStreamHandler", "return_value": {"return_description": [], "return_name": "", "return_type": []}}], "class_description": "The abstract class URLStreamHandler is the common\n superclass for all stream protocol handlers. A stream protocol\n handler knows how to make a connection for a particular protocol\n type, such as http or https. In most cases, an instance of a URLStreamHandler\n subclass is not created directly by an application. Rather, the\n first time a protocol name is encountered when constructing a\n URL, the appropriate stream protocol handler is\n automatically loaded. ", "class_name": "URLStreamHandler"}