{"subclass_list": [], "interface_list": [""], "Vars": null, "class_inherit_list": ["FilterOutputStream"], "package_name": "java.io", "class_key": null, "Methods": [{"method_description": "Creates a new buffered output stream to write data to the\n specified underlying output stream.\n", "method_name": "init", "is_static": false, "params": [{"param_type": "OutputStream", "param_name": ["out"], "param_description": " the underlying output stream.\n"}], "class_name": "BufferedOutputStream", "return_value": {"return_description": [], "return_name": "", "return_type": []}}, {"method_description": "Creates a new buffered output stream to write data to the\n specified underlying output stream with the specified buffer\n size.\n", "method_name": "init", "is_static": false, "params": [{"param_type": "OutputStream", "param_name": ["out"], "param_description": " the underlying output stream."}, {"param_type": "int", "param_name": ["size"], "param_description": " the buffer size."}], "class_name": "BufferedOutputStream", "return_value": {"return_description": [], "return_name": "", "return_type": []}}, {"method_description": "Flushes this buffered output stream. This forces any buffered\n output bytes to be written out to the underlying output stream.\nSee also:\n", "method_name": "flush", "is_static": false, "params": [], "class_name": "BufferedOutputStream", "return_value": {"return_description": [""], "return_name": [], "return_type": []}}, {"method_description": "Writes len bytes from the specified byte array\n starting at offset off to this buffered output stream.\n\n \n Ordinarily this method stores bytes from the given array into this\n stream's buffer, flushing the buffer to the underlying output stream as\n needed.  If the requested length is at least as large as this stream's\n buffer, however, then this method will flush the buffer and write the\n bytes directly to the underlying output stream.  Thus redundant\n BufferedOutputStreams will not copy data unnecessarily.\n", "method_name": "write", "is_static": false, "params": [{"param_type": "byte[]", "param_name": ["b"], "param_description": " the data."}, {"param_type": "int", "param_name": ["off"], "param_description": " the start offset in the data."}, {"param_type": "int", "param_name": ["len"], "param_description": " the number of bytes to write."}], "class_name": "BufferedOutputStream", "return_value": {"return_description": [""], "return_name": [], "return_type": []}}, {"method_description": "Writes the specified byte to this buffered output stream.\n", "method_name": "write", "is_static": false, "params": [{"param_type": "int", "param_name": ["b"], "param_description": " the byte to be written."}], "class_name": "BufferedOutputStream", "return_value": {"return_description": [""], "return_name": [], "return_type": []}}], "class_description": "The class implements a buffered output stream. By setting up such\n an output stream, an application can write bytes to the underlying\n output stream without necessarily causing a call to the underlying\n system for each byte written. ", "class_name": "BufferedOutputStream"}