{"subclass_list": [], "interface_list": [""], "Vars": null, "class_inherit_list": ["Writer"], "package_name": "java.io", "class_key": null, "Methods": [{"method_description": "Creates a new CharArrayWriter.\n\n", "method_name": "init", "is_static": false, "params": [], "class_name": "CharArrayWriter", "return_value": {"return_description": [], "return_name": "", "return_type": []}}, {"method_description": "Creates a new CharArrayWriter with the specified initial size.\n", "method_name": "init", "is_static": false, "params": [{"param_type": "int", "param_name": ["initialSize"], "param_description": " an int specifying the initial buffer size."}], "class_name": "CharArrayWriter", "return_value": {"return_description": [], "return_name": "", "return_type": []}}, {"method_description": "Appends the specified character to this writer.\n\n \n An invocation of this method of the form out.append(c)\n behaves in exactly the same way as the invocation\n\n \n", "method_name": "append", "is_static": false, "params": [{"param_type": "char", "param_name": ["c"], "param_description": " The 16-bit character to append"}], "class_name": "CharArrayWriter", "return_value": {"return_description": ["This writer"], "return_name": [], "return_type": ["CharArrayWriter"]}}, {"method_description": "Appends a subsequence of the specified character sequence to this writer.\n\n \n An invocation of this method of the form out.append(csq, start,\n end) when csq is not null, behaves in\n exactly the same way as the invocation\n\n \n", "method_name": "append", "is_static": false, "params": [{"param_type": "CharSequence", "param_name": ["csq"], "param_description": " The character sequence from which a subsequence will be\n         appended.  If csq is null, then characters\n         will be appended as if csq contained the four\n         characters \"null\"."}, {"param_type": "int", "param_name": ["start"], "param_description": " The index of the first character in the subsequence"}, {"param_type": "int", "param_name": ["end"], "param_description": " The index of the character following the last character in the\n         subsequence"}], "class_name": "CharArrayWriter", "return_value": {"return_description": ["This writer"], "return_name": [], "return_type": ["CharArrayWriter"]}}, {"method_description": "Appends the specified character sequence to this writer.\n\n \n An invocation of this method of the form out.append(csq)\n behaves in exactly the same way as the invocation\n\n \n Depending on the specification of toString for the\n character sequence csq, the entire sequence may not be\n appended. For instance, invoking the toString method of a\n character buffer will return a subsequence whose content depends upon\n the buffer's position and limit.\n", "method_name": "append", "is_static": false, "params": [{"param_type": "CharSequence", "param_name": ["csq"], "param_description": " The character sequence to append.  If csq is\n         null, then the four characters \"null\" are\n         appended to this writer."}], "class_name": "CharArrayWriter", "return_value": {"return_description": ["This writer"], "return_name": [], "return_type": ["CharArrayWriter"]}}, {"method_description": "Close the stream.  This method does not release the buffer, since its\n contents might still be required. Note: Invoking this method in this class\n will have no effect.\n\n", "method_name": "close", "is_static": false, "params": [], "class_name": "CharArrayWriter", "return_value": {"return_description": [""], "return_name": [], "return_type": []}}, {"method_description": "Flush the stream.\n\n", "method_name": "flush", "is_static": false, "params": [], "class_name": "CharArrayWriter", "return_value": {"return_description": [""], "return_name": [], "return_type": []}}, {"method_description": "Resets the buffer so that you can use it again without\n throwing away the already allocated buffer.\n\n", "method_name": "reset", "is_static": false, "params": [], "class_name": "CharArrayWriter", "return_value": {"return_description": [""], "return_name": [], "return_type": []}}, {"method_description": "Returns the current size of the buffer.\n", "method_name": "size", "is_static": false, "params": [], "class_name": "CharArrayWriter", "return_value": {"return_description": ["an int representing the current size of the buffer."], "return_name": [], "return_type": ["int"]}}, {"method_description": "Returns a copy of the input data.\n", "method_name": "toCharArray", "is_static": false, "params": [], "class_name": "CharArrayWriter", "return_value": {"return_description": ["an array of chars copied from the input data."], "return_name": [], "return_type": ["char[]"]}}, {"method_description": "Converts input data to a string.\n", "method_name": "toString", "is_static": false, "params": [], "class_name": "CharArrayWriter", "return_value": {"return_description": ["the string."], "return_name": [], "return_type": ["String"]}}, {"method_description": "Writes a character to the buffer.\n\n", "method_name": "write", "is_static": false, "params": [{"param_type": "int", "param_name": ["c"], "param_description": " int specifying a character to be written"}], "class_name": "CharArrayWriter", "return_value": {"return_description": [""], "return_name": [], "return_type": []}}, {"method_description": "Write a portion of a string to the buffer.\n", "method_name": "write", "is_static": false, "params": [{"param_type": "String", "param_name": ["str"], "param_description": " String to be written from"}, {"param_type": "int", "param_name": ["off"], "param_description": " Offset from which to start reading characters"}, {"param_type": "int", "param_name": ["len"], "param_description": " Number of characters to be written\n"}], "class_name": "CharArrayWriter", "return_value": {"return_description": [""], "return_name": [], "return_type": []}}, {"method_description": "Writes characters to the buffer.\n", "method_name": "write", "is_static": false, "params": [{"param_type": "char[]", "param_name": ["c"], "param_description": " the data to be written"}, {"param_type": "int", "param_name": ["off"], "param_description": " the start offset in the data"}, {"param_type": "int", "param_name": ["len"], "param_description": " the number of chars that are written\n"}], "class_name": "CharArrayWriter", "return_value": {"return_description": [""], "return_name": [], "return_type": []}}, {"method_description": "Writes the contents of the buffer to another character stream.\n", "method_name": "writeTo", "is_static": false, "params": [{"param_type": "Writer", "param_name": ["out"], "param_description": " the output stream to write to"}], "class_name": "CharArrayWriter", "return_value": {"return_description": [""], "return_name": [], "return_type": []}}], "class_description": "This class implements a character buffer that can be used as an Writer.\n The buffer automatically grows when data is written to the stream.  The data\n can be retrieved using toCharArray() and toString(). Note: Invoking close() on this class has no effect, and methods\n of this class can be called after the stream has closed\n without generating an IOException. ", "class_name": "CharArrayWriter"}