{"subclass_list": [], "interface_list": [""], "Vars": null, "class_inherit_list": ["IOException"], "package_name": "java.io", "class_key": null, "Methods": [{"method_description": "This provides no detailed message.\n\n", "method_name": "init", "is_static": false, "params": [], "class_name": "CharConversionException", "return_value": {"return_description": [], "return_name": "", "return_type": []}}, {"method_description": "This provides a detailed message.\n", "method_name": "init", "is_static": false, "params": [{"param_type": "String", "param_name": ["s"], "param_description": " the detailed message associated with the exception.\n"}], "class_name": "CharConversionException", "return_value": {"return_description": [], "return_name": "", "return_type": []}}], "class_description": "Base class for character conversion exceptions. ", "class_name": "CharConversionException"}