{"subclass_list": ["AbstractCursor", "AbstractInterruptibleChannel", "AbstractSelectableChannel", "AbstractSelector", "AbstractWindowedCursor", "AssetFileDescriptor", "AssetFileDescriptor.AutoCloseInputStream", "AssetFileDescriptor.AutoCloseOutputStream", "AssetManager.AssetInputStream", "AsynchronousByteChannel", "AsynchronousChannel", "AsynchronousFileChannel", "AsynchronousServerSocketChannel", "AsynchronousSocketChannel", "AbstractCursor", "AbstractInterruptibleChannel", "AbstractSelectableChannel", "AbstractSelector", "AbstractWindowedCursor", "CursorWindow", "AssetFileDescriptor", "AssetFileDescriptor.AutoCloseInputStream", "ParcelFileDescriptor.close()", "AssetFileDescriptor.AutoCloseOutputStream", "ParcelFileDescriptor.close()", "AssetManager.AssetInputStream", "AsynchronousByteChannel", "AsynchronousChannel", "AsynchronousFileChannel", "AsynchronousServerSocketChannel", "AsynchronousSocketChannel", "BackupDataInputStream", "InputStream", "Base64InputStream", "Base64OutputStream", "BluetoothServerSocket", "BluetoothSocket", "BufferedInputStream", "BufferedOutputStream", "BufferedReader", "BufferedWriter", "ByteArrayInputStream", "ByteArrayOutputStream", "ByteChannel", "Channel", "CharArrayReader", "CharArrayWriter", "CheckedInputStream", "CheckedOutputStream", "CipherInputStream", "CipherOutputStream", "CrossProcessCursor", "Cursor", "CrossProcessCursorWrapper", "CrossProcessCursor", "Cursor", "CursorWindow", "CursorWrapper", "DataInputStream", "DataOutputStream", "DatagramChannel", "DatagramSocket", "DeflaterInputStream", "DeflaterOutputStream", "DigestInputStream", "DigestOutputStream", "DirectoryStream", "DropBoxManager.Entry", "FileChannel", "FileInputStream", "FileOutputStream", "FileReader", "FileSystem", "FileWriter", "FilterInputStream", "FilterOutputStream", "FilterReader", "FilterWriter", "Formatter", "GZIPInputStream", "GZIPOutputStream", "GatheringByteChannel", "HttpResponseCache", "InflaterInputStream", "InflaterOutputStream", "InputStream", "InputStreamReader", "charset", "InterruptibleChannel", "IsoDep", "Tag", "JarFile", "JarInputStream", "JarOutputStream", "JsonReader", "RFC 4627", "JsonWriter", "RFC 4627", "LineNumberInputStream", "LineNumberReader", "LocalServerSocket", "LocalSocket", "MatrixCursor", "MediaDataSource", "MergeCursor", "MidiDevice", "MidiManager.openDevice(MidiDeviceInfo, MidiManager.OnDeviceOpenedListener, Handler)", "MidiDevice.MidiConnection", "MidiInputPort", "MidiOutputPort", "MifareClassic", "Tag", "MifareUltralight", "Tag", "MockCursor", "Mockito", "Android Testing Support Library", "MulticastChannel", "MulticastSocket", "Ndef", "Tag", "NdefFormatable", "Tag", "NetworkChannel", "NfcA", "Tag", "NfcB", "Tag", "NfcBarcode", "NfcF", "Tag", "NfcV", "Tag", "ObjectInputStream", "ObjectOutputStream", "OutputStream", "OutputStreamWriter", "charset", "PackageInstaller.Session", "ParcelFileDescriptor", "Parcel.readFileDescriptor()", "ParcelFileDescriptor.AutoCloseInputStream", "ParcelFileDescriptor.close()", "ParcelFileDescriptor.AutoCloseOutputStream", "ParcelFileDescriptor.close()", "Pipe.SinkChannel", "Pipe", "Pipe.SourceChannel", "Pipe", "PipedInputStream", "PipedOutputStream", "PipedReader", "PipedWriter", "PrintStream", "PrintWriter", "PushbackInputStream", "PushbackReader", "RandomAccessFile", "ReadableByteChannel", "Reader", "SQLiteClosable", "SQLiteCursor", "SQLiteDatabase", "SQLiteDatabase", "SQLiteProgram", "SQLiteQuery", "SQLiteQuery", "SQLiteStatement", "SSLServerSocket", "SSLSocket", "Scanner", "ScatteringByteChannel", "SecureDirectoryStream", "SeekableByteChannel", "SelectableChannel", "Selector", "Selector", "SelectableChannel", "SensorDirectChannel", "SequenceInputStream", "ServerSocket", "ServerSocketChannel", "SharedMemory", "Socket", "SocketChannel", "StringBufferInputStream", "StringReader", "StringWriter", "TagTechnology", "TagTechnology", "Tag", "URLClassLoader", "WatchService", "WritableByteChannel", "Writer", "ZipFile", "ZipInputStream", "ZipOutputStream"], "interface_list": ["AutoCloseable"], "Vars": null, "class_inherit_list": [], "package_name": "java.io", "class_key": null, "Methods": [], "class_description": "A Closeable is a source or destination of data that can be closed.\n The close method is invoked to release resources that the object is\n holding (such as open files). ", "class_name": "Closeable"}