{"subclass_list": [], "interface_list": [""], "Vars": null, "class_inherit_list": ["IOException"], "package_name": "java.io", "class_key": null, "Methods": [{"method_description": "Constructs an EOFException with null\n as its error detail message.\n\n", "method_name": "init", "is_static": false, "params": [], "class_name": "EOFException", "return_value": {"return_description": [], "return_name": "", "return_type": []}}, {"method_description": "Constructs an EOFException with the specified detail\n message. The string s may later be retrieved by the\n Throwable.getMessage() method of class\n java.lang.Throwable.\n", "method_name": "init", "is_static": false, "params": [{"param_type": "String", "param_name": ["s"], "param_description": " the detail message.\n"}], "class_name": "EOFException", "return_value": {"return_description": [], "return_name": "", "return_type": []}}], "class_description": "Signals that an end of file or end of stream has been reached\n unexpectedly during input. This exception is mainly used by data input streams to signal end of\n stream. Note that many other input operations return a special value on\n end of stream rather than throwing an exception. ", "class_name": "EOFException"}