{"subclass_list": [], "interface_list": [""], "Vars": null, "class_inherit_list": ["IOException"], "package_name": "java.io", "class_key": null, "Methods": [{"method_description": "Constructs a FileNotFoundException with\n null as its error detail message.\n\n", "method_name": "init", "is_static": false, "params": [], "class_name": "FileNotFoundException", "return_value": {"return_description": [], "return_name": "", "return_type": []}}, {"method_description": "Constructs a FileNotFoundException with the\n specified detail message. The string s can be\n retrieved later by the\n Throwable.getMessage()\n method of class java.lang.Throwable.\n", "method_name": "init", "is_static": false, "params": [{"param_type": "String", "param_name": ["s"], "param_description": " the detail message.\n"}], "class_name": "FileNotFoundException", "return_value": {"return_description": [], "return_name": "", "return_type": []}}], "class_description": "Signals that an attempt to open the file denoted by a specified pathname\n has failed. This exception will be thrown by the FileInputStream, FileOutputStream, and RandomAccessFile constructors when a file\n with the specified pathname does not exist.  It will also be thrown by these\n constructors if the file does exist but for some reason is inaccessible, for\n example when an attempt is made to open a read-only file for writing. ", "class_name": "FileNotFoundException"}