{"subclass_list": [], "interface_list": [""], "Vars": null, "class_inherit_list": ["InputStreamReader"], "package_name": "java.io", "class_key": null, "Methods": [{"method_description": "Creates a new FileReader, given the name of the\n file to read from.\n", "method_name": "init", "is_static": false, "params": [{"param_type": "String", "param_name": ["fileName"], "param_description": " the name of the file to read from"}], "class_name": "FileReader", "return_value": {"return_description": [], "return_name": "", "return_type": []}}, {"method_description": "Creates a new FileReader, given the File\n to read from.\n", "method_name": "init", "is_static": false, "params": [{"param_type": "File", "param_name": ["file"], "param_description": " the File to read from"}], "class_name": "FileReader", "return_value": {"return_description": [], "return_name": "", "return_type": []}}, {"method_description": "Creates a new FileReader, given the\n FileDescriptor to read from.\n", "method_name": "init", "is_static": false, "params": [{"param_type": "FileDescriptor", "param_name": ["fd"], "param_description": " the FileDescriptor to read from\n"}], "class_name": "FileReader", "return_value": {"return_description": [], "return_name": "", "return_type": []}}], "class_description": "Convenience class for reading character files.  The constructors of this\n class assume that the default character encoding and the default byte-buffer\n size are appropriate.  To specify these values yourself, construct an\n InputStreamReader on a FileInputStream. FileReader is meant for reading streams of characters.\n For reading streams of raw bytes, consider using a\n FileInputStream. ", "class_name": "FileReader"}