{"subclass_list": [], "interface_list": [""], "Vars": null, "class_inherit_list": ["Writer"], "package_name": "java.io", "class_key": null, "Methods": [], "class_description": "Abstract class for writing filtered character streams.\n The abstract class FilterWriter itself\n provides default methods that pass all requests to the\n contained stream. Subclasses of FilterWriter\n should override some of these methods and may also\n provide additional methods and fields. ", "class_name": "FilterWriter"}