{"subclass_list": ["PushbackReader", "PushbackReader"], "interface_list": [""], "Vars": null, "class_inherit_list": ["Reader"], "package_name": "java.io", "class_key": null, "Methods": [], "class_description": "Abstract class for reading filtered character streams.\n The abstract class FilterReader itself\n provides default methods that pass all requests to\n the contained stream. Subclasses of FilterReader\n should override some of these methods and may also provide\n additional methods and fields. ", "class_name": "FilterReader"}