{"subclass_list": ["Base64OutputStream", "BufferedOutputStream", "CheckedOutputStream", "CipherOutputStream", "DataOutputStream", "DeflaterOutputStream", "DigestOutputStream", "InflaterOutputStream", "PrintStream", "Base64OutputStream", "BufferedOutputStream", "CheckedOutputStream", "CipherOutputStream", "DataOutputStream", "DeflaterOutputStream", "DigestOutputStream", "InflaterOutputStream", "PrintStream"], "interface_list": [""], "Vars": null, "class_inherit_list": ["OutputStream"], "package_name": "java.io", "class_key": null, "Methods": [{"method_description": "Creates an output stream filter built on top of the specified\n underlying output stream.\n", "method_name": "init", "is_static": false, "params": [{"param_type": "OutputStream", "param_name": ["out"], "param_description": " the underlying output stream to be assigned to\n                the field this.out for later use, or\n                null if this instance is to be\n                created without an underlying stream.\n"}], "class_name": "FilterOutputStream", "return_value": {"return_description": [], "return_name": "", "return_type": []}}, {"method_description": "Closes this output stream and releases any system resources\n associated with the stream.\n \n\n The close method of FilterOutputStream\n calls its flush method, and then calls the\n close method of its underlying output stream.\nSee also:\n", "method_name": "close", "is_static": false, "params": [], "class_name": "FilterOutputStream", "return_value": {"return_description": [""], "return_name": [], "return_type": []}}, {"method_description": "Flushes this output stream and forces any buffered output bytes\n to be written out to the stream.\n \n\n The flush method of FilterOutputStream\n calls the flush method of its underlying output stream.\nSee also:\n", "method_name": "flush", "is_static": false, "params": [], "class_name": "FilterOutputStream", "return_value": {"return_description": [""], "return_name": [], "return_type": []}}, {"method_description": "Writes b.length bytes to this output stream.\n \n\n The write method of FilterOutputStream\n calls its write method of three arguments with the\n arguments b, 0, and\n b.length.\n \n\n Note that this method does not call the one-argument\n write method of its underlying stream with the single\n argument b.\nSee also:\n", "method_name": "write", "is_static": false, "params": [{"param_type": "byte[]", "param_name": ["b"], "param_description": " the data to be written."}], "class_name": "FilterOutputStream", "return_value": {"return_description": [""], "return_name": [], "return_type": []}}, {"method_description": "Writes len bytes from the specified\n byte array starting at offset off to\n this output stream.\n \n\n The write method of FilterOutputStream\n calls the write method of one argument on each\n byte to output.\n \n\n Note that this method does not call the write method\n of its underlying input stream with the same arguments. Subclasses\n of FilterOutputStream should provide a more efficient\n implementation of this method.\nSee also:\n", "method_name": "write", "is_static": false, "params": [{"param_type": "byte[]", "param_name": ["b"], "param_description": " the data."}, {"param_type": "int", "param_name": ["off"], "param_description": " the start offset in the data."}, {"param_type": "int", "param_name": ["len"], "param_description": " the number of bytes to write."}], "class_name": "FilterOutputStream", "return_value": {"return_description": [""], "return_name": [], "return_type": []}}, {"method_description": "Writes the specified byte to this output stream.\n \n\n The write method of FilterOutputStream\n calls the write method of its underlying output stream,\n that is, it performs out.write(b).\n \n\n Implements the abstract write method of OutputStream.\n", "method_name": "write", "is_static": false, "params": [{"param_type": "int", "param_name": ["b"], "param_description": " the byte."}], "class_name": "FilterOutputStream", "return_value": {"return_description": [""], "return_name": [], "return_type": []}}], "class_description": "This class is the superclass of all classes that filter output\n streams. These streams sit on top of an already existing output\n stream (the underlying output stream) which it uses as its\n basic sink of data, but possibly transforming the data along the\n way or providing additional functionality. The class FilterOutputStream itself simply overrides\n all methods of OutputStream with versions that pass\n all requests to the underlying output stream. Subclasses of\n FilterOutputStream may further override some of these\n methods as well as provide additional methods and fields. ", "class_name": "FilterOutputStream"}