{"subclass_list": ["AssetFileDescriptor.AutoCloseOutputStream", "Base64OutputStream", "BufferedOutputStream", "BufferedWriter", "ByteArrayOutputStream", "CharArrayWriter", "CheckedOutputStream", "CipherOutputStream", "Console", "DataOutputStream", "DeflaterOutputStream", "DigestOutputStream", "FileOutputStream", "AssetFileDescriptor.AutoCloseOutputStream", "ParcelFileDescriptor.close()", "Base64OutputStream", "BufferedOutputStream", "BufferedWriter", "ByteArrayOutputStream", "CharArrayWriter", "CheckedOutputStream", "CipherOutputStream", "Console", "DataOutputStream", "DeflaterOutputStream", "DigestOutputStream", "FileOutputStream", "FileWriter", "FilterOutputStream", "FilterWriter", "Formatter", "GZIPOutputStream", "InflaterOutputStream", "JarOutputStream", "ObjectOutputStream", "OutputStream", "OutputStreamWriter", "charset", "ParcelFileDescriptor.AutoCloseOutputStream", "ParcelFileDescriptor.close()", "PipedOutputStream", "PipedWriter", "PrintStream", "PrintWriter", "StringWriter", "Writer", "ZipOutputStream"], "interface_list": [""], "Vars": null, "class_inherit_list": [], "package_name": "java.io", "class_key": null, "Methods": [], "class_description": "A Flushable is a destination of data that can be flushed.  The\n flush method is invoked to write any buffered output to the underlying\n stream. ", "class_name": "Flushable"}