{"subclass_list": ["FileReader", "FileReader"], "interface_list": [""], "Vars": null, "class_inherit_list": ["Reader"], "package_name": "java.io", "class_key": null, "Methods": [{"method_description": "Creates an InputStreamReader that uses the default charset.\n", "method_name": "init", "is_static": false, "params": [{"param_type": "InputStream", "param_name": ["in"], "param_description": " An InputStream\n"}], "class_name": "InputStreamReader", "return_value": {"return_description": [], "return_name": "", "return_type": []}}, {"method_description": "Creates an InputStreamReader that uses the named charset.\n", "method_name": "init", "is_static": false, "params": [{"param_type": "InputStream", "param_name": ["in"], "param_description": " An InputStream"}, {"param_type": "String", "param_name": ["charsetName"], "param_description": " The name of a supported\n         charset"}], "class_name": "InputStreamReader", "return_value": {"return_description": [], "return_name": "", "return_type": []}}, {"method_description": "Creates an InputStreamReader that uses the given charset.\n", "method_name": "init", "is_static": false, "params": [{"param_type": "InputStream", "param_name": ["in"], "param_description": " An InputStream"}, {"param_type": "Charset", "param_name": ["cs"], "param_description": " A charset"}], "class_name": "InputStreamReader", "return_value": {"return_description": [], "return_name": "", "return_type": []}}, {"method_description": "Creates an InputStreamReader that uses the given charset decoder.\n", "method_name": "init", "is_static": false, "params": [{"param_type": "InputStream", "param_name": ["in"], "param_description": " An InputStream"}, {"param_type": "CharsetDecoder", "param_name": ["dec"], "param_description": " A charset decoder"}], "class_name": "InputStreamReader", "return_value": {"return_description": [], "return_name": "", "return_type": []}}, {"method_description": "Closes the stream and releases any system resources associated with\n it.  Once the stream has been closed, further read(), ready(),\n mark(), reset(), or skip() invocations will throw an IOException.\n Closing a previously closed stream has no effect.\n", "method_name": "close", "is_static": false, "params": [], "class_name": "InputStreamReader", "return_value": {"return_description": [""], "return_name": [], "return_type": []}}, {"method_description": "Returns the name of the character encoding being used by this stream.\n\n \n If the encoding has an historical name then that name is returned;\n otherwise the encoding's canonical name is returned.\n\n \n If this instance was created with the InputStreamReader(InputStream, String) constructor then the returned\n name, being unique for the encoding, may differ from the name passed to\n the constructor. This method will return null if the\n stream has been closed.\n \nSee also:\n", "method_name": "getEncoding", "is_static": false, "params": [], "class_name": "InputStreamReader", "return_value": {"return_description": ["The historical name of this encoding, or\n         null if the stream has been closed"], "return_name": [], "return_type": ["String"]}}, {"method_description": "Reads a single character.\n", "method_name": "read", "is_static": false, "params": [], "class_name": "InputStreamReader", "return_value": {"return_description": ["The character read, or -1 if the end of the stream has been\n         reached"], "return_name": [], "return_type": ["int"]}}, {"method_description": "Reads characters into a portion of an array.\n", "method_name": "read", "is_static": false, "params": [{"param_type": "char[]", "param_name": ["cbuf"], "param_description": " Destination buffer"}, {"param_type": "int", "param_name": ["offset"], "param_description": " Offset at which to start storing characters"}, {"param_type": "int", "param_name": ["length"], "param_description": " Maximum number of characters to read"}], "class_name": "InputStreamReader", "return_value": {"return_description": ["The number of characters read, or -1 if the end of the\n             stream has been reached"], "return_name": [], "return_type": ["int"]}}, {"method_description": "Tells whether this stream is ready to be read.  An InputStreamReader is\n ready if its input buffer is not empty, or if bytes are available to be\n read from the underlying byte stream.\n", "method_name": "ready", "is_static": false, "params": [], "class_name": "InputStreamReader", "return_value": {"return_description": ["True if the next read() is guaranteed not to block for input,\n false otherwise.  Note that returning false does not guarantee that the\n next read will block."], "return_name": [], "return_type": ["boolean"]}}], "class_description": "An InputStreamReader is a bridge from byte streams to character streams: It\n reads bytes and decodes them into characters using a specified charset.  The charset that it uses\n may be specified by name or may be given explicitly, or the platform's\n default charset may be accepted. Each invocation of one of an InputStreamReader's read() methods may\n cause one or more bytes to be read from the underlying byte-input stream.\n To enable the efficient conversion of bytes to characters, more bytes may\n be read ahead from the underlying stream than are necessary to satisfy the\n current read operation. For top efficiency, consider wrapping an InputStreamReader within a\n BufferedReader.  For example: ", "class_name": "InputStreamReader"}