{"subclass_list": ["ConnectTimeoutException", "SocketTimeoutException", "ConnectTimeoutException", "URL.openConnection()", "this webpage", "SocketTimeoutException"], "interface_list": [""], "Vars": null, "class_inherit_list": ["IOException"], "package_name": "java.io", "class_key": null, "Methods": [{"method_description": "Constructs an InterruptedIOException with\n null as its error detail message.\n\n", "method_name": "init", "is_static": false, "params": [], "class_name": "InterruptedIOException", "return_value": {"return_description": [], "return_name": "", "return_type": []}}, {"method_description": "Constructs an InterruptedIOException with the\n specified detail message. The string s can be\n retrieved later by the\n Throwable.getMessage()\n method of class java.lang.Throwable.\n", "method_name": "init", "is_static": false, "params": [{"param_type": "String", "param_name": ["s"], "param_description": " the detail message.\n"}], "class_name": "InterruptedIOException", "return_value": {"return_description": [], "return_name": "", "return_type": []}}], "class_description": "Signals that an I/O operation has been interrupted. An\n InterruptedIOException is thrown to indicate that an\n input or output transfer has been terminated because the thread\n performing it was interrupted. The field bytesTransferred\n indicates how many bytes were successfully transferred before\n the interruption occurred. ", "class_name": "InterruptedIOException"}