{"subclass_list": [], "interface_list": [""], "Vars": null, "class_inherit_list": ["ObjectStreamException"], "package_name": "java.io", "class_key": null, "Methods": [{"method_description": "Constructs an InvalidObjectException.\nSee also:\n", "method_name": "init", "is_static": false, "params": [{"param_type": "String", "param_name": ["reason"], "param_description": " Detailed message explaining the reason for the failure."}], "class_name": "InvalidObjectException", "return_value": {"return_description": [], "return_name": "", "return_type": []}}], "class_description": "Indicates that one or more deserialized objects failed validation\n tests.  The argument should provide the reason for the failure. ", "class_name": "InvalidObjectException"}