{"subclass_list": [], "interface_list": [""], "Vars": null, "class_inherit_list": ["ObjectStreamException"], "package_name": "java.io", "class_key": null, "Methods": [{"method_description": "Report an InvalidClassException for the reason specified.\n", "method_name": "init", "is_static": false, "params": [{"param_type": "String", "param_name": ["reason"], "param_description": " String describing the reason for the exception.\n"}], "class_name": "InvalidClassException", "return_value": {"return_description": [], "return_name": "", "return_type": []}}, {"method_description": "Constructs an InvalidClassException object.\n", "method_name": "init", "is_static": false, "params": [{"param_type": "String", "param_name": ["cname"], "param_description": " a String naming the invalid class."}, {"param_type": "String", "param_name": ["reason"], "param_description": " a String describing the reason for the exception.\n"}], "class_name": "InvalidClassException", "return_value": {"return_description": [], "return_name": "", "return_type": []}}, {"method_description": "Produce the message and include the classname, if present.\n\n", "method_name": "getMessage", "is_static": false, "params": [], "class_name": "InvalidClassException", "return_value": {"return_description": ["the detail message string of this Throwable instance\n          (which may be null)."], "return_name": [], "return_type": ["String"]}}], "class_description": "Thrown when the Serialization runtime detects one of the following\n problems with a Class. ", "class_name": "InvalidClassException"}