{"subclass_list": [], "interface_list": [""], "Vars": null, "class_inherit_list": ["Error"], "package_name": "java.io", "class_key": null, "Methods": [{"method_description": "Constructs a new instance of IOError with the specified cause. The\n IOError is created with the detail message of\n (cause==null ? null : cause.toString()) (which typically\n contains the class and detail message of cause).\n", "method_name": "init", "is_static": false, "params": [{"param_type": "Throwable", "param_name": ["cause"], "param_description": " The cause of this error, or null if the cause\n         is not known\n"}], "class_name": "IOError", "return_value": {"return_description": [], "return_name": "", "return_type": []}}], "class_description": "Thrown when a serious I/O error has occurred. ", "class_name": "IOError"}