{"subclass_list": ["Base64DataException", "CharConversionException", "CharacterCodingException", "ClosedChannelException", "EOFException", "FileLockInterruptionException", "FileNotFoundException", "FileSystemException", "HttpRetryException", "ImageDecoder.DecodeException", "InterruptedByTimeoutException", "InterruptedIOException", "InvalidPropertiesFormatException", "MalformedJsonException", "Base64DataException", "Base64InputStream", "Base64OutputStream", "CharConversionException", "CharacterCodingException", "ClosedChannelException", "EOFException", "FileLockInterruptionException", "FileNotFoundException", "FileSystemException", "HttpRetryException", "ImageDecoder.DecodeException", "InterruptedByTimeoutException", "InterruptedIOException", "InvalidPropertiesFormatException", "Properties", "MalformedJsonException", "MalformedURLException", "ObjectStreamException", "ParcelFileDescriptor.FileDescriptorDetachedException", "ProtocolException", "SSLException", "SocketException", "SyncFailedException", "TagLostException", "UTFDataFormatException", "modified UTF-8", "UnknownHostException", "UnknownServiceException", "UnsupportedEncodingException", "UserPrincipalNotFoundException", "UserPrincipal", "ZipException"], "interface_list": [""], "Vars": null, "class_inherit_list": ["Exception"], "package_name": "java.io", "class_key": null, "Methods": [{"method_description": "Constructs an IOException with null\n as its error detail message.\n\n", "method_name": "init", "is_static": false, "params": [], "class_name": "IOException", "return_value": {"return_description": [], "return_name": "", "return_type": []}}, {"method_description": "Constructs an IOException with the specified detail message.\n", "method_name": "init", "is_static": false, "params": [{"param_type": "String", "param_name": ["message"], "param_description": " The detail message (which is saved for later retrieval\n        by the Throwable.getMessage() method)\n"}], "class_name": "IOException", "return_value": {"return_description": [], "return_name": "", "return_type": []}}, {"method_description": "Constructs an IOException with the specified detail message\n and cause.\n\n \n Note that the detail message associated with cause is\n not automatically incorporated into this exception's detail\n message.\n", "method_name": "init", "is_static": false, "params": [{"param_type": "String", "param_name": ["message"], "param_description": " The detail message (which is saved for later retrieval\n        by the Throwable.getMessage() method)"}, {"param_type": "Throwable", "param_name": ["cause"], "param_description": " The cause (which is saved for later retrieval by the\n        Throwable.getCause() method).  (A null value is permitted,\n        and indicates that the cause is nonexistent or unknown.)"}], "class_name": "IOException", "return_value": {"return_description": [], "return_name": "", "return_type": []}}, {"method_description": "Constructs an IOException with the specified cause and a\n detail message of (cause==null ? null : cause.toString())\n (which typically contains the class and detail message of cause).\n This constructor is useful for IO exceptions that are little more\n than wrappers for other throwables.\n", "method_name": "init", "is_static": false, "params": [{"param_type": "Throwable", "param_name": ["cause"], "param_description": " The cause (which is saved for later retrieval by the\n        Throwable.getCause() method).  (A null value is permitted,\n        and indicates that the cause is nonexistent or unknown.)"}], "class_name": "IOException", "return_value": {"return_description": [], "return_name": "", "return_type": []}}], "class_description": "Signals that an I/O exception of some sort has occurred. This\n class is the general class of exceptions produced by failed or\n interrupted I/O operations. ", "class_name": "IOException"}