{"subclass_list": [], "interface_list": [""], "Vars": null, "class_inherit_list": ["BufferedReader"], "package_name": "java.io", "class_key": null, "Methods": [{"method_description": "Create a new line-numbering reader, using the default input-buffer\n size.\n", "method_name": "init", "is_static": false, "params": [{"param_type": "Reader", "param_name": ["in"], "param_description": " A Reader object to provide the underlying stream\n"}], "class_name": "LineNumberReader", "return_value": {"return_description": [], "return_name": "", "return_type": []}}, {"method_description": "Create a new line-numbering reader, reading characters into a buffer of\n the given size.\n", "method_name": "init", "is_static": false, "params": [{"param_type": "Reader", "param_name": ["in"], "param_description": " A Reader object to provide the underlying stream"}, {"param_type": "int", "param_name": ["sz"], "param_description": " An int specifying the size of the buffer\n"}], "class_name": "LineNumberReader", "return_value": {"return_description": [], "return_name": "", "return_type": []}}, {"method_description": "Get the current line number.\nSee also:\n", "method_name": "getLineNumber", "is_static": false, "params": [], "class_name": "LineNumberReader", "return_value": {"return_description": ["The current line number"], "return_name": [], "return_type": ["int"]}}, {"method_description": "Mark the present position in the stream.  Subsequent calls to reset()\n will attempt to reposition the stream to this point, and will also reset\n the line number appropriately.\n", "method_name": "mark", "is_static": false, "params": [{"param_type": "int", "param_name": ["readAheadLimit"], "param_description": " Limit on the number of characters that may be read while still\n         preserving the mark.  After reading this many characters,\n         attempting to reset the stream may fail."}], "class_name": "LineNumberReader", "return_value": {"return_description": [""], "return_name": [], "return_type": []}}, {"method_description": "Read a single character.  Line terminators are\n compressed into single newline ('\\n') characters.  Whenever a line\n terminator is read the current line number is incremented.\n", "method_name": "read", "is_static": false, "params": [], "class_name": "LineNumberReader", "return_value": {"return_description": ["The character read, or -1 if the end of the stream has been\n          reached"], "return_name": [], "return_type": ["int"]}}, {"method_description": "Read characters into a portion of an array.  Whenever a line terminator is read the current line number is\n incremented.\n", "method_name": "read", "is_static": false, "params": [{"param_type": "char[]", "param_name": ["cbuf"], "param_description": " Destination buffer"}, {"param_type": "int", "param_name": ["off"], "param_description": " Offset at which to start storing characters"}, {"param_type": "int", "param_name": ["len"], "param_description": " Maximum number of characters to read"}], "class_name": "LineNumberReader", "return_value": {"return_description": ["The number of bytes read, or -1 if the end of the stream has\n          already been reached"], "return_name": [], "return_type": ["int"]}}, {"method_description": "Read a line of text.  Whenever a line terminator is\n read the current line number is incremented.\n", "method_name": "readLine", "is_static": false, "params": [], "class_name": "LineNumberReader", "return_value": {"return_description": ["A String containing the contents of the line, not including\n          any line termination characters, or\n          null if the end of the stream has been reached"], "return_name": [], "return_type": ["String"]}}, {"method_description": "Reset the stream to the most recent mark.\n", "method_name": "reset", "is_static": false, "params": [], "class_name": "LineNumberReader", "return_value": {"return_description": [""], "return_name": [], "return_type": []}}, {"method_description": "Set the current line number.\nSee also:\n", "method_name": "setLineNumber", "is_static": false, "params": [{"param_type": "int", "param_name": ["lineNumber"], "param_description": " An int specifying the line number"}], "class_name": "LineNumberReader", "return_value": {"return_description": [""], "return_name": [], "return_type": []}}, {"method_description": "Skip characters.\n", "method_name": "skip", "is_static": false, "params": [{"param_type": "long", "param_name": ["n"], "param_description": " The number of characters to skip"}], "class_name": "LineNumberReader", "return_value": {"return_description": ["The number of characters actually skipped"], "return_name": [], "return_type": ["long"]}}], "class_description": "A buffered character-input stream that keeps track of line numbers.  This\n class defines methods setLineNumber(int) and getLineNumber() for setting and getting the current line number\n respectively. By default, line numbering begins at 0. This number increments at every\n line terminator as the data is read, and can be changed\n with a call to setLineNumber(int).  Note however, that\n setLineNumber(int) does not actually change the current position in\n the stream; it only changes the value that will be returned by\n getLineNumber(). A line is considered to be terminated by any one of a\n line feed ('\\n'), a carriage return ('\\r'), or a carriage return followed\n immediately by a linefeed. ", "class_name": "LineNumberReader"}