{"subclass_list": [], "interface_list": [""], "Vars": null, "class_inherit_list": ["ObjectStreamException"], "package_name": "java.io", "class_key": null, "Methods": [{"method_description": "Constructor to create a new NotActiveException with the reason given.\n", "method_name": "init", "is_static": false, "params": [{"param_type": "String", "param_name": ["reason"], "param_description": " a String describing the reason for the exception.\n"}], "class_name": "NotActiveException", "return_value": {"return_description": [], "return_name": "", "return_type": []}}, {"method_description": "Constructor to create a new NotActiveException without a reason.\n\n", "method_name": "init", "is_static": false, "params": [], "class_name": "NotActiveException", "return_value": {"return_description": [], "return_name": "", "return_type": []}}], "class_description": "Thrown when serialization or deserialization is not active. ", "class_name": "NotActiveException"}