{"subclass_list": [], "interface_list": [""], "Vars": null, "class_inherit_list": ["ObjectStreamException"], "package_name": "java.io", "class_key": null, "Methods": [{"method_description": "Constructs a NotSerializableException object with message string.\n", "method_name": "init", "is_static": false, "params": [{"param_type": "String", "param_name": ["classname"], "param_description": " Class of the instance being serialized/deserialized.\n"}], "class_name": "NotSerializableException", "return_value": {"return_description": [], "return_name": "", "return_type": []}}, {"method_description": "Constructs a NotSerializableException object.\n\n", "method_name": "init", "is_static": false, "params": [], "class_name": "NotSerializableException", "return_value": {"return_description": [], "return_name": "", "return_type": []}}], "class_description": "Thrown when an instance is required to have a Serializable interface.\n The serialization runtime or the class of the instance can throw\n this exception. The argument should be the name of the class. ", "class_name": "NotSerializableException"}