{"subclass_list": ["InvalidClassException", "InvalidObjectException", "NotActiveException", "NotSerializableException", "OptionalDataException", "StreamCorruptedException", "WriteAbortedException", "InvalidClassException", "InvalidObjectException", "NotActiveException", "NotSerializableException", "OptionalDataException", "StreamCorruptedException", "WriteAbortedException"], "interface_list": [""], "Vars": null, "class_inherit_list": ["IOException"], "package_name": "java.io", "class_key": null, "Methods": [], "class_description": "Superclass of all exceptions specific to Object Stream classes. ", "class_name": "ObjectStreamException"}