{"subclass_list": [], "interface_list": ["Serializable"], "Vars": null, "class_inherit_list": ["Object"], "package_name": "java.io", "class_key": null, "Methods": [], "class_description": "Serialization's descriptor for classes.  It contains the name and\n serialVersionUID of the class.  The ObjectStreamClass for a specific class\n loaded in this Java VM can be found/created using the lookup method. The algorithm to compute the SerialVersionUID is described in\n Object\n Serialization Specification, Section 4.6, Stream Unique Identifiers. ", "class_name": "ObjectStreamClass"}