{"subclass_list": [], "interface_list": [""], "Vars": null, "class_inherit_list": ["Object"], "package_name": "java.io", "class_key": null, "Methods": [{"method_description": "\n", "method_name": "init", "is_static": false, "params": [], "class_name": "ObjectInputStream.GetField", "return_value": {"return_description": [], "return_name": "", "return_type": []}}], "class_description": "Provide access to the persistent fields read from the input stream. ", "class_name": "ObjectInputStream.GetField"}