{"subclass_list": [], "interface_list": ["Comparable<Object>"], "Vars": null, "class_inherit_list": ["Object"], "package_name": "java.io", "class_key": null, "Methods": [{"method_description": "Create a Serializable field with the specified type.  This field should\n be documented with a serialField tag.\n", "method_name": "init", "is_static": false, "params": [{"param_type": "String", "param_name": ["name"], "param_description": " the name of the serializable field"}, {"param_type": "Class", "param_name": ["type"], "param_description": " the Class object of the serializable field\n"}], "class_name": "ObjectStreamField", "return_value": {"return_description": [], "return_name": "", "return_type": []}}, {"method_description": "Creates an ObjectStreamField representing a serializable field with the\n given name and type.  If unshared is false, values of the represented\n field are serialized and deserialized in the default manner--if the\n field is non-primitive, object values are serialized and deserialized as\n if they had been written and read by calls to writeObject and\n readObject.  If unshared is true, values of the represented field are\n serialized and deserialized as if they had been written and read by\n calls to writeUnshared and readUnshared.\n", "method_name": "init", "is_static": false, "params": [{"param_type": "String", "param_name": ["name"], "param_description": " field name"}, {"param_type": "Class", "param_name": ["type"], "param_description": " field type"}, {"param_type": "boolean", "param_name": ["unshared"], "param_description": " if false, write/read field values in the same manner\n          as writeObject/readObject; if true, write/read in the same\n          manner as writeUnshared/readUnshared"}], "class_name": "ObjectStreamField", "return_value": {"return_description": [], "return_name": "", "return_type": []}}, {"method_description": "Compare this field with another ObjectStreamField.  Return\n -1 if this is smaller, 0 if equal, 1 if greater.  Types that are\n primitives are \"smaller\" than object types.  If equal, the field names\n are compared.\n\n", "method_name": "compareTo", "is_static": false, "params": [{"param_type": "Object", "param_name": ["obj"], "param_description": "\nObject "}], "class_name": "ObjectStreamField", "return_value": {"return_description": [""], "return_name": [], "return_type": ["int"]}}, {"method_description": "Get the name of this field.\n", "method_name": "getName", "is_static": false, "params": [], "class_name": "ObjectStreamField", "return_value": {"return_description": ["a String representing the name of the serializable\n          field"], "return_name": [], "return_type": ["String"]}}, {"method_description": "Offset of field within instance data.\nSee also:\n", "method_name": "getOffset", "is_static": false, "params": [], "class_name": "ObjectStreamField", "return_value": {"return_description": ["the offset of this field"], "return_name": [], "return_type": ["int"]}}, {"method_description": "Get the type of the field.  If the type is non-primitive and this\n ObjectStreamField was obtained from a deserialized ObjectStreamClass instance, then Object.class is returned.\n Otherwise, the Class object for the type of the field is\n returned.\n", "method_name": "getType", "is_static": false, "params": [], "class_name": "ObjectStreamField", "return_value": {"return_description": ["a Class object representing the type of the\n          serializable field"], "return_name": [], "return_type": ["Class<?>"]}}, {"method_description": "Returns character encoding of field type.  The encoding is as follows:\n \n", "method_name": "getTypeCode", "is_static": false, "params": [], "class_name": "ObjectStreamField", "return_value": {"return_description": ["the typecode of the serializable field"], "return_name": [], "return_type": ["char"]}}, {"method_description": "Return the JVM type signature.\n", "method_name": "getTypeString", "is_static": false, "params": [], "class_name": "ObjectStreamField", "return_value": {"return_description": ["null if this field has a primitive type."], "return_name": [], "return_type": ["String"]}}, {"method_description": "Return true if this field has a primitive type.\n", "method_name": "isPrimitive", "is_static": false, "params": [], "class_name": "ObjectStreamField", "return_value": {"return_description": ["true if and only if this field corresponds to a primitive type"], "return_name": [], "return_type": ["boolean"]}}, {"method_description": "Returns boolean value indicating whether or not the serializable field\n represented by this ObjectStreamField instance is unshared.\n", "method_name": "isUnshared", "is_static": false, "params": [], "class_name": "ObjectStreamField", "return_value": {"return_description": ["true if this field is unshared"], "return_name": [], "return_type": ["boolean"]}}, {"method_description": "Return a string that describes this field.\n\n", "method_name": "toString", "is_static": false, "params": [], "class_name": "ObjectStreamField", "return_value": {"return_description": ["a string representation of the object."], "return_name": [], "return_type": ["String"]}}], "class_description": "A description of a Serializable field from a Serializable class.  An array\n of ObjectStreamFields is used to declare the Serializable fields of a class. ", "class_name": "ObjectStreamField"}