{"subclass_list": ["ByteArrayOutputStream", "FileOutputStream", "FilterOutputStream", "ObjectOutputStream", "PipedOutputStream", "ByteArrayOutputStream", "FileOutputStream", "FilterOutputStream", "ObjectOutputStream", "PipedOutputStream"], "interface_list": ["Closeable", "Flushable"], "Vars": null, "class_inherit_list": ["Object"], "package_name": "java.io", "class_key": null, "Methods": [{"method_description": "\n", "method_name": "init", "is_static": false, "params": [], "class_name": "OutputStream", "return_value": {"return_description": [], "return_name": "", "return_type": []}}, {"method_description": "Closes this output stream and releases any system resources\n associated with this stream. The general contract of close\n is that it closes the output stream. A closed stream cannot perform\n output operations and cannot be reopened.\n \n\n The close method of OutputStream does nothing.\n", "method_name": "close", "is_static": false, "params": [], "class_name": "OutputStream", "return_value": {"return_description": [""], "return_name": [], "return_type": []}}, {"method_description": "Flushes this output stream and forces any buffered output bytes\n to be written out. The general contract of flush is\n that calling it is an indication that, if any bytes previously\n written have been buffered by the implementation of the output\n stream, such bytes should immediately be written to their\n intended destination.\n \n\n If the intended destination of this stream is an abstraction provided by\n the underlying operating system, for example a file, then flushing the\n stream guarantees only that bytes previously written to the stream are\n passed to the operating system for writing; it does not guarantee that\n they are actually written to a physical device such as a disk drive.\n \n\n The flush method of OutputStream does nothing.\n", "method_name": "flush", "is_static": false, "params": [], "class_name": "OutputStream", "return_value": {"return_description": [""], "return_name": [], "return_type": []}}, {"method_description": "Writes b.length bytes from the specified byte array\n to this output stream. The general contract for write(b)\n is that it should have exactly the same effect as the call\n write(b, 0, b.length).\nSee also:\n", "method_name": "write", "is_static": false, "params": [{"param_type": "byte[]", "param_name": ["b"], "param_description": " the data."}], "class_name": "OutputStream", "return_value": {"return_description": [""], "return_name": [], "return_type": []}}, {"method_description": "Writes len bytes from the specified byte array\n starting at offset off to this output stream.\n The general contract for write(b, off, len) is that\n some of the bytes in the array b are written to the\n output stream in order; element b[off] is the first\n byte written and b[off+len-1] is the last byte written\n by this operation.\n \n\n The write method of OutputStream calls\n the write method of one argument on each of the bytes to be\n written out. Subclasses are encouraged to override this method and\n provide a more efficient implementation.\n \n\n If b is null, a\n NullPointerException is thrown.\n \n\n If off is negative, or len is negative, or\n off+len is greater than the length of the array\n b, then an IndexOutOfBoundsException is thrown.\n", "method_name": "write", "is_static": false, "params": [{"param_type": "byte[]", "param_name": ["b"], "param_description": " the data."}, {"param_type": "int", "param_name": ["off"], "param_description": " the start offset in the data."}, {"param_type": "int", "param_name": ["len"], "param_description": " the number of bytes to write."}], "class_name": "OutputStream", "return_value": {"return_description": [""], "return_name": [], "return_type": []}}], "class_description": "This abstract class is the superclass of all classes representing\n an output stream of bytes. An output stream accepts output bytes\n and sends them to some sink. Applications that need to define a subclass of\n OutputStream must always provide at least a method\n that writes one byte of output. ", "class_name": "OutputStream"}