{"subclass_list": [], "interface_list": [""], "Vars": null, "class_inherit_list": ["OutputStream"], "package_name": "java.io", "class_key": null, "Methods": [{"method_description": "Creates a piped output stream connected to the specified piped\n input stream. Data bytes written to this stream will then be\n available as input from snk.\n", "method_name": "init", "is_static": false, "params": [{"param_type": "PipedInputStream", "param_name": ["snk"], "param_description": " The piped input stream to connect to."}], "class_name": "PipedOutputStream", "return_value": {"return_description": [], "return_name": "", "return_type": []}}, {"method_description": "Creates a piped output stream that is not yet connected to a\n piped input stream. It must be connected to a piped input stream,\n either by the receiver or the sender, before being used.\nSee also:\n", "method_name": "init", "is_static": false, "params": [], "class_name": "PipedOutputStream", "return_value": {"return_description": [], "return_name": "", "return_type": []}}, {"method_description": "Closes this piped output stream and releases any system resources\n associated with this stream. This stream may no longer be used for\n writing bytes.\n", "method_name": "close", "is_static": false, "params": [], "class_name": "PipedOutputStream", "return_value": {"return_description": [""], "return_name": [], "return_type": []}}, {"method_description": "Connects this piped output stream to a receiver. If this object\n is already connected to some other piped input stream, an\n IOException is thrown.\n \n\n If snk is an unconnected piped input stream and\n src is an unconnected piped output stream, they may\n be connected by either the call:\n \n", "method_name": "connect", "is_static": false, "params": [{"param_type": "PipedInputStream", "param_name": ["snk"], "param_description": " the piped input stream to connect to."}], "class_name": "PipedOutputStream", "return_value": {"return_description": [""], "return_name": [], "return_type": []}}, {"method_description": "Flushes this output stream and forces any buffered output bytes\n to be written out.\n This will notify any readers that bytes are waiting in the pipe.\n", "method_name": "flush", "is_static": false, "params": [], "class_name": "PipedOutputStream", "return_value": {"return_description": [""], "return_name": [], "return_type": []}}, {"method_description": "Writes len bytes from the specified byte array\n starting at offset off to this piped output stream.\n This method blocks until all the bytes are written to the output\n stream.\n", "method_name": "write", "is_static": false, "params": [{"param_type": "byte[]", "param_name": ["b"], "param_description": " the data."}, {"param_type": "int", "param_name": ["off"], "param_description": " the start offset in the data."}, {"param_type": "int", "param_name": ["len"], "param_description": " the number of bytes to write."}], "class_name": "PipedOutputStream", "return_value": {"return_description": [""], "return_name": [], "return_type": []}}, {"method_description": "Writes the specified byte to the piped output stream.\n \n\n Implements the write method of OutputStream.\n", "method_name": "write", "is_static": false, "params": [{"param_type": "int", "param_name": ["b"], "param_description": " the byte to be written."}], "class_name": "PipedOutputStream", "return_value": {"return_description": [""], "return_name": [], "return_type": []}}], "class_description": "A piped output stream can be connected to a piped input stream\n to create a communications pipe. The piped output stream is the\n sending end of the pipe. Typically, data is written to a\n PipedOutputStream object by one thread and data is\n read from the connected PipedInputStream by some\n other thread. Attempting to use both objects from a single thread\n is not recommended as it may deadlock the thread.\n The pipe is said to be  broken  if a\n thread that was reading data bytes from the connected piped input\n stream is no longer alive. ", "class_name": "PipedOutputStream"}