{"subclass_list": [], "interface_list": [""], "Vars": null, "class_inherit_list": ["FilterInputStream"], "package_name": "java.io", "class_key": null, "Methods": [{"method_description": "Creates a PushbackInputStream\n with a pushback buffer of the specified size,\n and saves its  argument, the input stream\n in, for later use. Initially,\n there is no pushed-back byte  (the field\n pushBack is initialized to\n -1).\n", "method_name": "init", "is_static": false, "params": [{"param_type": "InputStream", "param_name": ["in"], "param_description": " the input stream from which bytes will be read."}, {"param_type": "int", "param_name": ["size"], "param_description": " the size of the pushback buffer."}], "class_name": "PushbackInputStream", "return_value": {"return_description": [], "return_name": "", "return_type": []}}, {"method_description": "Creates a PushbackInputStream\n and saves its  argument, the input stream\n in, for later use. Initially,\n there is no pushed-back byte  (the field\n pushBack is initialized to\n -1).\n", "method_name": "init", "is_static": false, "params": [{"param_type": "InputStream", "param_name": ["in"], "param_description": " the input stream from which bytes will be read.\n"}], "class_name": "PushbackInputStream", "return_value": {"return_description": [], "return_name": "", "return_type": []}}, {"method_description": "Returns an estimate of the number of bytes that can be read (or\n skipped over) from this input stream without blocking by the next\n invocation of a method for this input stream. The next invocation might be\n the same thread or another thread.  A single read or skip of this\n many bytes will not block, but may read or skip fewer bytes.\n\n \n The method returns the sum of the number of bytes that have been\n pushed back and the value returned by available.\nSee also:\n", "method_name": "available", "is_static": false, "params": [], "class_name": "PushbackInputStream", "return_value": {"return_description": ["the number of bytes that can be read (or skipped over) from\n             the input stream without blocking."], "return_name": [], "return_type": ["int"]}}, {"method_description": "Closes this input stream and releases any system resources\n associated with the stream.\n Once the stream has been closed, further read(), unread(),\n available(), reset(), or skip() invocations will throw an IOException.\n Closing a previously closed stream has no effect.\n", "method_name": "close", "is_static": false, "params": [], "class_name": "PushbackInputStream", "return_value": {"return_description": [""], "return_name": [], "return_type": []}}, {"method_description": "Marks the current position in this input stream.\n\n \n The mark method of PushbackInputStream\n does nothing.\nSee also:\n", "method_name": "mark", "is_static": false, "params": [{"param_type": "int", "param_name": ["readlimit"], "param_description": " the maximum limit of bytes that can be read before\n                      the mark position becomes invalid."}], "class_name": "PushbackInputStream", "return_value": {"return_description": [""], "return_name": [], "return_type": []}}, {"method_description": "Tests if this input stream supports the mark and\n reset methods, which it does not.\nSee also:\n", "method_name": "markSupported", "is_static": false, "params": [], "class_name": "PushbackInputStream", "return_value": {"return_description": ["false, since this class does not support the\n           mark and reset methods."], "return_name": [], "return_type": ["boolean"]}}, {"method_description": "Reads the next byte of data from this input stream. The value\n byte is returned as an int in the range\n 0 to 255. If no byte is available\n because the end of the stream has been reached, the value\n -1 is returned. This method blocks until input data\n is available, the end of the stream is detected, or an exception\n is thrown.\n\n \n This method returns the most recently pushed-back byte, if there is\n one, and otherwise calls the read method of its underlying\n input stream and returns whatever value that method returns.\nSee also:\n", "method_name": "read", "is_static": false, "params": [], "class_name": "PushbackInputStream", "return_value": {"return_description": ["the next byte of data, or -1 if the end of the\n             stream has been reached."], "return_name": [], "return_type": ["int"]}}, {"method_description": "Reads up to len bytes of data from this input stream into\n an array of bytes.  This method first reads any pushed-back bytes; after\n that, if fewer than len bytes have been read then it\n reads from the underlying input stream. If len is not zero, the method\n blocks until at least 1 byte of input is available; otherwise, no\n bytes are read and 0 is returned.\nSee also:\n", "method_name": "read", "is_static": false, "params": [{"param_type": "byte[]", "param_name": ["b"], "param_description": " the buffer into which the data is read."}, {"param_type": "int", "param_name": ["off"], "param_description": " the start offset in the destination array b"}, {"param_type": "int", "param_name": ["len"], "param_description": " the maximum number of bytes read."}], "class_name": "PushbackInputStream", "return_value": {"return_description": ["the total number of bytes read into the buffer, or\n             -1 if there is no more data because the end of\n             the stream has been reached."], "return_name": [], "return_type": ["int"]}}, {"method_description": "Repositions this stream to the position at the time the\n mark method was last called on this input stream.\n\n \n The method reset for class\n PushbackInputStream does nothing except throw an\n IOException.\nSee also:\n", "method_name": "reset", "is_static": false, "params": [], "class_name": "PushbackInputStream", "return_value": {"return_description": [""], "return_name": [], "return_type": []}}, {"method_description": "Skips over and discards n bytes of data from this\n input stream. The skip method may, for a variety of\n reasons, end up skipping over some smaller number of bytes,\n possibly zero.  If n is negative, no bytes are skipped.\n\n \n The skip method of PushbackInputStream\n first skips over the bytes in the pushback buffer, if any.  It then\n calls the skip method of the underlying input stream if\n more bytes need to be skipped.  The actual number of bytes skipped\n is returned.\nSee also:\n", "method_name": "skip", "is_static": false, "params": [{"param_type": "long", "param_name": ["n"], "param_description": " "}], "class_name": "PushbackInputStream", "return_value": {"return_description": ["the actual number of bytes skipped."], "return_name": [], "return_type": ["long"]}}, {"method_description": "Pushes back a portion of an array of bytes by copying it to the front\n of the pushback buffer.  After this method returns, the next byte to be\n read will have the value b[off], the byte after that will\n have the value b[off+1], and so forth.\n", "method_name": "unread", "is_static": false, "params": [{"param_type": "byte[]", "param_name": ["b"], "param_description": " the byte array to push back."}, {"param_type": "int", "param_name": ["off"], "param_description": " the start offset of the data."}, {"param_type": "int", "param_name": ["len"], "param_description": " the number of bytes to push back."}], "class_name": "PushbackInputStream", "return_value": {"return_description": [""], "return_name": [], "return_type": []}}, {"method_description": "Pushes back a byte by copying it to the front of the pushback buffer.\n After this method returns, the next byte to be read will have the value\n (byte)b.\n", "method_name": "unread", "is_static": false, "params": [{"param_type": "int", "param_name": ["b"], "param_description": " the int value whose low-order\n                  byte is to be pushed back."}], "class_name": "PushbackInputStream", "return_value": {"return_description": [""], "return_name": [], "return_type": []}}, {"method_description": "Pushes back an array of bytes by copying it to the front of the\n pushback buffer.  After this method returns, the next byte to be read\n will have the value b[0], the byte after that will have the\n value b[1], and so forth.\n", "method_name": "unread", "is_static": false, "params": [{"param_type": "byte[]", "param_name": ["b"], "param_description": " the byte array to push back"}], "class_name": "PushbackInputStream", "return_value": {"return_description": [""], "return_name": [], "return_type": []}}], "class_description": "A PushbackInputStream adds\n functionality to another input stream, namely\n the  ability to \"push back\" or \"unread\"\n one byte. This is useful in situations where\n it is  convenient for a fragment of code\n to read an indefinite number of data bytes\n that  are delimited by a particular byte\n value; after reading the terminating byte,\n the  code fragment can \"unread\" it, so that\n the next read operation on the input stream\n will reread the byte that was pushed back.\n For example, bytes representing the  characters\n constituting an identifier might be terminated\n by a byte representing an  operator character;\n a method whose job is to read just an identifier\n can read until it  sees the operator and\n then push the operator back to be re-read. ", "class_name": "PushbackInputStream"}