{"subclass_list": [], "interface_list": [""], "Vars": null, "class_inherit_list": ["FilterReader"], "package_name": "java.io", "class_key": null, "Methods": [{"method_description": "Creates a new pushback reader with a pushback buffer of the given size.\n", "method_name": "init", "is_static": false, "params": [{"param_type": "Reader", "param_name": ["in"], "param_description": " The reader from which characters will be read"}, {"param_type": "int", "param_name": ["size"], "param_description": " The size of the pushback buffer"}], "class_name": "PushbackReader", "return_value": {"return_description": [], "return_name": "", "return_type": []}}, {"method_description": "Creates a new pushback reader with a one-character pushback buffer.\n", "method_name": "init", "is_static": false, "params": [{"param_type": "Reader", "param_name": ["in"], "param_description": " The reader from which characters will be read\n"}], "class_name": "PushbackReader", "return_value": {"return_description": [], "return_name": "", "return_type": []}}, {"method_description": "Closes the stream and releases any system resources associated with\n it. Once the stream has been closed, further read(),\n unread(), ready(), or skip() invocations will throw an IOException.\n Closing a previously closed stream has no effect.\n", "method_name": "close", "is_static": false, "params": [], "class_name": "PushbackReader", "return_value": {"return_description": [""], "return_name": [], "return_type": []}}, {"method_description": "Marks the present position in the stream. The mark\n for class PushbackReader always throws an exception.\n", "method_name": "mark", "is_static": false, "params": [{"param_type": "int", "param_name": ["readAheadLimit"], "param_description": " Limit on the number of characters that may be\n                         read while still preserving the mark.  After\n                         reading this many characters, attempting to\n                         reset the stream may fail."}], "class_name": "PushbackReader", "return_value": {"return_description": [""], "return_name": [], "return_type": []}}, {"method_description": "Tells whether this stream supports the mark() operation, which it does\n not.\n\n", "method_name": "markSupported", "is_static": false, "params": [], "class_name": "PushbackReader", "return_value": {"return_description": ["true if and only if this stream supports the mark operation."], "return_name": [], "return_type": ["boolean"]}}, {"method_description": "Reads a single character.\n", "method_name": "read", "is_static": false, "params": [], "class_name": "PushbackReader", "return_value": {"return_description": ["The character read, or -1 if the end of the stream has been\n             reached"], "return_name": [], "return_type": ["int"]}}, {"method_description": "Reads characters into a portion of an array.\n", "method_name": "read", "is_static": false, "params": [{"param_type": "char[]", "param_name": ["cbuf"], "param_description": " Destination buffer"}, {"param_type": "int", "param_name": ["off"], "param_description": " Offset at which to start writing characters"}, {"param_type": "int", "param_name": ["len"], "param_description": " Maximum number of characters to read"}], "class_name": "PushbackReader", "return_value": {"return_description": ["The number of characters read, or -1 if the end of the\n             stream has been reached"], "return_name": [], "return_type": ["int"]}}, {"method_description": "Tells whether this stream is ready to be read.\n", "method_name": "ready", "is_static": false, "params": [], "class_name": "PushbackReader", "return_value": {"return_description": ["True if the next read() is guaranteed not to block for input,\n false otherwise.  Note that returning false does not guarantee that the\n next read will block."], "return_name": [], "return_type": ["boolean"]}}, {"method_description": "Resets the stream. The reset method of\n PushbackReader always throws an exception.\n", "method_name": "reset", "is_static": false, "params": [], "class_name": "PushbackReader", "return_value": {"return_description": [""], "return_name": [], "return_type": []}}, {"method_description": "Skips characters.  This method will block until some characters are\n available, an I/O error occurs, or the end of the stream is reached.\n", "method_name": "skip", "is_static": false, "params": [{"param_type": "long", "param_name": ["n"], "param_description": " The number of characters to skip"}], "class_name": "PushbackReader", "return_value": {"return_description": ["The number of characters actually skipped"], "return_name": [], "return_type": ["long"]}}, {"method_description": "Pushes back a portion of an array of characters by copying it to the\n front of the pushback buffer.  After this method returns, the next\n character to be read will have the value cbuf[off], the\n character after that will have the value cbuf[off+1], and\n so forth.\n", "method_name": "unread", "is_static": false, "params": [{"param_type": "char[]", "param_name": ["cbuf"], "param_description": " Character array"}, {"param_type": "int", "param_name": ["off"], "param_description": " Offset of first character to push back"}, {"param_type": "int", "param_name": ["len"], "param_description": " Number of characters to push back"}], "class_name": "PushbackReader", "return_value": {"return_description": [""], "return_name": [], "return_type": []}}, {"method_description": "Pushes back an array of characters by copying it to the front of the\n pushback buffer.  After this method returns, the next character to be\n read will have the value cbuf[0], the character after that\n will have the value cbuf[1], and so forth.\n", "method_name": "unread", "is_static": false, "params": [{"param_type": "char[]", "param_name": ["cbuf"], "param_description": " Character array to push back"}], "class_name": "PushbackReader", "return_value": {"return_description": [""], "return_name": [], "return_type": []}}, {"method_description": "Pushes back a single character by copying it to the front of the\n pushback buffer. After this method returns, the next character to be read\n will have the value (char)c.\n", "method_name": "unread", "is_static": false, "params": [{"param_type": "int", "param_name": ["c"], "param_description": " The int value representing a character to be pushed back"}], "class_name": "PushbackReader", "return_value": {"return_description": [""], "return_name": [], "return_type": []}}], "class_description": "A character-stream reader that allows characters to be pushed back into the\n stream. ", "class_name": "PushbackReader"}