{"subclass_list": ["BufferedReader", "CharArrayReader", "FilterReader", "InputStreamReader", "PipedReader", "StringReader", "BufferedReader", "CharArrayReader", "FilterReader", "InputStreamReader", "charset", "PipedReader", "StringReader"], "interface_list": ["Readable", "Closeable"], "Vars": null, "class_inherit_list": ["Object"], "package_name": "java.io", "class_key": null, "Methods": [], "class_description": "Abstract class for reading character streams.  The only methods that a\n subclass must implement are read(char[], int, int) and close().  Most\n subclasses, however, will override some of the methods defined here in order\n to provide higher efficiency, additional functionality, or both. ", "class_name": "Reader"}