{"subclass_list": [], "interface_list": [""], "Vars": null, "class_inherit_list": ["InputStream"], "package_name": "java.io", "class_key": null, "Methods": [{"method_description": "Initializes a newly created SequenceInputStream\n by remembering the argument, which must\n be an Enumeration  that produces\n objects whose run-time type is InputStream.\n The input streams that are  produced by\n the enumeration will be read, in order,\n to provide the bytes to be read  from this\n SequenceInputStream. After\n each input stream from the enumeration\n is exhausted, it is closed by calling its\n close method.\nSee also:\n", "method_name": "init", "is_static": false, "params": [{"param_type": "Enumeration", "param_name": ["e"], "param_description": " an enumeration of input streams."}], "class_name": "SequenceInputStream", "return_value": {"return_description": [], "return_name": "", "return_type": []}}, {"method_description": "Initializes a newly\n created SequenceInputStream\n by remembering the two arguments, which\n will be read in order, first s1\n and then s2, to provide the\n bytes to be read from this SequenceInputStream.\n", "method_name": "init", "is_static": false, "params": [{"param_type": "InputStream", "param_name": ["s1"], "param_description": " the first input stream to read."}, {"param_type": "InputStream", "param_name": ["s2"], "param_description": " the second input stream to read.\n"}], "class_name": "SequenceInputStream", "return_value": {"return_description": [], "return_name": "", "return_type": []}}, {"method_description": "Returns an estimate of the number of bytes that can be read (or\n skipped over) from the current underlying input stream without\n blocking by the next invocation of a method for the current\n underlying input stream. The next invocation might be\n the same thread or another thread.  A single read or skip of this\n many bytes will not block, but may read or skip fewer bytes.\n \n\n This method simply calls available of the current underlying\n input stream and returns the result.\n", "method_name": "available", "is_static": false, "params": [], "class_name": "SequenceInputStream", "return_value": {"return_description": ["an estimate of the number of bytes that can be read (or\n         skipped over) from the current underlying input stream\n         without blocking or 0 if this input stream\n         has been closed by invoking its close() method"], "return_name": [], "return_type": ["int"]}}, {"method_description": "Closes this input stream and releases any system resources\n associated with the stream.\n A closed SequenceInputStream\n cannot  perform input operations and cannot\n be reopened.\n \n\n If this stream was created\n from an enumeration, all remaining elements\n are requested from the enumeration and closed\n before the close method returns.\n", "method_name": "close", "is_static": false, "params": [], "class_name": "SequenceInputStream", "return_value": {"return_description": [""], "return_name": [], "return_type": []}}, {"method_description": "Reads the next byte of data from this input stream. The byte is\n returned as an int in the range 0 to\n 255. If no byte is available because the end of the\n stream has been reached, the value -1 is returned.\n This method blocks until input data is available, the end of the\n stream is detected, or an exception is thrown.\n \n\n This method\n tries to read one character from the current substream. If it\n reaches the end of the stream, it calls the close\n method of the current substream and begins reading from the next\n substream.\n", "method_name": "read", "is_static": false, "params": [], "class_name": "SequenceInputStream", "return_value": {"return_description": ["the next byte of data, or -1 if the end of the\n             stream is reached."], "return_name": [], "return_type": ["int"]}}, {"method_description": "Reads up to len bytes of data from this input stream\n into an array of bytes.  If len is not zero, the method\n blocks until at least 1 byte of input is available; otherwise, no\n bytes are read and 0 is returned.\n \n\n The read method of SequenceInputStream\n tries to read the data from the current substream. If it fails to\n read any characters because the substream has reached the end of\n the stream, it calls the close method of the current\n substream and begins reading from the next substream.\n", "method_name": "read", "is_static": false, "params": [{"param_type": "byte[]", "param_name": ["b"], "param_description": " the buffer into which the data is read."}, {"param_type": "int", "param_name": ["off"], "param_description": " the start offset in array b\n                   at which the data is written."}, {"param_type": "int", "param_name": ["len"], "param_description": " the maximum number of bytes read."}], "class_name": "SequenceInputStream", "return_value": {"return_description": ["int   the number of bytes read."], "return_name": [], "return_type": ["int"]}}], "class_description": "A SequenceInputStream represents\n the logical concatenation of other input\n streams. It starts out with an ordered\n collection of input streams and reads from\n the first one until end of file is reached,\n whereupon it reads from the second one,\n and so on, until end of file is reached\n on the last of the contained input streams. ", "class_name": "SequenceInputStream"}