{"subclass_list": [], "interface_list": [""], "Vars": null, "class_inherit_list": [], "package_name": "java.io", "class_key": null, "Methods": [], "class_description": "Serializability of a class is enabled by the class implementing the\n java.io.Serializable interface. Classes that do not implement this\n interface will not have any of their state serialized or\n deserialized.  All subtypes of a serializable class are themselves\n serializable.  The serialization interface has no methods or fields\n and serves only to identify the semantics of being serializable. To allow subtypes of non-serializable classes to be serialized, the\n subtype may assume responsibility for saving and restoring the\n state of the supertype's public, protected, and (if accessible)\n package fields.  The subtype may assume this responsibility only if\n the class it extends has an accessible no-arg constructor to\n initialize the class's state.  It is an error to declare a class\n Serializable if this is not the case.  The error will be detected at\n runtime. During deserialization, the fields of non-serializable classes will\n be initialized using the public or protected no-arg constructor of\n the class.  A no-arg constructor must be accessible to the subclass\n that is serializable.  The fields of serializable subclasses will\n be restored from the stream. When traversing a graph, an object may be encountered that does not\n support the Serializable interface. In this case the\n NotSerializableException will be thrown and will identify the class\n of the non-serializable object. Classes that require special handling during the serialization and\n deserialization process must implement special methods with these exact\n signatures: The writeObject method is responsible for writing the state of the\n object for its particular class so that the corresponding\n readObject method can restore it.  The default mechanism for saving\n the Object's fields can be invoked by calling\n out.defaultWriteObject. The method does not need to concern\n itself with the state belonging to its superclasses or subclasses.\n State is saved by writing the individual fields to the\n ObjectOutputStream using the writeObject method or by using the\n methods for primitive data types supported by DataOutput. The readObject method is responsible for reading from the stream and\n restoring the classes fields. It may call in.defaultReadObject to invoke\n the default mechanism for restoring the object's non-static and\n non-transient fields.  The defaultReadObject method uses information in\n the stream to assign the fields of the object saved in the stream with the\n correspondingly named fields in the current object.  This handles the case\n when the class has evolved to add new fields. The method does not need to\n concern itself with the state belonging to its superclasses or subclasses.\n State is saved by writing the individual fields to the\n ObjectOutputStream using the writeObject method or by using the\n methods for primitive data types supported by DataOutput. The readObjectNoData method is responsible for initializing the state of\n the object for its particular class in the event that the serialization\n stream does not list the given class as a superclass of the object being\n deserialized.  This may occur in cases where the receiving party uses a\n different version of the deserialized instance's class than the sending\n party, and the receiver's version extends classes that are not extended by\n the sender's version.  This may also occur if the serialization stream has\n been tampered; hence, readObjectNoData is useful for initializing\n deserialized objects properly despite a \"hostile\" or incomplete source\n stream. Serializable classes that need to designate an alternative object to be\n used when writing an object to the stream should implement this\n special method with the exact signature: This writeReplace method is invoked by serialization if the method\n exists and it would be accessible from a method defined within the\n class of the object being serialized. Thus, the method can have private,\n protected and package-private access. Subclass access to this method\n follows java accessibility rules. Classes that need to designate a replacement when an instance of it\n is read from the stream should implement this special method with the\n exact signature. This readResolve method follows the same invocation rules and\n accessibility rules as writeReplace. The serialization runtime associates with each serializable class a version\n number, called a serialVersionUID, which is used during deserialization to\n verify that the sender and receiver of a serialized object have loaded\n classes for that object that are compatible with respect to serialization.\n If the receiver has loaded a class for the object that has a different\n serialVersionUID than that of the corresponding sender's class, then\n deserialization will result in an InvalidClassException.  A\n serializable class can declare its own serialVersionUID explicitly by\n declaring a field named \"serialVersionUID\" that must be static,\n final, and of type long: ", "class_name": "Serializable"}