{"subclass_list": [], "interface_list": [""], "Vars": null, "class_inherit_list": ["ObjectStreamException"], "package_name": "java.io", "class_key": null, "Methods": [{"method_description": "Create a StreamCorruptedException and list a reason why thrown.\n", "method_name": "init", "is_static": false, "params": [{"param_type": "String", "param_name": ["reason"], "param_description": " String describing the reason for the exception.\n"}], "class_name": "StreamCorruptedException", "return_value": {"return_description": [], "return_name": "", "return_type": []}}, {"method_description": "Create a StreamCorruptedException and list no reason why thrown.\n\n", "method_name": "init", "is_static": false, "params": [], "class_name": "StreamCorruptedException", "return_value": {"return_description": [], "return_name": "", "return_type": []}}], "class_description": "Thrown when control information that was read from an object stream\n violates internal consistency checks. ", "class_name": "StreamCorruptedException"}