{"subclass_list": [], "interface_list": [""], "Vars": null, "class_inherit_list": ["Object"], "package_name": "java.io", "class_key": null, "Methods": [{"method_description": "\n\n\n      This constructor was deprecated\n      in API level 1.\n    As of JDK version 1.1, the preferred way to tokenize an\n input stream is to convert it into a character stream, for example:\n \nCreates a stream tokenizer that parses the specified input\n stream. The stream tokenizer is initialized to the following\n default state:\n \nSee also:\n", "method_name": "init", "is_static": false, "params": [{"param_type": "InputStream", "param_name": ["is"], "param_description": " an input stream."}], "class_name": "StreamTokenizer", "return_value": {"return_description": [], "return_name": "", "return_type": []}}, {"method_description": "Create a tokenizer that parses the given character stream.\n", "method_name": "init", "is_static": false, "params": [{"param_type": "Reader", "param_name": ["r"], "param_description": " a Reader object providing the input stream."}], "class_name": "StreamTokenizer", "return_value": {"return_description": [], "return_name": "", "return_type": []}}, {"method_description": "Specified that the character argument starts a single-line\n comment. All characters from the comment character to the end of\n the line are ignored by this stream tokenizer.\n\n \nAny other attribute settings for the specified character are cleared.\n", "method_name": "commentChar", "is_static": false, "params": [{"param_type": "int", "param_name": ["ch"], "param_description": " the character.\n"}], "class_name": "StreamTokenizer", "return_value": {"return_description": [""], "return_name": [], "return_type": []}}, {"method_description": "Determines whether or not ends of line are treated as tokens.\n If the flag argument is true, this tokenizer treats end of lines\n as tokens; the nextToken method returns\n TT_EOL and also sets the ttype field to\n this value when an end of line is read.\n \n\n A line is a sequence of characters ending with either a\n carriage-return character ('\\r') or a newline\n character ('\\n'). In addition, a carriage-return\n character followed immediately by a newline character is treated\n as a single end-of-line token.\n \n\n If the flag is false, end-of-line characters are\n treated as white space and serve only to separate tokens.\nSee also:\n", "method_name": "eolIsSignificant", "is_static": false, "params": [{"param_type": "boolean", "param_name": ["flag"], "param_description": " true indicates that end-of-line characters\n                 are separate tokens; false indicates that\n                 end-of-line characters are white space."}], "class_name": "StreamTokenizer", "return_value": {"return_description": [""], "return_name": [], "return_type": []}}, {"method_description": "Return the current line number.\n", "method_name": "lineno", "is_static": false, "params": [], "class_name": "StreamTokenizer", "return_value": {"return_description": ["the current line number of this stream tokenizer."], "return_name": [], "return_type": ["int"]}}, {"method_description": "Determines whether or not word token are automatically lowercased.\n If the flag argument is true, then the value in the\n sval field is lowercased whenever a word token is\n returned (the ttype field has the\n value TT_WORD by the nextToken method\n of this tokenizer.\n \n\n If the flag argument is false, then the\n sval field is not modified.\nSee also:\n", "method_name": "lowerCaseMode", "is_static": false, "params": [{"param_type": "boolean", "param_name": ["fl"], "param_description": " true indicates that all word tokens should\n               be lowercased."}], "class_name": "StreamTokenizer", "return_value": {"return_description": [""], "return_name": [], "return_type": []}}, {"method_description": "Parses the next token from the input stream of this tokenizer.\n The type of the next token is returned in the ttype\n field. Additional information about the token may be in the\n nval field or the sval field of this\n tokenizer.\n \n\n Typical clients of this\n class first set up the syntax tables and then sit in a loop\n calling nextToken to parse successive tokens until TT_EOF\n is returned.\nSee also:\n", "method_name": "nextToken", "is_static": false, "params": [], "class_name": "StreamTokenizer", "return_value": {"return_description": ["the value of the ttype field."], "return_name": [], "return_type": ["int"]}}, {"method_description": "Specifies that the character argument is \"ordinary\"\n in this tokenizer. It removes any special significance the\n character has as a comment character, word component, string\n delimiter, white space, or number character. When such a character\n is encountered by the parser, the parser treats it as a\n single-character token and sets ttype field to the\n character value.\n\n \nMaking a line terminator character \"ordinary\" may interfere\n with the ability of a StreamTokenizer to count\n lines. The lineno method may no longer reflect\n the presence of such terminator characters in its line count.\nSee also:\n", "method_name": "ordinaryChar", "is_static": false, "params": [{"param_type": "int", "param_name": ["ch"], "param_description": " the character."}], "class_name": "StreamTokenizer", "return_value": {"return_description": [""], "return_name": [], "return_type": []}}, {"method_description": "Specifies that all characters c in the range\n low\u00a0<=\u00a0c\u00a0<=\u00a0high\n are \"ordinary\" in this tokenizer. See the\n ordinaryChar method for more information on a\n character being ordinary.\nSee also:\n", "method_name": "ordinaryChars", "is_static": false, "params": [{"param_type": "int", "param_name": ["low"], "param_description": " the low end of the range."}, {"param_type": "int", "param_name": ["hi"], "param_description": " the high end of the range."}], "class_name": "StreamTokenizer", "return_value": {"return_description": [""], "return_name": [], "return_type": []}}, {"method_description": "Specifies that numbers should be parsed by this tokenizer. The\n syntax table of this tokenizer is modified so that each of the twelve\n characters:\n \n\n has the \"numeric\" attribute.\n \n\n When the parser encounters a word token that has the format of a\n double precision floating-point number, it treats the token as a\n number rather than a word, by setting the ttype\n field to the value TT_NUMBER and putting the numeric\n value of the token into the nval field.\nSee also:\n", "method_name": "parseNumbers", "is_static": false, "params": [], "class_name": "StreamTokenizer", "return_value": {"return_description": [""], "return_name": [], "return_type": []}}, {"method_description": "Causes the next call to the nextToken method of this\n tokenizer to return the current value in the ttype\n field, and not to modify the value in the nval or\n sval field.\nSee also:\n", "method_name": "pushBack", "is_static": false, "params": [], "class_name": "StreamTokenizer", "return_value": {"return_description": [""], "return_name": [], "return_type": []}}, {"method_description": "Specifies that matching pairs of this character delimit string\n constants in this tokenizer.\n \n\n When the nextToken method encounters a string\n constant, the ttype field is set to the string\n delimiter and the sval field is set to the body of\n the string.\n \n\n If a string quote character is encountered, then a string is\n recognized, consisting of all characters after (but not including)\n the string quote character, up to (but not including) the next\n occurrence of that same string quote character, or a line\n terminator, or end of file. The usual escape sequences such as\n \"\\n\" and \"\\t\" are recognized and\n converted to single characters as the string is parsed.\n\n \nAny other attribute settings for the specified character are cleared.\nSee also:\n", "method_name": "quoteChar", "is_static": false, "params": [{"param_type": "int", "param_name": ["ch"], "param_description": " the character."}], "class_name": "StreamTokenizer", "return_value": {"return_description": [""], "return_name": [], "return_type": []}}, {"method_description": "Resets this tokenizer's syntax table so that all characters are\n \"ordinary.\" See the ordinaryChar method\n for more information on a character being ordinary.\nSee also:\n", "method_name": "resetSyntax", "is_static": false, "params": [], "class_name": "StreamTokenizer", "return_value": {"return_description": [""], "return_name": [], "return_type": []}}, {"method_description": "Determines whether or not the tokenizer recognizes C++-style comments.\n If the flag argument is true, this stream tokenizer\n recognizes C++-style comments. Any occurrence of two consecutive\n slash characters ('/') is treated as the beginning of\n a comment that extends to the end of the line.\n \n\n If the flag argument is false, then C++-style\n comments are not treated specially.\n", "method_name": "slashSlashComments", "is_static": false, "params": [{"param_type": "boolean", "param_name": ["flag"], "param_description": " true indicates to recognize and ignore\n                 C++-style comments.\n"}], "class_name": "StreamTokenizer", "return_value": {"return_description": [""], "return_name": [], "return_type": []}}, {"method_description": "Determines whether or not the tokenizer recognizes C-style comments.\n If the flag argument is true, this stream tokenizer\n recognizes C-style comments. All text between successive\n occurrences of /* and */ are discarded.\n \n\n If the flag argument is false, then C-style comments\n are not treated specially.\n", "method_name": "slashStarComments", "is_static": false, "params": [{"param_type": "boolean", "param_name": ["flag"], "param_description": " true indicates to recognize and ignore\n                 C-style comments.\n"}], "class_name": "StreamTokenizer", "return_value": {"return_description": [""], "return_name": [], "return_type": []}}, {"method_description": "Returns the string representation of the current stream token and\n the line number it occurs on.\n\n \nThe precise string returned is unspecified, although the following\n example can be considered typical:\n\n \nSee also:\n", "method_name": "toString", "is_static": false, "params": [], "class_name": "StreamTokenizer", "return_value": {"return_description": ["a string representation of the token"], "return_name": [], "return_type": ["String"]}}, {"method_description": "Specifies that all characters c in the range\n low\u00a0<=\u00a0c\u00a0<=\u00a0high\n are white space characters. White space characters serve only to\n separate tokens in the input stream.\n\n \nAny other attribute settings for the characters in the specified\n range are cleared.\n", "method_name": "whitespaceChars", "is_static": false, "params": [{"param_type": "int", "param_name": ["low"], "param_description": " the low end of the range."}, {"param_type": "int", "param_name": ["hi"], "param_description": " the high end of the range.\n"}], "class_name": "StreamTokenizer", "return_value": {"return_description": [""], "return_name": [], "return_type": []}}, {"method_description": "Specifies that all characters c in the range\n low\u00a0<=\u00a0c\u00a0<=\u00a0high\n are word constituents. A word token consists of a word constituent\n followed by zero or more word constituents or number constituents.\n", "method_name": "wordChars", "is_static": false, "params": [{"param_type": "int", "param_name": ["low"], "param_description": " the low end of the range."}, {"param_type": "int", "param_name": ["hi"], "param_description": " the high end of the range.\n"}], "class_name": "StreamTokenizer", "return_value": {"return_description": [""], "return_name": [], "return_type": []}}], "class_description": "The StreamTokenizer class takes an input stream and\n parses it into \"tokens\", allowing the tokens to be\n read one at a time. The parsing process is controlled by a table\n and a number of flags that can be set to various states. The\n stream tokenizer can recognize identifiers, numbers, quoted\n strings, and various comment styles. Each byte read from the input stream is regarded as a character\n in the range '\\u0000' through '\\u00FF'.\n The character value is used to look up five possible attributes of\n the character: white space, alphabetic,\n numeric, string quote, and comment character.\n Each character can have zero or more of these attributes. In addition, an instance has four flags. These flags indicate: A typical application first constructs an instance of this class,\n sets up the syntax tables, and then repeatedly loops calling the\n nextToken method in each iteration of the loop until\n it returns the value TT_EOF. ", "class_name": "StreamTokenizer"}