{"subclass_list": [], "interface_list": [""], "Vars": null, "class_inherit_list": ["Writer"], "package_name": "java.io", "class_key": null, "Methods": [{"method_description": "Create a new string writer using the default initial string-buffer\n size.\n\n", "method_name": "init", "is_static": false, "params": [], "class_name": "StringWriter", "return_value": {"return_description": [], "return_name": "", "return_type": []}}, {"method_description": "Create a new string writer using the specified initial string-buffer\n size.\n", "method_name": "init", "is_static": false, "params": [{"param_type": "int", "param_name": ["initialSize"], "param_description": " The number of char values that will fit into this buffer\n        before it is automatically expanded"}], "class_name": "StringWriter", "return_value": {"return_description": [], "return_name": "", "return_type": []}}, {"method_description": "Appends the specified character to this writer.\n\n \n An invocation of this method of the form out.append(c)\n behaves in exactly the same way as the invocation\n\n \n", "method_name": "append", "is_static": false, "params": [{"param_type": "char", "param_name": ["c"], "param_description": " The 16-bit character to append"}], "class_name": "StringWriter", "return_value": {"return_description": ["This writer"], "return_name": [], "return_type": ["StringWriter"]}}, {"method_description": "Appends a subsequence of the specified character sequence to this writer.\n\n \n An invocation of this method of the form out.append(csq, start,\n end) when csq is not null, behaves in\n exactly the same way as the invocation\n\n \n", "method_name": "append", "is_static": false, "params": [{"param_type": "CharSequence", "param_name": ["csq"], "param_description": " The character sequence from which a subsequence will be\n         appended.  If csq is null, then characters\n         will be appended as if csq contained the four\n         characters \"null\"."}, {"param_type": "int", "param_name": ["start"], "param_description": " The index of the first character in the subsequence"}, {"param_type": "int", "param_name": ["end"], "param_description": " The index of the character following the last character in the\n         subsequence"}], "class_name": "StringWriter", "return_value": {"return_description": ["This writer"], "return_name": [], "return_type": ["StringWriter"]}}, {"method_description": "Appends the specified character sequence to this writer.\n\n \n An invocation of this method of the form out.append(csq)\n behaves in exactly the same way as the invocation\n\n \n Depending on the specification of toString for the\n character sequence csq, the entire sequence may not be\n appended. For instance, invoking the toString method of a\n character buffer will return a subsequence whose content depends upon\n the buffer's position and limit.\n", "method_name": "append", "is_static": false, "params": [{"param_type": "CharSequence", "param_name": ["csq"], "param_description": " The character sequence to append.  If csq is\n         null, then the four characters \"null\" are\n         appended to this writer."}], "class_name": "StringWriter", "return_value": {"return_description": ["This writer"], "return_name": [], "return_type": ["StringWriter"]}}, {"method_description": "Closing a StringWriter has no effect. The methods in this\n class can be called after the stream has been closed without generating\n an IOException.\n\n", "method_name": "close", "is_static": false, "params": [], "class_name": "StringWriter", "return_value": {"return_description": [""], "return_name": [], "return_type": []}}, {"method_description": "Flush the stream.\n\n", "method_name": "flush", "is_static": false, "params": [], "class_name": "StringWriter", "return_value": {"return_description": [""], "return_name": [], "return_type": []}}, {"method_description": "Return the string buffer itself.\n", "method_name": "getBuffer", "is_static": false, "params": [], "class_name": "StringWriter", "return_value": {"return_description": ["StringBuffer holding the current buffer value."], "return_name": [], "return_type": ["StringBuffer"]}}, {"method_description": "Return the buffer's current value as a string.\n\n", "method_name": "toString", "is_static": false, "params": [], "class_name": "StringWriter", "return_value": {"return_description": ["a string representation of the object."], "return_name": [], "return_type": ["String"]}}, {"method_description": "Write a string.\n\n", "method_name": "write", "is_static": false, "params": [{"param_type": "String", "param_name": ["str"], "param_description": " String to be written"}], "class_name": "StringWriter", "return_value": {"return_description": [""], "return_name": [], "return_type": []}}, {"method_description": "Write a single character.\n\n", "method_name": "write", "is_static": false, "params": [{"param_type": "int", "param_name": ["c"], "param_description": " int specifying a character to be written"}], "class_name": "StringWriter", "return_value": {"return_description": [""], "return_name": [], "return_type": []}}, {"method_description": "Write a portion of a string.\n", "method_name": "write", "is_static": false, "params": [{"param_type": "String", "param_name": ["str"], "param_description": " String to be written"}, {"param_type": "int", "param_name": ["off"], "param_description": " Offset from which to start writing characters"}, {"param_type": "int", "param_name": ["len"], "param_description": " Number of characters to write\n"}], "class_name": "StringWriter", "return_value": {"return_description": [""], "return_name": [], "return_type": []}}, {"method_description": "Write a portion of an array of characters.\n", "method_name": "write", "is_static": false, "params": [{"param_type": "char[]", "param_name": ["cbuf"], "param_description": " Array of characters"}, {"param_type": "int", "param_name": ["off"], "param_description": " Offset from which to start writing characters"}, {"param_type": "int", "param_name": ["len"], "param_description": " Number of characters to write\n"}], "class_name": "StringWriter", "return_value": {"return_description": [""], "return_name": [], "return_type": []}}], "class_description": "A character stream that collects its output in a string buffer, which can\n then be used to construct a string. Closing a StringWriter has no effect. The methods in this class\n can be called after the stream has been closed without generating an\n IOException. ", "class_name": "StringWriter"}