{"subclass_list": [], "interface_list": [""], "Vars": null, "class_inherit_list": ["IOException"], "package_name": "java.io", "class_key": null, "Methods": [{"method_description": "Constructs an SyncFailedException with a detail message.\n A detail message is a String that describes this particular exception.\n", "method_name": "init", "is_static": false, "params": [{"param_type": "String", "param_name": ["desc"], "param_description": " a String describing the exception.\n"}], "class_name": "SyncFailedException", "return_value": {"return_description": [], "return_name": "", "return_type": []}}], "class_description": "Signals that a sync operation has failed. ", "class_name": "SyncFailedException"}