{"subclass_list": [], "interface_list": [""], "Vars": null, "class_inherit_list": ["RuntimeException"], "package_name": "java.io", "class_key": null, "Methods": [{"method_description": "Constructs an instance of this class.\n", "method_name": "init", "is_static": false, "params": [{"param_type": "String", "param_name": ["message"], "param_description": " the detail message, can be null"}, {"param_type": "IOException", "param_name": ["cause"], "param_description": " the IOException"}], "class_name": "UncheckedIOException", "return_value": {"return_description": [], "return_name": "", "return_type": []}}, {"method_description": "Constructs an instance of this class.\n", "method_name": "init", "is_static": false, "params": [{"param_type": "IOException", "param_name": ["cause"], "param_description": " the IOException"}], "class_name": "UncheckedIOException", "return_value": {"return_description": [], "return_name": "", "return_type": []}}, {"method_description": "Returns the cause of this exception.\n", "method_name": "getCause", "is_static": false, "params": [], "class_name": "UncheckedIOException", "return_value": {"return_description": ["the IOException which is the cause of this exception."], "return_name": [], "return_type": ["IOException"]}}], "class_description": "Wraps an IOException with an unchecked exception. ", "class_name": "UncheckedIOException"}