{"subclass_list": [], "interface_list": [""], "Vars": null, "class_inherit_list": ["IOException"], "package_name": "java.io", "class_key": null, "Methods": [{"method_description": "Constructs an UnsupportedEncodingException without a detail message.\n\n", "method_name": "init", "is_static": false, "params": [], "class_name": "UnsupportedEncodingException", "return_value": {"return_description": [], "return_name": "", "return_type": []}}, {"method_description": "Constructs an UnsupportedEncodingException with a detail message.\n", "method_name": "init", "is_static": false, "params": [{"param_type": "String", "param_name": ["s"], "param_description": " Describes the reason for the exception.\n"}], "class_name": "UnsupportedEncodingException", "return_value": {"return_description": [], "return_name": "", "return_type": []}}], "class_description": "The Character Encoding is not supported. ", "class_name": "UnsupportedEncodingException"}