{"subclass_list": [], "interface_list": [""], "Vars": null, "class_inherit_list": ["IOException"], "package_name": "java.io", "class_key": null, "Methods": [{"method_description": "Constructs a UTFDataFormatException with\n null as its error detail message.\n\n", "method_name": "init", "is_static": false, "params": [], "class_name": "UTFDataFormatException", "return_value": {"return_description": [], "return_name": "", "return_type": []}}, {"method_description": "Constructs a UTFDataFormatException with the\n specified detail message. The string s can be\n retrieved later by the\n Throwable.getMessage()\n method of class java.lang.Throwable.\n", "method_name": "init", "is_static": false, "params": [{"param_type": "String", "param_name": ["s"], "param_description": " the detail message.\n"}], "class_name": "UTFDataFormatException", "return_value": {"return_description": [], "return_name": "", "return_type": []}}], "class_description": "Signals that a malformed string in\n modified UTF-8\n format has been read in a data\n input stream or by any class that implements the data input\n interface.\n See the\n DataInput\n class description for the format in\n which modified UTF-8 strings are read and written. ", "class_name": "UTFDataFormatException"}