{"subclass_list": [], "interface_list": [""], "Vars": null, "class_inherit_list": ["ObjectStreamException"], "package_name": "java.io", "class_key": null, "Methods": [{"method_description": "Constructs a WriteAbortedException with a string describing\n the exception and the exception causing the abort.\n", "method_name": "init", "is_static": false, "params": [{"param_type": "String", "param_name": ["s"], "param_description": " String describing the exception."}, {"param_type": "Exception", "param_name": ["ex"], "param_description": " Exception causing the abort.\n"}], "class_name": "WriteAbortedException", "return_value": {"return_description": [], "return_name": "", "return_type": []}}, {"method_description": "Returns the exception that terminated the operation (the cause).\n", "method_name": "getCause", "is_static": false, "params": [], "class_name": "WriteAbortedException", "return_value": {"return_description": ["the exception that terminated the operation (the cause),\n          which may be null."], "return_name": [], "return_type": ["Throwable"]}}, {"method_description": "Produce the message and include the message from the nested\n exception, if there is one.\n\n", "method_name": "getMessage", "is_static": false, "params": [], "class_name": "WriteAbortedException", "return_value": {"return_description": ["the detail message string of this Throwable instance\n          (which may be null)."], "return_name": [], "return_type": ["String"]}}], "class_description": "Signals that one of the ObjectStreamExceptions was thrown during a\n write operation.  Thrown during a read operation when one of the\n ObjectStreamExceptions was thrown during a write operation.  The\n exception that terminated the write can be found in the detail\n field. The stream is reset to it's initial state and all references\n to objects already deserialized are discarded. As of release 1.4, this exception has been retrofitted to conform to\n the general purpose exception-chaining mechanism.  The \"exception causing\n the abort\" that is provided at construction time and\n accessed via the public detail field is now known as the\n cause, and may be accessed via the Throwable.getCause()\n method, as well as the aforementioned \"legacy field.\" ", "class_name": "WriteAbortedException"}