{"subclass_list": [], "interface_list": [""], "Vars": null, "class_inherit_list": ["Object"], "package_name": "java.nio.charset.spi", "class_key": null, "Methods": [], "class_description": "Charset service-provider class. A charset provider is a concrete subclass of this class that has a\n zero-argument constructor and some number of associated charset\n implementation classes.  Charset providers may be installed in an instance\n of the Java platform as extensions, that is, jar files placed into any of\n the usual extension directories.  Providers may also be made available by\n adding them to the applet or application class path or by some other\n platform-specific means.  Charset providers are looked up via the current\n thread's context class\n loader. A charset provider identifies itself with a provider-configuration file\n named java.nio.charset.spi.CharsetProvider in the resource\n directory META-INF/services.  The file should contain a list of\n fully-qualified concrete charset-provider class names, one per line.  A line\n is terminated by any one of a line feed ('\\n'), a carriage return\n ('\\r'), or a carriage return followed immediately by a line feed.\n Space and tab characters surrounding each name, as well as blank lines, are\n ignored.  The comment character is '#' ('\\u0023'); on\n each line all characters following the first comment character are ignored.\n The file must be encoded in UTF-8. If a particular concrete charset provider class is named in more than\n one configuration file, or is named in the same configuration file more than\n once, then the duplicates will be ignored.  The configuration file naming a\n particular provider need not be in the same jar file or other distribution\n unit as the provider itself.  The provider must be accessible from the same\n class loader that was initially queried to locate the configuration file;\n this is not necessarily the class loader that loaded the file. ", "class_name": "CharsetProvider"}