{"subclass_list": [], "interface_list": ["Serializable"], "Vars": null, "class_inherit_list": ["Object"], "package_name": "java.math", "class_key": null, "Methods": [{"method_description": "Constructs a new MathContext with the specified precision and\n with the rounding mode HALF_UP. If the\n precision passed is zero, then this implies that the computations have to\n be performed exact, the rounding mode in this case is irrelevant.\n", "method_name": "init", "is_static": false, "params": [{"param_type": "int", "param_name": ["precision"], "param_description": " the precision for the new MathContext."}], "class_name": "MathContext", "return_value": {"return_description": [], "return_name": "", "return_type": []}}, {"method_description": "Constructs a new MathContext with the specified precision and\n with the specified rounding mode. If the precision passed is zero, then\n this implies that the computations have to be performed exact, the\n rounding mode in this case is irrelevant.\n", "method_name": "init", "is_static": false, "params": [{"param_type": "int", "param_name": ["precision"], "param_description": " the precision for the new MathContext."}, {"param_type": "RoundingMode", "param_name": ["roundingMode"], "param_description": " the rounding mode for the new MathContext."}], "class_name": "MathContext", "return_value": {"return_description": [], "return_name": "", "return_type": []}}, {"method_description": "Constructs a new MathContext from a string. The string has to\n specify the precision and the rounding mode to be used and has to follow\n the following syntax: \"precision=<precision> roundingMode=<roundingMode>\"\n This is the same form as the one returned by the toString()\n method.\n", "method_name": "init", "is_static": false, "params": [{"param_type": "String", "param_name": ["s"], "param_description": "\nString "}], "class_name": "MathContext", "return_value": {"return_description": [], "return_name": "", "return_type": []}}, {"method_description": "Returns true if x is a MathContext with the same precision\n setting and the same rounding mode as this MathContext instance.\n", "method_name": "equals", "is_static": false, "params": [{"param_type": "Object", "param_name": ["x"], "param_description": " object to be compared."}], "class_name": "MathContext", "return_value": {"return_description": ["true if this MathContext instance is equal to the\n         x argument; false otherwise."], "return_name": [], "return_type": ["boolean"]}}, {"method_description": "Returns the precision. The precision is the number of digits used for an\n operation. Results are rounded to this precision. The precision is\n guaranteed to be non negative. If the precision is zero, then the\n computations have to be performed exact, results are not rounded in this\n case.\n", "method_name": "getPrecision", "is_static": false, "params": [], "class_name": "MathContext", "return_value": {"return_description": ["the precision."], "return_name": [], "return_type": ["int"]}}, {"method_description": "Returns the rounding mode. The rounding mode is the strategy to be used\n to round results.\n \n\n The rounding mode is one of\n RoundingMode.UP,\n RoundingMode.DOWN,\n RoundingMode.CEILING,\n RoundingMode.FLOOR,\n RoundingMode.HALF_UP,\n RoundingMode.HALF_DOWN,\n RoundingMode.HALF_EVEN, or\n RoundingMode.UNNECESSARY.\n", "method_name": "getRoundingMode", "is_static": false, "params": [], "class_name": "MathContext", "return_value": {"return_description": ["the rounding mode."], "return_name": [], "return_type": ["RoundingMode"]}}, {"method_description": "Returns the hash code for this MathContext instance.\n", "method_name": "hashCode", "is_static": false, "params": [], "class_name": "MathContext", "return_value": {"return_description": ["the hash code for this MathContext."], "return_name": [], "return_type": ["int"]}}, {"method_description": "Returns the string representation for this MathContext instance.\n The string has the form\n \"precision=<precision> roundingMode=<roundingMode>\"\n  where <precision> is an integer describing the number\n of digits used for operations and <roundingMode> is the\n string representation of the rounding mode.\n", "method_name": "toString", "is_static": false, "params": [], "class_name": "MathContext", "return_value": {"return_description": ["a string representation for this MathContext instance"], "return_name": [], "return_type": ["String"]}}], "class_description": "Immutable objects describing settings such as rounding mode and digit\n precision for the numerical operations provided by class BigDecimal. ", "class_name": "MathContext"}