{"subclass_list": ["MalformedInputException", "UnmappableCharacterException", "MalformedInputException", "UnmappableCharacterException"], "interface_list": [""], "Vars": null, "class_inherit_list": ["IOException"], "package_name": "java.nio.charset", "class_key": null, "Methods": [{"method_description": "Constructs an instance of this class.\n\n", "method_name": "init", "is_static": false, "params": [], "class_name": "CharacterCodingException", "return_value": {"return_description": [], "return_name": "", "return_type": []}}], "class_description": "Checked exception thrown when a character encoding\n or decoding error occurs. ", "class_name": "CharacterCodingException"}