{"subclass_list": [], "interface_list": [""], "Vars": null, "class_inherit_list": ["Error"], "package_name": "java.nio.charset", "class_key": null, "Methods": [{"method_description": "Initializes an instance of this class.\n", "method_name": "init", "is_static": false, "params": [{"param_type": "Exception", "param_name": ["cause"], "param_description": " The unexpected exception that was thrown\n"}], "class_name": "CoderMalfunctionError", "return_value": {"return_description": [], "return_name": "", "return_type": []}}], "class_description": "Error thrown when the decodeLoop method of\n a CharsetDecoder, or the encodeLoop method of a CharsetEncoder, throws an unexpected\n exception. ", "class_name": "CoderMalfunctionError"}