{"subclass_list": [], "interface_list": [""], "Vars": null, "class_inherit_list": ["Object"], "package_name": "java.nio.charset", "class_key": null, "Methods": [], "class_description": "A description of the result state of a coder. A charset coder, that is, either a decoder or an encoder, consumes bytes\n (or characters) from an input buffer, translates them, and writes the\n resulting characters (or bytes) to an output buffer.  A coding process\n terminates for one of four categories of reasons, which are described by\n instances of this class: For convenience, the isError method returns true\n for result objects that describe malformed-input and unmappable-character\n errors but false for those that describe underflow or overflow\n conditions. ", "class_name": "CoderResult"}