{"subclass_list": [], "interface_list": [""], "Vars": null, "class_inherit_list": ["IllegalArgumentException"], "package_name": "java.nio.charset", "class_key": null, "Methods": [{"method_description": "Constructs an instance of this class. \n", "method_name": "init", "is_static": false, "params": [{"param_type": "String", "param_name": ["charsetName"], "param_description": " The illegal charset name\n"}], "class_name": "IllegalCharsetNameException", "return_value": {"return_description": [], "return_name": "", "return_type": []}}, {"method_description": "Retrieves the illegal charset name. \n", "method_name": "getCharsetName", "is_static": false, "params": [], "class_name": "IllegalCharsetNameException", "return_value": {"return_description": ["The illegal charset name"], "return_name": [], "return_type": ["String"]}}], "class_description": "Unchecked exception thrown when a string that is not a\n legal charset name is used as such. ", "class_name": "IllegalCharsetNameException"}