{"subclass_list": [], "interface_list": [""], "Vars": null, "class_inherit_list": ["CharacterCodingException"], "package_name": "java.nio.charset", "class_key": null, "Methods": [{"method_description": "Constructs an UnmappableCharacterException with the\n given length.\n", "method_name": "init", "is_static": false, "params": [{"param_type": "int", "param_name": ["inputLength"], "param_description": " the length of the input\n"}], "class_name": "UnmappableCharacterException", "return_value": {"return_description": [], "return_name": "", "return_type": []}}, {"method_description": "Returns the length of the input.\n", "method_name": "getInputLength", "is_static": false, "params": [], "class_name": "UnmappableCharacterException", "return_value": {"return_description": ["the length of the input"], "return_name": [], "return_type": ["int"]}}, {"method_description": "Returns the message.\n", "method_name": "getMessage", "is_static": false, "params": [], "class_name": "UnmappableCharacterException", "return_value": {"return_description": ["the message"], "return_name": [], "return_type": ["String"]}}], "class_description": "Checked exception thrown when an input character (or byte) sequence\n is valid but cannot be mapped to an output byte (or character)\n sequence. ", "class_name": "UnmappableCharacterException"}