{"subclass_list": [], "interface_list": [""], "Vars": null, "class_inherit_list": ["IllegalArgumentException"], "package_name": "java.nio.charset", "class_key": null, "Methods": [{"method_description": "Constructs an instance of this class. \n", "method_name": "init", "is_static": false, "params": [{"param_type": "String", "param_name": ["charsetName"], "param_description": " The name of the unsupported charset\n"}], "class_name": "UnsupportedCharsetException", "return_value": {"return_description": [], "return_name": "", "return_type": []}}, {"method_description": "Retrieves the name of the unsupported charset. \n", "method_name": "getCharsetName", "is_static": false, "params": [], "class_name": "UnsupportedCharsetException", "return_value": {"return_description": ["The name of the unsupported charset"], "return_name": [], "return_type": ["String"]}}], "class_description": "Unchecked exception thrown when no support is available\n for a requested charset. ", "class_name": "UnsupportedCharsetException"}