{"subclass_list": [], "interface_list": [""], "Vars": null, "class_inherit_list": ["CertificateException"], "package_name": "java.security.cert", "class_key": null, "Methods": [{"method_description": "Constructs a CertificateExpiredException with no detail message. A\n detail message is a String that describes this particular\n exception.\n\n", "method_name": "init", "is_static": false, "params": [], "class_name": "CertificateExpiredException", "return_value": {"return_description": [], "return_name": "", "return_type": []}}, {"method_description": "Constructs a CertificateExpiredException with the specified detail\n message. A detail message is a String that describes this\n particular exception.\n", "method_name": "init", "is_static": false, "params": [{"param_type": "String", "param_name": ["message"], "param_description": " the detail message.\n"}], "class_name": "CertificateExpiredException", "return_value": {"return_description": [], "return_name": "", "return_type": []}}], "class_description": "Certificate Expired Exception. This is thrown whenever the current\n Date or the specified Date is after the\n notAfter date/time specified in the validity period\n of the certificate. ", "class_name": "CertificateExpiredException"}