{"subclass_list": ["CertificateEncodingException", "CertificateExpiredException", "CertificateNotYetValidException", "CertificateParsingException", "CertificateRevokedException", "CertificateEncodingException", "CertificateExpiredException", "CertificateNotYetValidException", "CertificateParsingException", "CertificateRevokedException"], "interface_list": [""], "Vars": null, "class_inherit_list": ["GeneralSecurityException"], "package_name": "java.security.cert", "class_key": null, "Methods": [{"method_description": "Constructs a certificate exception with no detail message. A detail\n message is a String that describes this particular exception.\n\n", "method_name": "init", "is_static": false, "params": [], "class_name": "CertificateException", "return_value": {"return_description": [], "return_name": "", "return_type": []}}, {"method_description": "Constructs a certificate exception with the given detail\n message. A detail message is a String that describes this\n particular exception.\n", "method_name": "init", "is_static": false, "params": [{"param_type": "String", "param_name": ["msg"], "param_description": " the detail message.\n"}], "class_name": "CertificateException", "return_value": {"return_description": [], "return_name": "", "return_type": []}}, {"method_description": "Creates a CertificateException with the specified\n detail message and cause.\n", "method_name": "init", "is_static": false, "params": [{"param_type": "String", "param_name": ["message"], "param_description": " the detail message (which is saved for later retrieval\n        by the Throwable.getMessage() method)."}, {"param_type": "Throwable", "param_name": ["cause"], "param_description": " the cause (which is saved for later retrieval by the\n        Throwable.getCause() method).  (A null value is permitted,\n        and indicates that the cause is nonexistent or unknown.)"}], "class_name": "CertificateException", "return_value": {"return_description": [], "return_name": "", "return_type": []}}, {"method_description": "Creates a CertificateException with the specified cause\n and a detail message of (cause==null ? null : cause.toString())\n (which typically contains the class and detail message of\n cause).\n", "method_name": "init", "is_static": false, "params": [{"param_type": "Throwable", "param_name": ["cause"], "param_description": " the cause (which is saved for later retrieval by the\n        Throwable.getCause() method).  (A null value is permitted,\n        and indicates that the cause is nonexistent or unknown.)"}], "class_name": "CertificateException", "return_value": {"return_description": [], "return_name": "", "return_type": []}}], "class_description": "This exception indicates one of a variety of certificate problems. ", "class_name": "CertificateException"}