{"subclass_list": [], "interface_list": [""], "Vars": null, "class_inherit_list": ["CertificateException"], "package_name": "java.security.cert", "class_key": null, "Methods": [{"method_description": "Constructs a CertificateEncodingException with no detail message. A\n detail message is a String that describes this particular\n exception.\n\n", "method_name": "init", "is_static": false, "params": [], "class_name": "CertificateEncodingException", "return_value": {"return_description": [], "return_name": "", "return_type": []}}, {"method_description": "Constructs a CertificateEncodingException with the specified detail\n message. A detail message is a String that describes this\n particular exception.\n", "method_name": "init", "is_static": false, "params": [{"param_type": "String", "param_name": ["message"], "param_description": " the detail message.\n"}], "class_name": "CertificateEncodingException", "return_value": {"return_description": [], "return_name": "", "return_type": []}}, {"method_description": "Creates a CertificateEncodingException with the specified\n detail message and cause.\n", "method_name": "init", "is_static": false, "params": [{"param_type": "String", "param_name": ["message"], "param_description": " the detail message (which is saved for later retrieval\n        by the Throwable.getMessage() method)."}, {"param_type": "Throwable", "param_name": ["cause"], "param_description": " the cause (which is saved for later retrieval by the\n        Throwable.getCause() method).  (A null value is permitted,\n        and indicates that the cause is nonexistent or unknown.)"}], "class_name": "CertificateEncodingException", "return_value": {"return_description": [], "return_name": "", "return_type": []}}, {"method_description": "Creates a CertificateEncodingException\n with the specified cause and a detail message of\n (cause==null ? null : cause.toString())\n (which typically contains the class and detail message of\n cause).\n", "method_name": "init", "is_static": false, "params": [{"param_type": "Throwable", "param_name": ["cause"], "param_description": " the cause (which is saved for later retrieval by the\n        Throwable.getCause() method).  (A null value is permitted,\n        and indicates that the cause is nonexistent or unknown.)"}], "class_name": "CertificateEncodingException", "return_value": {"return_description": [], "return_name": "", "return_type": []}}], "class_description": "Certificate Encoding Exception. This is thrown whenever an error\n occurs while attempting to encode a certificate. ", "class_name": "CertificateEncodingException"}